first_observation_date,observation_dates,observation_count,next_day_occurrences,kickoff_at_utc,country_code,country_name,league_id,league_name,season_id,season_label,fotmob_match_id,home_team_id,home_team_name,away_team_id,away_team_name,round,match_status,detail_status,data_quality,stats_period,second_half_goals,second_half_goal_class
2026-07-01,2026-07-01,1,0,2026-06-30T23:00:00+00:00,BRA,Brasilien,8814,Serie B,calendar-2026-27,2026/27,5190579,8355,Botafogo SP,104821,CRB,15,finished,FETCHED,COMPLETE,FULL_MATCH,0,0
2026-07-01,2026-07-01,1,0,2026-07-01T02:00:00+00:00,INT,International,77,WM,calendar-2026-27,2026/27,4653713,6710,Mexico,6707,Ecuador,1/16,finished,FETCHED,COMPLETE,FULL_MATCH,0,0
2026-07-01,2026-07-01,1,0,2026-07-01T15:00:00+00:00,LVA,Lettland,226,Virsliga,calendar-2026-27,2026/27,5162021,197870,FK Tukums 2000,981193,SK Super Nova,21,finished,FETCHED,COMPLETE,FULL_MATCH,1,1
2026-07-01,2026-07-01,1,0,2026-07-01T16:00:00+00:00,INT,International,77,WM,calendar-2026-27,2026/27,4653714,8491,England,6321,DR Congo,1/16,finished,FETCHED,COMPLETE,FULL_MATCH,2,2_PLUS
2026-07-01,2026-07-01,1,0,2026-07-01T17:00:00+00:00,CAN,Kanada,9986,Premier League,calendar-2026-27,2026/27,1000008670,1022955,Forge FC,1436202,Vancouver FC,11,finished,FETCHED,COMPLETE,FULL_MATCH,3,2_PLUS
2026-07-01,2026-07-01,1,0,2026-07-01T17:00:00+00:00,WAL,Wales,287,UEFA U19 Championship,calendar-2026-27,2026/27,5344657,401878,Denmark U19,5932,Spain U19,2,finished,FETCHED,COMPLETE,FULL_MATCH,2,2_PLUS
2026-07-01,2026-07-01,1,0,2026-07-01T19:00:00+00:00,WAL,Wales,287,UEFA U19 Championship,calendar-2026-27,2026/27,5344658,401892,Wales U19,6590,Germany U19,2,finished,FETCHED,COMPLETE,FULL_MATCH,2,2_PLUS
2026-07-01,2026-07-01,1,0,2026-07-01T20:00:00+00:00,CAN,Kanada,9986,Premier League,calendar-2026-27,2026/27,1000008671,1022948,HFX Wanderers FC,1135780,Atlético Ottawa,11,finished,FETCHED,COMPLETE,FULL_MATCH,1,1
2026-07-01,2026-07-01,1,0,2026-07-01T20:00:00+00:00,INT,International,77,WM,calendar-2026-27,2026/27,4653710,8263,Belgium,6395,Senegal,1/16,finished,FETCHED,COMPLETE,FULL_MATCH,4,2_PLUS
2026-07-01,2026-07-01,1,0,2026-07-01T21:30:00+00:00,USA,USA,9296,USL League One,calendar-2026-27,2026/27,5109439,614315,Charlotte Independence,1128317,Corpus Christi,18,finished,FETCHED,COMPLETE,FULL_MATCH,0,0
2026-07-01,"2026-07-01,2026-07-02",2,1,2026-07-01T22:00:00+00:00,ECU,Ecuador,246,Serie A,calendar-2026-27,2026/27,1000008999,6721,LDU de Quito,1014174,Orense,16,finished,FETCHED,COMPLETE,FULL_MATCH,2,2_PLUS
2026-07-01,"2026-07-01,2026-07-02",2,1,2026-07-01T23:00:00+00:00,USA,USA,9296,USL League One,calendar-2026-27,2026/27,5109440,1004918,Chattanooga Red Wolves SC,1706430,Westchester SC,18,finished,FETCHED,COMPLETE,FULL_MATCH,2,2_PLUS
2026-07-01,"2026-07-01,2026-07-02",2,1,2026-07-02T00:00:00+00:00,INT,International,77,WM,calendar-2026-27,2026/27,4653709,6713,USA,10106,Bosnia and Herzegovina,1/16,finished,FETCHED,COMPLETE,FULL_MATCH,1,1
2026-07-01,"2026-07-01,2026-07-02",2,1,2026-07-02T02:00:00+00:00,USA,USA,9296,USL League One,calendar-2026-27,2026/27,5109442,1584038,Spokane Velocity FC,1004919,Forward Madison FC,18,finished,FETCHED,COMPLETE,FULL_MATCH,0,0
2026-07-01,"2026-07-01,2026-07-02",2,1,2026-07-02T02:30:00+00:00,USA,USA,9296,USL League One,calendar-2026-27,2026/27,5109441,1121685,Union Omaha,1701876,AV Alta,18,finished,FETCHED,COMPLETE,FULL_MATCH,3,2_PLUS
2026-07-02,2026-07-02,1,0,2026-07-02T13:00:00+00:00,INT,International,287,UEFA U19 Championship,calendar-2026-27,2026/27,5344663,204263,Croatia U19,5929,Italy U19,2,finished,FETCHED,COMPLETE,FULL_MATCH,0,0
2026-07-02,2026-07-02,1,0,2026-07-02T17:00:00+00:00,ISL,Island,215,Besta deildin,calendar-2026-27,2026/27,5225672,4496,Thor Akureyri,8130,KR Reykjavik,13,finished,FETCHED,COMPLETE,FULL_MATCH,2,2_PLUS
2026-07-02,2026-07-02,1,0,2026-07-02T17:00:00+00:00,INT,International,287,UEFA U19 Championship,calendar-2026-27,2026/27,5344664,5959,Serbia U19,6655,Ukraine U19,2,finished,FETCHED,COMPLETE,FULL_MATCH,0,0
2026-07-02,2026-07-02,1,0,2026-07-02T19:00:00+00:00,INT,International,77,WM,calendar-2026-27,2026/27,4653708,6720,Spain,8255,Austria,1/16,finished,FETCHED,COMPLETE,FULL_MATCH,2,2_PLUS
2026-07-02,2026-07-02,1,0,2026-07-02T19:15:00+00:00,ISL,Island,215,Besta deildin,calendar-2026-27,2026/27,5225673,6017,Vikingur Reykjavik,2165,KA Akureyri,13,finished,FETCHED,COMPLETE,FULL_MATCH,2,2_PLUS
2026-07-02,"2026-07-02,2026-07-03",2,1,2026-07-02T23:00:00+00:00,INT,International,77,WM,calendar-2026-27,2026/27,4653707,8361,Portugal,10155,Croatia,1/16,finished,FETCHED,COMPLETE,FULL_MATCH,3,2_PLUS
2026-07-02,"2026-07-02,2026-07-03",2,1,2026-07-02T23:00:00+00:00,BRA,Brasilien,8814,Serie B,calendar-2026-27,2026/27,5190597,197815,Cuiaba,1757,America MG,16,finished,FETCHED,COMPLETE,FULL_MATCH,1,1
2026-07-02,"2026-07-02,2026-07-03",2,1,2026-07-03T00:00:00+00:00,USA,USA,8972,USL Championship,calendar-2026-27,2026/27,5109815,1003207,Birmingham Legion FC,540855,Detroit City FC,1,finished,FETCHED,COMPLETE,FULL_MATCH,1,1
2026-07-02,"2026-07-02,2026-07-03",2,1,2026-07-03T00:00:00+00:00,BRA,Brasilien,8814,Serie B,calendar-2026-27,2026/27,5190593,8287,Fortaleza,8630,Ponte Preta,16,finished,FETCHED,COMPLETE,FULL_MATCH,2,2_PLUS
2026-07-02,"2026-07-02,2026-07-03",2,1,2026-07-03T01:30:00+00:00,USA,USA,9296,USL League One,calendar-2026-27,2026/27,5109443,1877675,Boise,1358088,One Knoxville SC,18,finished,FETCHED,COMPLETE,FULL_MATCH,1,1
2026-07-02,"2026-07-02,2026-07-03",2,1,2026-07-03T03:00:00+00:00,INT,International,77,WM,calendar-2026-27,2026/27,4653717,6717,Switzerland,6317,Algeria,1/16,finished,FETCHED,COMPLETE,FULL_MATCH,1,1
2026-07-03,2026-07-03,1,0,2026-07-03T12:00:00+00:00,CHN,China,120,Super League,calendar-2026-27,2026/27,5186533,1477056,Yunnan Yukun,51442,Henan FC,17,finished,FETCHED,COMPLETE,FULL_MATCH,2,2_PLUS
2026-07-03,2026-07-03,1,0,2026-07-03T16:00:00+00:00,LVA,Lettland,226,Virsliga,calendar-2026-27,2026/27,5162022,624924,Riga FC,192962,FK Jelgava,22,finished,FETCHED,COMPLETE,FULL_MATCH,2,2_PLUS
2026-07-03,2026-07-03,1,0,2026-07-03T17:00:00+00:00,SWE,Schweden,67,Allsvenskan,calendar-2026-27,2026/27,5107522,6694,Sirius,8127,Mjällby,11,finished,FETCHED,COMPLETE,FULL_MATCH,7,2_PLUS
2026-07-03,2026-07-03,1,0,2026-07-03T18:00:00+00:00,INT,International,77,WM,calendar-2026-27,2026/27,4653716,6716,Australia,10255,Egypt,1/16,finished,FETCHED,COMPLETE,FULL_MATCH,1,1
2026-07-03,2026-07-03,1,0,2026-07-03T18:45:00+00:00,IRL,Irland,126,Premier Liga,calendar-2026-27,2026/27,5100926,8338,Derry City,6042,Waterford FC,23,finished,FETCHED,COMPLETE,FULL_MATCH,5,2_PLUS
2026-07-03,2026-07-03,1,0,2026-07-03T18:45:00+00:00,IRL,Irland,126,Premier Liga,calendar-2026-27,2026/27,5100927,8339,Drogheda United,4594,Bohemian FC,23,finished,FETCHED,COMPLETE,FULL_MATCH,1,1
2026-07-03,2026-07-03,1,0,2026-07-03T18:45:00+00:00,IRL,Irland,126,Premier Liga,calendar-2026-27,2026/27,5100929,1854,St. Patrick's Athletic,520517,Galway United FC,23,finished,FETCHED,COMPLETE,FULL_MATCH,0,0
2026-07-03,2026-07-03,1,0,2026-07-03T18:45:00+00:00,IRL,Irland,126,Premier Liga,calendar-2026-27,2026/27,5100930,6361,Sligo Rovers,4131,Shamrock Rovers,23,finished,FETCHED,COMPLETE,FULL_MATCH,2,2_PLUS
2026-07-03,2026-07-03,1,0,2026-07-03T19:00:00+00:00,IRL,Irland,126,Premier Liga,calendar-2026-27,2026/27,5100928,5751,Shelbourne,1853,Dundalk,23,finished,FETCHED,COMPLETE,FULL_MATCH,0,0
2026-07-03,2026-07-03,1,0,2026-07-03T19:15:00+00:00,ISL,Island,215,Besta deildin,calendar-2026-27,2026/27,5225675,8151,FH Hafnarfjordur,6343,Stjarnan,13,finished,FETCHED,COMPLETE,FULL_MATCH,0,0
2026-07-03,"2026-07-03,2026-07-04",2,1,2026-07-03T22:00:00+00:00,INT,International,77,WM,calendar-2026-27,2026/27,4653715,6706,Argentina,5888,Cape Verde,1/16,finished,FETCHED,COMPLETE,FULL_MATCH,4,2_PLUS
2026-07-03,"2026-07-03,2026-07-04",2,1,2026-07-03T23:30:00+00:00,USA,USA,9296,USL League One,calendar-2026-27,2026/27,5109445,1701877,FC Naples,1701883,Portland Hearts of Pine,18,finished,FETCHED,COMPLETE,FULL_MATCH,4,2_PLUS
2026-07-03,"2026-07-03,2026-07-04",2,1,2026-07-03T23:30:00+00:00,USA,USA,8972,USL Championship,calendar-2026-27,2026/27,5109816,1003205,Loudoun United FC,1737991,Sporting JAX,1,finished,FETCHED,COMPLETE,FULL_MATCH,3,2_PLUS
2026-07-03,"2026-07-03,2026-07-04",2,1,2026-07-04T00:00:00+00:00,ECU,Ecuador,246,Serie A,calendar-2026-27,2026/27,1000009006,192875,Independiente del Valle,162922,Manta,17,finished,FETCHED,COMPLETE,FULL_MATCH,3,2_PLUS
2026-07-03,"2026-07-03,2026-07-04",2,1,2026-07-04T00:00:00+00:00,USA,USA,9296,USL League One,calendar-2026-27,2026/27,5109444,267811,Richmond Kickers,1448561,Sarasota Paradise,18,finished,FETCHED,COMPLETE,FULL_MATCH,0,0
2026-07-03,"2026-07-03,2026-07-04",2,1,2026-07-04T00:00:00+00:00,USA,USA,9134,NWSL,calendar-2026-27,2026/27,5161544,433030,Washington Spirit (W),521233,Houston Dash (W),0,finished,FETCHED,COMPLETE,FULL_MATCH,3,2_PLUS
2026-07-03,"2026-07-03,2026-07-04",2,1,2026-07-04T01:30:00+00:00,INT,International,77,WM,calendar-2026-27,2026/27,4653718,8258,Colombia,6714,Ghana,1/16,finished,FETCHED,COMPLETE,FULL_MATCH,0,0
2026-07-03,"2026-07-03,2026-07-04",2,1,2026-07-04T01:30:00+00:00,USA,USA,9134,NWSL,calendar-2026-27,2026/27,5161545,1795705,Denver Summit FC (W),1237561,Kansas City Current (W),0,finished,FETCHED,COMPLETE,FULL_MATCH,2,2_PLUS
2026-07-03,"2026-07-03,2026-07-04",2,1,2026-07-04T02:00:00+00:00,USA,USA,9134,NWSL,calendar-2026-27,2026/27,5161546,1335914,Angel City FC (W),728922,Orlando Pride (W),0,finished,FETCHED,COMPLETE,FULL_MATCH,1,1
2026-07-04,2026-07-04,1,0,2026-07-04T09:00:00+00:00,INT,International,489,Vereins-Freundschaftsspiele,calendar-2026-27,2026/27,5879933,10013,Salzburg,8020,Górnik Zabrze,1,finished,FETCHED,COMPLETE,FULL_MATCH,2,2_PLUS
2026-07-04,2026-07-04,1,0,2026-07-04T10:30:00+00:00,KOR,Südkorea,9080,K League 1,calendar-2026-27,2026/27,5139952,429440,FC Anyang,109373,Pohang Steelers,16,finished,FETCHED,COMPLETE,FULL_MATCH,3,2_PLUS
2026-07-04,2026-07-04,1,0,2026-07-04T10:30:00+00:00,KOR,Südkorea,9080,K League 1,calendar-2026-27,2026/27,5139953,133900,Daejeon Hana Citizen,429441,Bucheon FC 1995,16,finished,FETCHED,COMPLETE,FULL_MATCH,4,2_PLUS
2026-07-04,2026-07-04,1,0,2026-07-04T10:30:00+00:00,KOR,Südkorea,9080,K League 1,calendar-2026-27,2026/27,5139954,46038,Jeonbuk Hyundai Motors FC,164734,Gangwon FC,16,finished,FETCHED,COMPLETE,FULL_MATCH,2,2_PLUS
2026-07-04,2026-07-04,1,0,2026-07-04T10:30:00+00:00,KOR,Südkorea,9116,K League 2,calendar-2026-27,2026/27,5155824,821875,Ansan Greeners,187951,Suwon FC,16,finished,FETCHED,COMPLETE,FULL_MATCH,3,2_PLUS
2026-07-04,2026-07-04,1,0,2026-07-04T10:30:00+00:00,KOR,Südkorea,9116,K League 2,calendar-2026-27,2026/27,5155825,833651,Cheongju FC,133897,Daegu FC,16,finished,FETCHED,COMPLETE,FULL_MATCH,4,2_PLUS
2026-07-04,2026-07-04,1,0,2026-07-04T10:30:00+00:00,KOR,Südkorea,9116,K League 2,calendar-2026-27,2026/27,5155826,739803,Paju Frontier,1897657,Yongin FC,16,finished,FETCHED,COMPLETE,FULL_MATCH,1,1
2026-07-04,2026-07-04,1,0,2026-07-04T10:30:00+00:00,KOR,Südkorea,9116,K League 2,calendar-2026-27,2026/27,5155827,88517,Suwon Samsung Bluewings,6614,Seongnam FC,16,finished,FETCHED,COMPLETE,FULL_MATCH,0,0
2026-07-04,2026-07-04,1,0,2026-07-04T11:00:00+00:00,CHN,China,120,Super League,calendar-2026-27,2026/27,5186534,737054,Liaoning Tieren,1477050,Chongqing Tongliang Long,17,finished,FETCHED,COMPLETE,FULL_MATCH,3,2_PLUS
2026-07-04,2026-07-04,1,0,2026-07-04T11:00:00+00:00,CHN,China,120,Super League,calendar-2026-27,2026/27,5186535,1283248,Qingdao West Coast,198616,Shanghai Port,17,finished,FETCHED,COMPLETE,FULL_MATCH,3,2_PLUS
2026-07-04,2026-07-04,1,0,2026-07-04T11:35:00+00:00,CHN,China,120,Super League,calendar-2026-27,2026/27,5186536,4177,Beijing Guoan,8623,Shandong Taishan,17,finished,FETCHED,COMPLETE,FULL_MATCH,2,2_PLUS
2026-07-04,2026-07-04,1,0,2026-07-04T11:35:00+00:00,CHN,China,120,Super League,calendar-2026-27,2026/27,5186537,1477043,Dalian Yingbo,1029687,Wuhan Three Towns,17,finished,FETCHED,COMPLETE,FULL_MATCH,2,2_PLUS
2026-07-04,2026-07-04,1,0,2026-07-04T12:00:00+00:00,FIN,Finnland,51,Veikkausliiga,calendar-2026-27,2026/27,5147589,8424,FC Lahti,2361,IF Gnistan,14,finished,FETCHED,COMPLETE,FULL_MATCH,1,1
2026-07-04,2026-07-04,1,0,2026-07-04T12:00:00+00:00,CHN,China,120,Super League,calendar-2026-27,2026/27,5186538,4189,Tianjin Jinmen Tiger,930027,Shenzhen Peng City,17,finished,FETCHED,COMPLETE,FULL_MATCH,2,2_PLUS
2026-07-04,2026-07-04,1,0,2026-07-04T12:30:00+00:00,INT,International,489,Vereins-Freundschaftsspiele,calendar-2026-27,2026/27,5880156,6631,FC Dordrecht,10235,Feyenoord,1,finished,FETCHED,COMPLETE,FULL_MATCH,2,2_PLUS
2026-07-04,2026-07-04,1,0,2026-07-04T13:00:00+00:00,SWE,Schweden,67,Allsvenskan,calendar-2026-27,2026/27,5107521,6544,Degerfors,10237,Malmö FF,11,finished,FETCHED,COMPLETE,FULL_MATCH,1,1
2026-07-04,2026-07-04,1,0,2026-07-04T13:00:00+00:00,SWE,Schweden,67,Allsvenskan,calendar-2026-27,2026/27,5107524,8310,Halmstads BK,6194,Västerås SK,11,finished,FETCHED,COMPLETE,FULL_MATCH,1,1
2026-07-04,2026-07-04,1,0,2026-07-04T13:00:00+00:00,LVA,Lettland,226,Virsliga,calendar-2026-27,2026/27,5162023,197864,BFC Daugavpils,8016,FK Liepaja,22,finished,FETCHED,COMPLETE,FULL_MATCH,3,2_PLUS
2026-07-04,2026-07-04,1,0,2026-07-04T13:00:00+00:00,INT,International,287,UEFA U19 Championship,calendar-2026-27,2026/27,5344659,401878,Denmark U19,401892,Wales U19,3,finished,FETCHED,COMPLETE,FULL_MATCH,2,2_PLUS
2026-07-04,2026-07-04,1,0,2026-07-04T13:00:00+00:00,INT,International,287,UEFA U19 Championship,calendar-2026-27,2026/27,5344660,5932,Spain U19,6590,Germany U19,3,finished,FETCHED,COMPLETE,FULL_MATCH,2,2_PLUS
2026-07-04,2026-07-04,1,0,2026-07-04T14:00:00+00:00,FIN,Finnland,51,Veikkausliiga,calendar-2026-27,2026/27,5147590,8473,FF Jaro,162146,Ilves,14,finished,FETCHED,COMPLETE,FULL_MATCH,1,1
2026-07-04,2026-07-04,1,0,2026-07-04T14:00:00+00:00,FIN,Finnland,51,Veikkausliiga,calendar-2026-27,2026/27,5147591,162162,SJK,6633,TPS,14,finished,FETCHED,COMPLETE,FULL_MATCH,3,2_PLUS
2026-07-04,2026-07-04,1,0,2026-07-04T14:00:00+00:00,ISL,Island,215,Besta deildin,calendar-2026-27,2026/27,5225674,8004,IA Akranes,8332,Breidablik,13,finished,FETCHED,COMPLETE,FULL_MATCH,2,2_PLUS
2026-07-04,2026-07-04,1,0,2026-07-04T15:00:00+00:00,FIN,Finnland,51,Veikkausliiga,calendar-2026-27,2026/27,5147592,6597,VPS,6634,IFK Mariehamn,14,finished,FETCHED,COMPLETE,FULL_MATCH,2,2_PLUS
2026-07-04,2026-07-04,1,0,2026-07-04T15:00:00+00:00,LVA,Lettland,226,Virsliga,calendar-2026-27,2026/27,5162024,248871,RFS,2106,Auda,22,finished,FETCHED,COMPLETE,FULL_MATCH,2,2_PLUS
2026-07-04,2026-07-04,1,0,2026-07-04T15:00:00+00:00,INT,International,489,Vereins-Freundschaftsspiele,calendar-2026-27,2026/27,5874660,10200,Panathinaikos,8593,Ajax,1,finished,FETCHED,COMPLETE,FULL_MATCH,1,1
2026-07-04,2026-07-04,1,0,2026-07-04T16:00:00+00:00,ISL,Island,215,Besta deildin,calendar-2026-27,2026/27,5225676,8299,IBV Vestmannaeyjar,8064,Valur,13,finished,FETCHED,COMPLETE,FULL_MATCH,1,1
2026-07-04,2026-07-04,1,0,2026-07-04T17:00:00+00:00,INT,International,77,WM,calendar-2026-27,2026/27,4653843,5810,Canada,6262,Morocco,1/8,finished,FETCHED,COMPLETE,FULL_MATCH,3,2_PLUS
2026-07-04,2026-07-04,1,0,2026-07-04T19:00:00+00:00,ECU,Ecuador,246,Serie A,calendar-2026-27,2026/27,1000009008,1345405,Libertad,1370528,Leones del Norte,17,finished,FETCHED,COMPLETE,FULL_MATCH,1,1
2026-07-04,2026-07-04,1,0,2026-07-04T19:00:00+00:00,BRA,Brasilien,8814,Serie B,calendar-2026-27,2026/27,5190590,581838,Novorizontino,165545,Atletico GO,16,finished,FETCHED,COMPLETE,FULL_MATCH,2,2_PLUS
2026-07-04,2026-07-04,1,0,2026-07-04T19:00:00+00:00,BRA,Brasilien,8814,Serie B,calendar-2026-27,2026/27,5190592,298660,Londrina EC,104821,CRB,16,finished,FETCHED,COMPLETE,FULL_MATCH,3,2_PLUS
2026-07-04,2026-07-04,1,0,2026-07-04T19:00:00+00:00,BRA,Brasilien,8814,Serie B,calendar-2026-27,2026/27,5190595,7729,Criciuma,6305,Sport Recife,16,finished,FETCHED,COMPLETE,FULL_MATCH,0,0
2026-07-04,2026-07-04,1,0,2026-07-04T19:30:00+00:00,CAN,Kanada,10872,Northern Super League,calendar-2026-27,2026/27,1000009184,1739717,Montreal Roses FC,1739724,Vancouver Rise FC,Regular Season,finished,FETCHED,COMPLETE,FULL_MATCH,4,2_PLUS
2026-07-04,2026-07-04,1,0,2026-07-04T20:00:00+00:00,CAN,Kanada,9986,Premier League,calendar-2026-27,2026/27,1000008672,1135780,Atlético Ottawa,1022952,Cavalry FC,12,finished,FETCHED,COMPLETE,FULL_MATCH,0,0
2026-07-04,2026-07-04,1,0,2026-07-04T20:00:00+00:00,USA,USA,8972,USL Championship,calendar-2026-27,2026/27,5109819,514649,Indy Eleven,162183,Charleston Battery,1,finished,FETCHED,COMPLETE,FULL_MATCH,2,2_PLUS
2026-07-04,2026-07-04,1,0,2026-07-04T21:00:00+00:00,INT,International,77,WM,calendar-2026-27,2026/27,4653842,6724,Paraguay,6723,France,1/8,finished,FETCHED,COMPLETE,FULL_MATCH,1,1
2026-07-04,"2026-07-04,2026-07-05",2,1,2026-07-04T22:06:00+00:00,USA,USA,8972,USL Championship,calendar-2026-27,2026/27,5109826,197328,Tampa Bay Rowdies,1430405,Lexington SC,1,finished,FETCHED,COMPLETE,FULL_MATCH,2,2_PLUS
2026-07-04,"2026-07-04,2026-07-05",2,1,2026-07-04T23:00:00+00:00,USA,USA,10282,MLS Next Pro,calendar-2026-27,2026/27,1000007623,915806,Atlanta United 2,614319,Toronto FC II,19,finished,FETCHED,COMPLETE,FULL_MATCH,0,0
2026-07-04,"2026-07-04,2026-07-05",2,1,2026-07-04T23:00:00+00:00,CAN,Kanada,9986,Premier League,calendar-2026-27,2026/27,1000008673,1436202,Vancouver FC,1022954,Inter Toronto FC,12,finished,FETCHED,COMPLETE,FULL_MATCH,0,0
2026-07-04,"2026-07-04,2026-07-05",2,1,2026-07-04T23:00:00+00:00,USA,USA,9296,USL League One,calendar-2026-27,2026/27,5109448,422694,Cosmos,1004920,Greenville Triumph SC,18,finished,FETCHED,COMPLETE,FULL_MATCH,2,2_PLUS
2026-07-04,"2026-07-04,2026-07-05",2,1,2026-07-04T23:00:00+00:00,BRA,Brasilien,8814,Serie B,calendar-2026-27,2026/27,5190594,9862,Goias,172341,Ceara,16,finished,FETCHED,COMPLETE,FULL_MATCH,1,1
2026-07-04,"2026-07-04,2026-07-05",2,1,2026-07-04T23:30:00+00:00,USA,USA,10282,MLS Next Pro,calendar-2026-27,2026/27,1000007624,540884,Chattanooga FC,1348111,Inter Miami CF II,19,finished,FETCHED,COMPLETE,FULL_MATCH,1,1
2026-07-04,"2026-07-04,2026-07-05",2,1,2026-07-04T23:30:00+00:00,USA,USA,9296,USL League One,calendar-2026-27,2026/27,5109446,1128317,Corpus Christi,1004918,Chattanooga Red Wolves SC,18,finished,FETCHED,COMPLETE,FULL_MATCH,1,1
2026-07-04,"2026-07-04,2026-07-05",2,1,2026-07-04T23:30:00+00:00,USA,USA,9296,USL League One,calendar-2026-27,2026/27,5109449,1358072,Fort Wayne,1584038,Spokane Velocity FC,18,finished,FETCHED,COMPLETE,FULL_MATCH,1,1
2026-07-04,"2026-07-04,2026-07-05",2,1,2026-07-04T23:30:00+00:00,USA,USA,8972,USL Championship,calendar-2026-27,2026/27,5109824,1597140,Rhode Island FC,267813,Orange County SC,1,finished,FETCHED,COMPLETE,FULL_MATCH,2,2_PLUS
2026-07-04,"2026-07-04,2026-07-05",2,1,2026-07-04T23:30:00+00:00,USA,USA,9134,NWSL,calendar-2026-27,2026/27,5161547,243295,North Carolina Courage (W),433031,Seattle Reign FC (W),0,finished,FETCHED,COMPLETE,FULL_MATCH,2,2_PLUS
2026-07-04,"2026-07-04,2026-07-05",2,1,2026-07-05T00:00:00+00:00,ECU,Ecuador,246,Serie A,calendar-2026-27,2026/27,1000009007,6453,Barcelona SC,4144,Deportivo Cuenca,17,finished,FETCHED,COMPLETE,FULL_MATCH,0,0
2026-07-04,"2026-07-04,2026-07-05",2,1,2026-07-05T00:00:00+00:00,USA,USA,8972,USL Championship,calendar-2026-27,2026/27,5109821,614316,Louisville City FC,1003206,Hartford Athletic,1,finished,FETCHED,COMPLETE,FULL_MATCH,1,1
2026-07-04,"2026-07-04,2026-07-05",2,1,2026-07-05T00:00:00+00:00,USA,USA,8972,USL Championship,calendar-2026-27,2026/27,5109823,267816,Pittsburgh Riverhounds SC,1877733,Brooklyn,1,finished,FETCHED,COMPLETE,FULL_MATCH,2,2_PLUS
2026-07-04,"2026-07-04,2026-07-05,2026-08-05,2026-08-06",4,2,2026-07-05T00:30:00+00:00,USA,USA,8972,USL Championship,calendar-2026-27,2026/27,5109818,614325,FC Tulsa,521004,Sacramento Republic FC,1,cancelled,FETCHED,COMPLETE,FULL_MATCH,1,1
2026-07-04,"2026-07-04,2026-07-05",2,1,2026-07-05T00:45:00+00:00,USA,USA,10282,MLS Next Pro,calendar-2026-27,2026/27,1000007625,1004921,North Texas SC,1346404,St. Louis City 2,19,finished,FETCHED,COMPLETE,FULL_MATCH,3,2_PLUS
2026-07-04,"2026-07-04,2026-07-05",2,1,2026-07-05T00:45:00+00:00,USA,USA,9134,NWSL,calendar-2026-27,2026/27,5161548,1335917,San Diego Wave FC (W),189397,Gotham FC (W),0,finished,FETCHED,COMPLETE,FULL_MATCH,1,1
2026-07-04,"2026-07-04,2026-07-05",2,1,2026-07-05T01:06:00+00:00,USA,USA,8972,USL Championship,calendar-2026-27,2026/27,5109817,614321,Colorado Springs Switchbacks FC,424268,Phoenix Rising FC,1,finished,FETCHED,COMPLETE,FULL_MATCH,2,2_PLUS
2026-07-04,"2026-07-04,2026-07-05",2,1,2026-07-05T01:06:00+00:00,USA,USA,8972,USL Championship,calendar-2026-27,2026/27,5109825,722269,San Antonio FC,915808,Monterey Bay FC,1,finished,FETCHED,COMPLETE,FULL_MATCH,0,0
2026-07-04,"2026-07-04,2026-07-05",2,1,2026-07-05T01:38:00+00:00,USA,USA,8972,USL Championship,calendar-2026-27,2026/27,5109822,1003208,New Mexico United,1130413,Oakland Roots SC,1,finished,FETCHED,COMPLETE,FULL_MATCH,1,1
2026-07-04,"2026-07-04,2026-07-05",2,1,2026-07-05T02:37:00+00:00,USA,USA,8972,USL Championship,calendar-2026-27,2026/27,5109820,915809,Las Vegas Lights FC,1003209,El Paso Locomotive FC,1,finished,FETCHED,COMPLETE,FULL_MATCH,1,1
2026-07-05,2026-07-05,1,0,2026-07-05T10:30:00+00:00,KOR,Südkorea,9080,K League 1,calendar-2026-27,2026/27,5139955,133901,Gimcheon Sangmu,133898,Jeju SK,16,finished,FETCHED,COMPLETE,FULL_MATCH,2,2_PLUS
2026-07-05,2026-07-05,1,0,2026-07-05T10:30:00+00:00,KOR,Südkorea,9080,K League 1,calendar-2026-27,2026/27,5139956,245905,Gwangju FC,133896,Ulsan HD FC,16,finished,FETCHED,COMPLETE,FULL_MATCH,2,2_PLUS
2026-07-05,2026-07-05,1,0,2026-07-05T10:30:00+00:00,KOR,Südkorea,9080,K League 1,calendar-2026-27,2026/27,5139957,92630,FC Seoul,133895,Incheon United,16,finished,FETCHED,COMPLETE,FULL_MATCH,1,1
2026-07-05,2026-07-05,1,0,2026-07-05T10:30:00+00:00,KOR,Südkorea,9116,K League 2,calendar-2026-27,2026/27,5155828,187953,Gimhae FC 2008,616212,Seoul E-Land FC,16,finished,FETCHED,COMPLETE,FULL_MATCH,4,2_PLUS
2026-07-05,2026-07-05,1,0,2026-07-05T10:30:00+00:00,KOR,Südkorea,9116,K League 2,calendar-2026-27,2026/27,5155829,833649,Gimpo FC,429442,Chungnam Asan FC,16,finished,FETCHED,COMPLETE,FULL_MATCH,2,2_PLUS
2026-07-05,2026-07-05,1,0,2026-07-05T10:30:00+00:00,KOR,Südkorea,9116,K League 2,calendar-2026-27,2026/27,5155830,133899,Gyeongnam FC,187960,Cheonan City,16,finished,FETCHED,COMPLETE,FULL_MATCH,3,2_PLUS
2026-07-05,2026-07-05,1,0,2026-07-05T10:30:00+00:00,KOR,Südkorea,9116,K League 2,calendar-2026-27,2026/27,5155831,109377,Jeonnam Dragons,6092,Busan I'Park,16,finished,FETCHED,COMPLETE,FULL_MATCH,4,2_PLUS
2026-07-05,2026-07-05,1,0,2026-07-05T11:00:00+00:00,CHN,China,120,Super League,calendar-2026-27,2026/27,5186539,4183,Qingdao Hainiu,737052,Chengdu Rongcheng FC,17,finished,FETCHED,COMPLETE,FULL_MATCH,2,2_PLUS
2026-07-05,2026-07-05,1,0,2026-07-05T11:35:00+00:00,CHN,China,120,Super League,calendar-2026-27,2026/27,5186540,6628,Shanghai Shenhua,51443,Zhejiang Professional,17,finished,FETCHED,COMPLETE,FULL_MATCH,4,2_PLUS
2026-07-05,2026-07-05,1,0,2026-07-05T12:00:00+00:00,SWE,Schweden,67,Allsvenskan,calendar-2026-27,2026/27,5107517,9893,IFK Göteborg,8349,AIK,11,finished,FETCHED,COMPLETE,FULL_MATCH,1,1
2026-07-05,2026-07-05,1,0,2026-07-05T12:00:00+00:00,SWE,Schweden,67,Allsvenskan,calendar-2026-27,2026/27,5107523,9892,Kalmar FF,10002,Örgryte,11,finished,FETCHED,COMPLETE,FULL_MATCH,2,2_PLUS
2026-07-05,2026-07-05,1,0,2026-07-05T13:00:00+00:00,LVA,Lettland,226,Virsliga,calendar-2026-27,2026/27,5162025,662738,Grobina,197870,FK Tukums 2000,22,finished,FETCHED,COMPLETE,FULL_MATCH,2,2_PLUS
2026-07-05,2026-07-05,1,0,2026-07-05T14:30:00+00:00,SWE,Schweden,67,Allsvenskan,calendar-2026-27,2026/27,5107519,8014,Elfsborg,8248,Hammarby,11,finished,FETCHED,COMPLETE,FULL_MATCH,3,2_PLUS
2026-07-05,2026-07-05,1,0,2026-07-05T15:00:00+00:00,USA,USA,10282,MLS Next Pro,calendar-2026-27,2026/27,1000007631,1121686,New England Revolution II,722264,Philadelphia Union II,19,finished,FETCHED,COMPLETE,FULL_MATCH,2,2_PLUS
2026-07-05,2026-07-05,1,0,2026-07-05T15:00:00+00:00,INT,International,287,UEFA U19 Championship,calendar-2026-27,2026/27,5344665,5959,Serbia U19,204263,Croatia U19,3,finished,FETCHED,COMPLETE,FULL_MATCH,2,2_PLUS
2026-07-05,2026-07-05,1,0,2026-07-05T15:00:00+00:00,INT,International,287,UEFA U19 Championship,calendar-2026-27,2026/27,5344666,6655,Ukraine U19,5929,Italy U19,3,finished,FETCHED,COMPLETE,FULL_MATCH,0,0
2026-07-05,2026-07-05,1,0,2026-07-05T16:00:00+00:00,USA,USA,9134,NWSL,calendar-2026-27,2026/27,5161549,1795723,Boston Legacy FC (W),1607273,Bay FC (W),0,finished,FETCHED,COMPLETE,FULL_MATCH,1,1
2026-07-05,2026-07-05,1,0,2026-07-05T17:00:00+00:00,CAN,Kanada,9986,Premier League,calendar-2026-27,2026/27,5175926,1899648,Supra du Quebec,1022955,Forge FC,12,finished,FETCHED,COMPLETE,FULL_MATCH,2,2_PLUS
2026-07-05,2026-07-05,1,0,2026-07-05T18:00:00+00:00,ECU,Ecuador,246,Serie A,calendar-2026-27,2026/27,1000009003,6609,CSD Macara,6721,LDU de Quito,17,finished,FETCHED,COMPLETE,FULL_MATCH,0,0
2026-07-05,2026-07-05,1,0,2026-07-05T18:00:00+00:00,CAN,Kanada,10872,Northern Super League,calendar-2026-27,2026/27,1000009185,1739719,Ottawa Rapid FC,1739712,Calgary Wild FC,Regular Season,finished,FETCHED,COMPLETE,FULL_MATCH,2,2_PLUS
2026-07-05,2026-07-05,1,0,2026-07-05T19:00:00+00:00,CAN,Kanada,10872,Northern Super League,calendar-2026-27,2026/27,1000009186,1739714,Halifax Tides FC,1739721,AFC Toronto,Regular Season,finished,FETCHED,COMPLETE,FULL_MATCH,0,0
2026-07-05,2026-07-05,1,0,2026-07-05T20:00:00+00:00,INT,International,77,WM,calendar-2026-27,2026/27,4653846,8256,Brazil,8492,Norway,1/8,finished,FETCHED,COMPLETE,FULL_MATCH,3,2_PLUS
2026-07-05,2026-07-05,1,0,2026-07-05T20:30:00+00:00,USA,USA,10282,MLS Next Pro,calendar-2026-27,2026/27,1000007629,1348104,Houston Dynamo 2,1348105,Minnesota United 2,19,finished,FETCHED,COMPLETE,FULL_MATCH,2,2_PLUS
2026-07-05,2026-07-05,1,0,2026-07-05T21:00:00+00:00,USA,USA,9134,NWSL,calendar-2026-27,2026/27,5161550,189393,Chicago Stars (W),923654,Utah Royals (W),0,finished,FETCHED,COMPLETE,FULL_MATCH,3,2_PLUS
2026-07-05,"2026-07-05,2026-07-06",2,1,2026-07-05T22:00:00+00:00,USA,USA,10282,MLS Next Pro,calendar-2026-27,2026/27,1000007627,1348109,FC Cincinnati 2,614318,Red Bull New York  II,19,finished,FETCHED,COMPLETE,FULL_MATCH,2,2_PLUS
2026-07-05,"2026-07-05,2026-07-06",2,1,2026-07-05T22:00:00+00:00,USA,USA,10282,MLS Next Pro,calendar-2026-27,2026/27,1000008065,1880719,Connecticut United,1610955,Carolina Core FC,19,finished,FETCHED,COMPLETE,FULL_MATCH,2,2_PLUS
2026-07-05,"2026-07-05,2026-07-06",2,1,2026-07-05T22:00:00+00:00,ECU,Ecuador,246,Serie A,calendar-2026-27,2026/27,1000009001,519457,Delfin,1850,Emelec,17,finished,FETCHED,COMPLETE,FULL_MATCH,1,1
2026-07-05,"2026-07-05,2026-07-06",2,1,2026-07-05T22:25:00+00:00,CAN,Kanada,9986,Premier League,calendar-2026-27,2026/27,1000008674,1022953,Pacific FC,1022948,HFX Wanderers FC,12,finished,FETCHED,COMPLETE,FULL_MATCH,2,2_PLUS
2026-07-05,"2026-07-05,2026-07-06",2,1,2026-07-05T23:00:00+00:00,USA,USA,10282,MLS Next Pro,calendar-2026-27,2026/27,1000007630,1451868,Crown Legacy FC,722266,Orlando City B,19,finished,FETCHED,COMPLETE,FULL_MATCH,2,2_PLUS
2026-07-05,"2026-07-05,2026-07-06",2,1,2026-07-05T23:00:00+00:00,USA,USA,9296,USL League One,calendar-2026-27,2026/27,5109451,1706430,Westchester SC,1877675,Boise,18,finished,FETCHED,COMPLETE,FULL_MATCH,1,1
2026-07-05,"2026-07-05,2026-07-06",2,1,2026-07-05T23:00:00+00:00,USA,USA,8972,USL Championship,calendar-2026-27,2026/27,5109827,721896,Miami FC,1003207,Birmingham Legion FC,1,finished,FETCHED,COMPLETE,FULL_MATCH,1,1
2026-07-05,"2026-07-05,2026-07-06",2,1,2026-07-05T23:00:00+00:00,USA,USA,9134,NWSL,calendar-2026-27,2026/27,5161551,433029,Portland Thorns (W),1237244,Racing Louisville (W),0,finished,FETCHED,COMPLETE,FULL_MATCH,1,1
2026-07-05,"2026-07-05,2026-07-06",2,1,2026-07-05T23:30:00+00:00,BRA,Brasilien,8814,Serie B,calendar-2026-27,2026/27,5190596,2369,Nautico,10274,Juventude,16,finished,FETCHED,COMPLETE,FULL_MATCH,0,0
2026-07-05,"2026-07-05,2026-07-06",2,1,2026-07-06T00:00:00+00:00,USA,USA,10282,MLS Next Pro,calendar-2026-27,2026/27,1000007632,1445755,Huntsville City FC,1348118,Chicago Fire FC II,19,finished,FETCHED,COMPLETE,FULL_MATCH,2,2_PLUS
2026-07-05,"2026-07-05,2026-07-06",2,1,2026-07-06T00:30:00+00:00,USA,USA,10282,MLS Next Pro,calendar-2026-27,2026/27,1000007633,1451870,Austin FC II,1348103,Colorado Rapids 2,19,finished,FETCHED,COMPLETE,FULL_MATCH,4,2_PLUS
2026-07-05,"2026-07-05,2026-07-06",2,1,2026-07-06T01:00:00+00:00,USA,USA,10282,MLS Next Pro,calendar-2026-27,2026/27,1000007626,1451871,Los Angeles FC II,614324,Real Monarchs SLC,19,finished,FETCHED,COMPLETE,FULL_MATCH,3,2_PLUS
2026-07-05,"2026-07-05,2026-07-06",2,1,2026-07-06T01:00:00+00:00,INT,International,77,WM,calendar-2026-27,2026/27,4653847,6710,Mexico,8491,England,1/8,finished,FETCHED,COMPLETE,FULL_MATCH,2,2_PLUS
2026-07-05,"2026-07-05,2026-07-06",2,1,2026-07-06T02:00:00+00:00,USA,USA,10282,MLS Next Pro,calendar-2026-27,2026/27,1000007634,614327,Tacoma Defiance,614322,Portland Timbers 2,19,finished,FETCHED,COMPLETE,FULL_MATCH,2,2_PLUS
2026-07-05,"2026-07-05,2026-07-06",2,1,2026-07-06T03:00:00+00:00,USA,USA,9296,USL League One,calendar-2026-27,2026/27,5109450,1701876,AV Alta,614315,Charlotte Independence,18,finished,FETCHED,COMPLETE,FULL_MATCH,1,1
2026-07-06,2026-07-06,1,0,2026-07-06T16:00:00+00:00,LVA,Lettland,226,Virsliga,calendar-2026-27,2026/27,5162026,981193,SK Super Nova,1899459,Ogre United,22,finished,FETCHED,COMPLETE,FULL_MATCH,3,2_PLUS
2026-07-06,2026-07-06,1,0,2026-07-06T17:00:00+00:00,SWE,Schweden,67,Allsvenskan,calendar-2026-27,2026/27,5107518,8428,Häcken,9802,Djurgården,11,finished,FETCHED,COMPLETE,FULL_MATCH,3,2_PLUS
2026-07-06,2026-07-06,1,0,2026-07-06T17:00:00+00:00,SWE,Schweden,67,Allsvenskan,calendar-2026-27,2026/27,5107520,8501,Brommapojkarna,8297,GAIS,11,finished,FETCHED,COMPLETE,FULL_MATCH,0,0
2026-07-06,2026-07-06,1,0,2026-07-06T19:00:00+00:00,INT,International,77,WM,calendar-2026-27,2026/27,4653844,8361,Portugal,6720,Spain,1/8,finished,FETCHED,COMPLETE,FULL_MATCH,1,1
2026-07-06,2026-07-06,1,0,2026-07-06T19:15:00+00:00,ISL,Island,215,Besta deildin,calendar-2026-27,2026/27,5225677,4472,Keflavik,6291,Fram Reykjavik,13,finished,FETCHED,COMPLETE,FULL_MATCH,2,2_PLUS
2026-07-06,2026-07-06,1,0,2026-07-06T21:30:00+00:00,ECU,Ecuador,246,Serie A,calendar-2026-27,2026/27,1000009005,113053,Universidad Catolica,304929,Mushuc Runa,17,finished,FETCHED,COMPLETE,FULL_MATCH,4,2_PLUS
2026-07-06,"2026-07-06,2026-07-07",2,1,2026-07-06T22:00:00+00:00,BRA,Brasilien,8814,Serie B,calendar-2026-27,2026/27,5190589,8355,Botafogo SP,104822,Avai FC,16,finished,FETCHED,COMPLETE,FULL_MATCH,3,2_PLUS
2026-07-06,"2026-07-06,2026-07-07",2,1,2026-07-06T22:00:00+00:00,BRA,Brasilien,8814,Serie B,calendar-2026-27,2026/27,5190598,109706,Vila Nova,231931,Sao Bernardo,16,finished,FETCHED,COMPLETE,FULL_MATCH,2,2_PLUS
2026-07-06,"2026-07-06,2026-07-07",2,1,2026-07-07T00:00:00+00:00,ECU,Ecuador,246,Serie A,calendar-2026-27,2026/27,1000009004,1014174,Orense,113054,Tecnico Universitario,17,finished,FETCHED,COMPLETE,FULL_MATCH,3,2_PLUS
2026-07-06,"2026-07-06,2026-07-07",2,1,2026-07-07T00:00:00+00:00,INT,International,77,WM,calendar-2026-27,2026/27,4653845,6713,USA,8263,Belgium,1/8,finished,FETCHED,COMPLETE,FULL_MATCH,2,2_PLUS
2026-07-07,2026-07-07,1,0,2026-07-07T16:00:00+00:00,INT,International,77,WM,calendar-2026-27,2026/27,4653848,6706,Argentina,10255,Egypt,1/8,finished,FETCHED,COMPLETE,FULL_MATCH,4,2_PLUS
2026-07-07,2026-07-07,1,0,2026-07-07T19:00:00+00:00,INT,International,10611,Champions League Qualifikation,calendar-2026-27,2026/27,5785673,6017,Vikingur Reykjavik,5755,Györi ETO,1,finished,FETCHED,COMPLETE,FULL_MATCH,1,1
2026-07-07,2026-07-07,1,0,2026-07-07T20:00:00+00:00,INT,International,77,WM,calendar-2026-27,2026/27,4653849,6717,Switzerland,8258,Colombia,1/8,finished,FETCHED,COMPLETE,FULL_MATCH,0,0
2026-07-07,"2026-07-07,2026-07-08",2,1,2026-07-07T23:00:00+00:00,BRA,Brasilien,8814,Serie B,calendar-2026-27,2026/27,5190591,1221604,Athletic Club,197429,Operario Ferroviario,16,finished,FETCHED,COMPLETE,FULL_MATCH,1,1
2026-07-07,"2026-07-07,2026-07-08",2,1,2026-07-07T23:30:00+00:00,BOL,Bolivien,144,Primera Division,calendar-2026-27,2026/27,1000010857,1504770,GV San Jose,1074622,Real Tomayapo,7,finished,FETCHED,COMPLETE,FULL_MATCH,4,2_PLUS
2026-07-07,"2026-07-07,2026-07-08",2,1,2026-07-08T00:00:00+00:00,ECU,Ecuador,246,Serie A,calendar-2026-27,2026/27,1000009002,6608,Aucas,194754,Guayaquil City,17,finished,FETCHED,COMPLETE,FULL_MATCH,0,0
2026-07-07,"2026-07-07,2026-07-08",2,1,2026-07-08T01:00:00+00:00,USA,USA,10282,MLS Next Pro,calendar-2026-27,2026/27,1000007635,614326,Vancouver Whitecaps 2,521005,Ventura County FC,20,finished,FETCHED,COMPLETE,FULL_MATCH,4,2_PLUS
2026-07-07,"2026-07-07,2026-07-08",2,1,2026-07-08T02:00:00+00:00,USA,USA,10282,MLS Next Pro,calendar-2026-27,2026/27,1000007628,1348115,San Jose Earthquakes II,722268,Sporting Kansas City II,19,finished,FETCHED,COMPLETE,FULL_MATCH,3,2_PLUS
2026-07-08,2026-07-08,1,0,2026-07-08T13:00:00+00:00,INT,International,287,UEFA U19 Championship,calendar-2026-27,2026/27,5344667,401878,Denmark U19,5929,Italy U19,final,finished,FETCHED,COMPLETE,FULL_MATCH,0,0
2026-07-08,2026-07-08,1,0,2026-07-08T15:30:00+00:00,INT,International,287,UEFA U19 Championship,calendar-2026-27,2026/27,5344825,5932,Spain U19,204263,Croatia U19,1/2,finished,FETCHED,COMPLETE,FULL_MATCH,2,2_PLUS
2026-07-08,2026-07-08,1,0,2026-07-08T17:30:00+00:00,INT,International,489,Vereins-Freundschaftsspiele,calendar-2026-27,2026/27,5901131,10053,Admira Wacker,8695,Fenerbahçe,1,finished,FETCHED,COMPLETE,FULL_MATCH,3,2_PLUS
2026-07-08,2026-07-08,1,0,2026-07-08T18:00:00+00:00,INT,International,287,UEFA U19 Championship,calendar-2026-27,2026/27,5344826,6655,Ukraine U19,6590,Germany U19,1/2,finished,FETCHED,COMPLETE,FULL_MATCH,1,1
2026-07-08,2026-07-08,1,0,2026-07-08T19:00:00+00:00,CAN,Kanada,9837,Canadian Championship,calendar-2026-27,2026/27,1000011237,1615753,CS Saint-Laurent,1022955,Forge FC,Quarter-finals,finished,FETCHED,COMPLETE,FULL_MATCH,1,1
2026-07-08,"2026-07-08,2026-07-09",2,1,2026-07-08T22:00:00+00:00,BOL,Bolivien,144,Primera Division,calendar-2026-27,2026/27,1000010848,1504766,CDT Real Oruro,879029,Universitario de Vinto,6,finished,FETCHED,COMPLETE,FULL_MATCH,3,2_PLUS
2026-07-08,"2026-07-08,2026-07-09",2,1,2026-07-08T23:00:00+00:00,CAN,Kanada,9837,Canadian Championship,calendar-2026-27,2026/27,1000011235,1899648,Supra du Quebec,1135780,Atlético Ottawa,Quarter-finals,finished,FETCHED,COMPLETE,FULL_MATCH,3,2_PLUS
2026-07-08,"2026-07-08,2026-07-09",2,1,2026-07-08T23:00:00+00:00,CHI,Chile,11697,Copa de la Liga,calendar-2026-27,2026/27,1000013920,192435,Union La Calera,4062,Coquimbo Unido,Semi-finals,finished,FETCHED,COMPLETE,FULL_MATCH,0,0
2026-07-08,"2026-07-08,2026-07-09",2,1,2026-07-08T23:00:00+00:00,USA,USA,9296,USL League One,calendar-2026-27,2026/27,5109452,1004920,Greenville Triumph SC,1448561,Sarasota Paradise,19,finished,FETCHED,COMPLETE,FULL_MATCH,0,0
2026-07-08,"2026-07-08,2026-07-09",2,1,2026-07-08T23:00:00+00:00,USA,USA,9296,USL League One,calendar-2026-27,2026/27,5109453,422694,Cosmos,1701877,FC Naples,19,finished,FETCHED,COMPLETE,FULL_MATCH,1,1
2026-07-08,"2026-07-08,2026-07-09",2,1,2026-07-08T23:00:00+00:00,USA,USA,8972,USL Championship,calendar-2026-27,2026/27,5109828,1003206,Hartford Athletic,267813,Orange County SC,1,finished,FETCHED,COMPLETE,FULL_MATCH,2,2_PLUS
2026-07-08,"2026-07-08,2026-07-09",2,1,2026-07-08T23:00:00+00:00,BRA,Brasilien,8814,Serie B,calendar-2026-27,2026/27,5190599,8630,Ponte Preta,7729,Criciuma,17,finished,FETCHED,COMPLETE,FULL_MATCH,2,2_PLUS
2026-07-08,"2026-07-08,2026-07-09",2,1,2026-07-09T00:00:00+00:00,BOL,Bolivien,144,Primera Division,calendar-2026-27,2026/27,1000010862,1846,Real Potosi,1297346,ABB,7,finished,FETCHED,COMPLETE,FULL_MATCH,1,1
2026-07-08,"2026-07-08,2026-07-09",2,1,2026-07-09T02:00:00+00:00,CAN,Kanada,9837,Canadian Championship,calendar-2026-27,2026/27,1000011231,1436202,Vancouver FC,161195,Montreal,Quarter-finals,finished,FETCHED,COMPLETE,FULL_MATCH,3,2_PLUS
2026-07-08,"2026-07-08,2026-07-09",2,1,2026-07-09T02:30:00+00:00,CAN,Kanada,9837,Canadian Championship,calendar-2026-27,2026/27,1000011230,307691,Vancouver,1022952,Cavalry FC,Quarter-finals,finished,FETCHED,COMPLETE,FULL_MATCH,3,2_PLUS
2026-07-08,"2026-07-08,2026-07-09",2,1,2026-07-09T02:30:00+00:00,USA,USA,8972,USL Championship,calendar-2026-27,2026/27,5109829,521004,Sacramento Republic FC,1597140,Rhode Island FC,1,finished,FETCHED,COMPLETE,FULL_MATCH,0,0
2026-07-09,2026-07-09,1,0,2026-07-09T16:00:00+00:00,INT,International,10613,Europa League Qualifikation,calendar-2026-27,2026/27,5786500,7981,Qarabag FK,750462,Vestri,1,finished,FETCHED,COMPLETE,FULL_MATCH,1,1
2026-07-09,2026-07-09,1,0,2026-07-09T18:00:00+00:00,INT,International,10613,Europa League Qualifikation,calendar-2026-27,2026/27,5786504,6406,Vojvodina,8222,Ferencvaros,1,finished,FETCHED,COMPLETE,FULL_MATCH,1,1
2026-07-09,2026-07-09,1,0,2026-07-09T20:00:00+00:00,INT,International,77,WM,calendar-2026-27,2026/27,4653851,6723,France,6262,Morocco,1/4,finished,FETCHED,COMPLETE,FULL_MATCH,2,2_PLUS
2026-07-09,"2026-07-09,2026-07-10",2,1,2026-07-09T23:00:00+00:00,CHI,Chile,11697,Copa de la Liga,calendar-2026-27,2026/27,1000013921,49559,Ñublense,6296,O'Higgins,Semi-finals,finished,FETCHED,COMPLETE,FULL_MATCH,1,1
2026-07-09,"2026-07-09,2026-07-10",2,1,2026-07-10T00:00:00+00:00,BOL,Bolivien,144,Primera Division,calendar-2026-27,2026/27,1000010847,164353,Nacional Potosi,49720,Aurora,6,finished,FETCHED,COMPLETE,FULL_MATCH,2,2_PLUS
2026-07-10,2026-07-10,1,0,2026-07-10T10:30:00+00:00,KOR,Südkorea,9116,K League 2,calendar-2026-27,2026/27,5155832,187960,Cheonan City,187953,Gimhae FC 2008,17,finished,FETCHED,COMPLETE,FULL_MATCH,0,0
2026-07-10,2026-07-10,1,0,2026-07-10T10:30:00+00:00,KOR,Südkorea,9116,K League 2,calendar-2026-27,2026/27,5155833,187951,Suwon FC,109377,Jeonnam Dragons,17,finished,FETCHED,COMPLETE,FULL_MATCH,3,2_PLUS
2026-07-10,2026-07-10,1,0,2026-07-10T11:35:00+00:00,CHN,China,120,Super League,calendar-2026-27,2026/27,5186541,8623,Shandong Taishan,1477056,Yunnan Yukun,18,finished,FETCHED,COMPLETE,FULL_MATCH,3,2_PLUS
2026-07-10,2026-07-10,1,0,2026-07-10T16:00:00+00:00,FIN,Finnland,51,Veikkausliiga,calendar-2026-27,2026/27,5147593,6597,VPS,162162,SJK,15,finished,FETCHED,COMPLETE,FULL_MATCH,1,1
2026-07-10,2026-07-10,1,0,2026-07-10T16:00:00+00:00,INT,International,489,Vereins-Freundschaftsspiele,calendar-2026-27,2026/27,5847093,8593,Ajax,7797,AEK Larnaca,1,finished,FETCHED,COMPLETE,FULL_MATCH,1,1
2026-07-10,2026-07-10,1,0,2026-07-10T18:45:00+00:00,IRL,Irland,126,Premier Liga,calendar-2026-27,2026/27,5100931,1853,Dundalk,8339,Drogheda United,24,finished,FETCHED,COMPLETE,FULL_MATCH,2,2_PLUS
2026-07-10,2026-07-10,1,0,2026-07-10T19:00:00+00:00,INT,International,77,WM,calendar-2026-27,2026/27,4653853,6720,Spain,8263,Belgium,1/4,finished,FETCHED,COMPLETE,FULL_MATCH,1,1
2026-07-10,2026-07-10,1,0,2026-07-10T19:00:00+00:00,IRL,Irland,126,Premier Liga,calendar-2026-27,2026/27,5100933,6042,Waterford FC,1854,St. Patrick's Athletic,24,finished,FETCHED,COMPLETE,FULL_MATCH,1,1
2026-07-10,"2026-07-10,2026-07-11",2,1,2026-07-10T22:00:00+00:00,ECU,Ecuador,246,Serie A,calendar-2026-27,2026/27,1000009010,1370528,Leones del Norte,113053,Universidad Catolica,18,finished,FETCHED,COMPLETE,FULL_MATCH,0,0
2026-07-10,"2026-07-10,2026-07-11",2,1,2026-07-10T22:00:00+00:00,BRA,Brasilien,8814,Serie B,calendar-2026-27,2026/27,5190608,10274,Juventude,109706,Vila Nova,17,finished,FETCHED,COMPLETE,FULL_MATCH,0,0
2026-07-10,"2026-07-10,2026-07-11",2,1,2026-07-10T23:00:00+00:00,BRA,Brasilien,8814,Serie B,calendar-2026-27,2026/27,5190606,6305,Sport Recife,8355,Botafogo SP,17,finished,FETCHED,COMPLETE,FULL_MATCH,4,2_PLUS
2026-07-10,"2026-07-10,2026-07-11",2,1,2026-07-11T00:00:00+00:00,USA,USA,9134,NWSL,calendar-2026-27,2026/27,5161553,1237244,Racing Louisville (W),1607273,Bay FC (W),0,finished,FETCHED,COMPLETE,FULL_MATCH,1,1
2026-07-10,"2026-07-10,2026-07-11",2,1,2026-07-11T00:00:00+00:00,USA,USA,9134,NWSL,calendar-2026-27,2026/27,5161554,1795723,Boston Legacy FC (W),189393,Chicago Stars (W),0,finished,FETCHED,COMPLETE,FULL_MATCH,1,1
2026-07-10,"2026-07-10,2026-07-11",2,1,2026-07-11T00:15:00+00:00,ECU,Ecuador,246,Serie A,calendar-2026-27,2026/27,1000009013,113054,Tecnico Universitario,6609,CSD Macara,18,finished,FETCHED,COMPLETE,FULL_MATCH,1,1
2026-07-10,"2026-07-10,2026-07-11",2,1,2026-07-11T01:00:00+00:00,USA,USA,9134,NWSL,calendar-2026-27,2026/27,5161552,728922,Orlando Pride (W),1237561,Kansas City Current (W),0,finished,FETCHED,COMPLETE,FULL_MATCH,3,2_PLUS
2026-07-10,"2026-07-10,2026-07-11",2,1,2026-07-11T02:00:00+00:00,USA,USA,9134,NWSL,calendar-2026-27,2026/27,5161555,923654,Utah Royals (W),189397,Gotham FC (W),0,finished,FETCHED,COMPLETE,FULL_MATCH,1,1
2026-07-11,2026-07-11,1,0,2026-07-11T09:00:00+00:00,INT,International,489,Vereins-Freundschaftsspiele,calendar-2026-27,2026/27,5900560,8640,PSV Eindhoven,4024,Raków Częstochowa,1,finished,FETCHED,COMPLETE,FULL_MATCH,1,1
2026-07-11,2026-07-11,1,0,2026-07-11T10:00:00+00:00,INT,International,489,Vereins-Freundschaftsspiele,calendar-2026-27,2026/27,5900535,10235,Feyenoord,8342,Club Brugge,1,finished,FETCHED,COMPLETE,FULL_MATCH,4,2_PLUS
2026-07-11,2026-07-11,1,0,2026-07-11T10:30:00+00:00,KOR,Südkorea,9080,K League 1,calendar-2026-27,2026/27,5139958,133901,Gimcheon Sangmu,429441,Bucheon FC 1995,17,finished,FETCHED,COMPLETE,FULL_MATCH,0,0
2026-07-11,2026-07-11,1,0,2026-07-11T10:30:00+00:00,KOR,Südkorea,9080,K League 1,calendar-2026-27,2026/27,5139959,245905,Gwangju FC,109373,Pohang Steelers,17,finished,FETCHED,COMPLETE,FULL_MATCH,2,2_PLUS
2026-07-11,2026-07-11,1,0,2026-07-11T10:30:00+00:00,KOR,Südkorea,9080,K League 1,calendar-2026-27,2026/27,5139960,133896,Ulsan HD FC,46038,Jeonbuk Hyundai Motors FC,17,finished,FETCHED,COMPLETE,FULL_MATCH,3,2_PLUS
2026-07-11,2026-07-11,1,0,2026-07-11T10:30:00+00:00,KOR,Südkorea,9116,K League 2,calendar-2026-27,2026/27,5155834,821875,Ansan Greeners,88517,Suwon Samsung Bluewings,17,finished,FETCHED,COMPLETE,FULL_MATCH,2,2_PLUS
2026-07-11,2026-07-11,1,0,2026-07-11T10:30:00+00:00,KOR,Südkorea,9116,K League 2,calendar-2026-27,2026/27,5155835,133897,Daegu FC,6614,Seongnam FC,17,finished,FETCHED,COMPLETE,FULL_MATCH,3,2_PLUS
2026-07-11,2026-07-11,1,0,2026-07-11T10:30:00+00:00,KOR,Südkorea,9116,K League 2,calendar-2026-27,2026/27,5155836,739800,Hwaseong FC,739803,Paju Frontier,17,finished,FETCHED,COMPLETE,FULL_MATCH,2,2_PLUS
2026-07-11,2026-07-11,1,0,2026-07-11T10:30:00+00:00,KOR,Südkorea,9116,K League 2,calendar-2026-27,2026/27,5155837,1897657,Yongin FC,833651,Cheongju FC,17,finished,FETCHED,COMPLETE,FULL_MATCH,1,1
2026-07-11,"2026-07-11,2026-08-18",2,0,2026-07-11T11:35:00+00:00,CHN,China,120,Super League,calendar-2026-27,2026/27,5186544,6628,Shanghai Shenhua,4177,Beijing Guoan,18,cancelled,FETCHED,COMPLETE,FULL_MATCH,2,2_PLUS
2026-07-11,2026-07-11,1,0,2026-07-11T11:35:00+00:00,CHN,China,120,Super League,calendar-2026-27,2026/27,5186545,930027,Shenzhen Peng City,1283248,Qingdao West Coast,18,finished,FETCHED,COMPLETE,FULL_MATCH,1,1
2026-07-11,2026-07-11,1,0,2026-07-11T12:00:00+00:00,NOR,Norwegen,59,Eliteserien,calendar-2026-27,2026/27,5104939,8417,Fredrikstad,8476,Lillestrøm,13,finished,FETCHED,COMPLETE,FULL_MATCH,2,2_PLUS
2026-07-11,2026-07-11,1,0,2026-07-11T12:00:00+00:00,FIN,Finnland,51,Veikkausliiga,calendar-2026-27,2026/27,5147594,8424,FC Lahti,9861,HJK,15,finished,FETCHED,COMPLETE,FULL_MATCH,1,1
2026-07-11,2026-07-11,1,0,2026-07-11T12:00:00+00:00,CHN,China,120,Super League,calendar-2026-27,2026/27,5186546,737052,Chengdu Rongcheng FC,1477050,Chongqing Tongliang Long,18,finished,FETCHED,COMPLETE,FULL_MATCH,1,1
2026-07-11,2026-07-11,1,0,2026-07-11T13:00:00+00:00,SWE,Schweden,67,Allsvenskan,calendar-2026-27,2026/27,5107529,8127,Mjällby,8349,AIK,12,finished,FETCHED,COMPLETE,FULL_MATCH,3,2_PLUS
2026-07-11,2026-07-11,1,0,2026-07-11T14:00:00+00:00,NOR,Norwegen,59,Eliteserien,calendar-2026-27,2026/27,5104938,8404,Aalesund,9917,Molde,13,finished,FETCHED,COMPLETE,FULL_MATCH,1,1
2026-07-11,2026-07-11,1,0,2026-07-11T14:00:00+00:00,FIN,Finnland,51,Veikkausliiga,calendar-2026-27,2026/27,5147595,2361,IF Gnistan,6634,IFK Mariehamn,15,finished,FETCHED,COMPLETE,FULL_MATCH,5,2_PLUS
2026-07-11,2026-07-11,1,0,2026-07-11T14:00:00+00:00,FIN,Finnland,51,Veikkausliiga,calendar-2026-27,2026/27,5147596,6633,TPS,4449,AC Oulu,15,finished,FETCHED,COMPLETE,FULL_MATCH,0,0
2026-07-11,2026-07-11,1,0,2026-07-11T15:30:00+00:00,SWE,Schweden,67,Allsvenskan,calendar-2026-27,2026/27,5107528,10002,Örgryte,8428,Häcken,12,finished,FETCHED,COMPLETE,FULL_MATCH,4,2_PLUS
2026-07-11,2026-07-11,1,0,2026-07-11T16:00:00+00:00,IRL,Irland,126,Premier Liga,calendar-2026-27,2026/27,5100932,520517,Galway United FC,6361,Sligo Rovers,24,finished,FETCHED,COMPLETE,FULL_MATCH,4,2_PLUS
2026-07-11,2026-07-11,1,0,2026-07-11T16:00:00+00:00,NOR,Norwegen,59,Eliteserien,calendar-2026-27,2026/27,5104944,8608,Tromsø,8007,Vålerenga,13,finished,FETCHED,COMPLETE,FULL_MATCH,1,1
2026-07-11,2026-07-11,1,0,2026-07-11T17:00:00+00:00,ECU,Ecuador,246,Serie A,calendar-2026-27,2026/27,1000009015,162922,Manta,1014174,Orense,18,finished,FETCHED,COMPLETE,FULL_MATCH,0,0
2026-07-11,2026-07-11,1,0,2026-07-11T17:30:00+00:00,INT,International,489,Vereins-Freundschaftsspiele,calendar-2026-27,2026/27,5904696,8695,Fenerbahçe,8023,Pogoń Szczecin,1,finished,FETCHED,COMPLETE,FULL_MATCH,2,2_PLUS
2026-07-11,2026-07-11,1,0,2026-07-11T18:00:00+00:00,INT,International,287,UEFA U19 Championship,calendar-2026-27,2026/27,5344827,5932,Spain U19,6590,Germany U19,final,finished,FETCHED,COMPLETE,FULL_MATCH,1,1
2026-07-11,2026-07-11,1,0,2026-07-11T19:00:00+00:00,BOL,Bolivien,144,Primera Division,calendar-2026-27,2026/27,1000010882,1504766,CDT Real Oruro,1504770,GV San Jose,10,finished,FETCHED,COMPLETE,FULL_MATCH,3,2_PLUS
2026-07-11,2026-07-11,1,0,2026-07-11T19:00:00+00:00,USA,USA,10654,USL Cup,calendar-2026-27,2026/27,5201591,1130413,Oakland Roots SC,1584038,Spokane Velocity FC,4,finished,FETCHED,COMPLETE,FULL_MATCH,2,2_PLUS
2026-07-11,2026-07-11,1,0,2026-07-11T19:10:00+00:00,ECU,Ecuador,246,Serie A,calendar-2026-27,2026/27,1000009012,304929,Mushuc Runa,192875,Independiente del Valle,18,finished,FETCHED,COMPLETE,FULL_MATCH,3,2_PLUS
2026-07-11,2026-07-11,1,0,2026-07-11T20:00:00+00:00,CAN,Kanada,10872,Northern Super League,calendar-2026-27,2026/27,1000009188,1739721,AFC Toronto,1739719,Ottawa Rapid FC,Regular Season,finished,FETCHED,COMPLETE,FULL_MATCH,1,1
2026-07-11,2026-07-11,1,0,2026-07-11T21:00:00+00:00,INT,International,77,WM,calendar-2026-27,2026/27,4653852,8492,Norway,8491,England,1/4,finished,FETCHED,COMPLETE,FULL_MATCH,1,1
2026-07-11,"2026-07-11,2026-07-12",2,1,2026-07-11T22:30:00+00:00,USA,USA,9134,NWSL,calendar-2026-27,2026/27,5161556,243295,North Carolina Courage (W),433030,Washington Spirit (W),0,finished,FETCHED,COMPLETE,FULL_MATCH,0,0
2026-07-11,"2026-07-11,2026-07-12",2,1,2026-07-11T23:00:00+00:00,USA,USA,10282,MLS Next Pro,calendar-2026-27,2026/27,1000007638,915806,Atlanta United 2,1348111,Inter Miami CF II,20,finished,FETCHED,COMPLETE,FULL_MATCH,4,2_PLUS
2026-07-11,"2026-07-11,2026-07-12",2,1,2026-07-11T23:00:00+00:00,USA,USA,10282,MLS Next Pro,calendar-2026-27,2026/27,1000007639,1451868,Crown Legacy FC,1348108,New York City FC II,20,finished,FETCHED,COMPLETE,FULL_MATCH,0,0
2026-07-11,"2026-07-11,2026-07-12",2,1,2026-07-11T23:00:00+00:00,USA,USA,10282,MLS Next Pro,calendar-2026-27,2026/27,1000007640,1348104,Houston Dynamo 2,1346404,St. Louis City 2,20,finished,FETCHED,COMPLETE,FULL_MATCH,2,2_PLUS
2026-07-11,"2026-07-11,2026-07-12",2,1,2026-07-11T23:00:00+00:00,ECU,Ecuador,246,Serie A,calendar-2026-27,2026/27,1000009014,194754,Guayaquil City,519457,Delfin,18,finished,FETCHED,COMPLETE,FULL_MATCH,2,2_PLUS
2026-07-11,"2026-07-11,2026-07-12",2,1,2026-07-11T23:00:00+00:00,CAN,Kanada,10872,Northern Super League,calendar-2026-27,2026/27,1000009187,1739712,Calgary Wild FC,1739724,Vancouver Rise FC,Regular Season,finished,FETCHED,COMPLETE,FULL_MATCH,2,2_PLUS
2026-07-11,"2026-07-11,2026-07-12",2,1,2026-07-11T23:00:00+00:00,USA,USA,10654,USL Cup,calendar-2026-27,2026/27,5201619,267816,Pittsburgh Riverhounds SC,1003205,Loudoun United FC,4,finished,FETCHED,COMPLETE,FULL_MATCH,1,1
2026-07-11,"2026-07-11,2026-07-12",2,1,2026-07-11T23:00:00+00:00,USA,USA,10654,USL Cup,calendar-2026-27,2026/27,5201633,1003206,Hartford Athletic,1706430,Westchester SC,4,finished,FETCHED,COMPLETE,FULL_MATCH,0,0
2026-07-11,"2026-07-11,2026-07-12",2,1,2026-07-11T23:00:00+00:00,USA,USA,10654,USL Cup,calendar-2026-27,2026/27,5201634,1701883,Portland Hearts of Pine,422694,Cosmos,4,finished,FETCHED,COMPLETE,FULL_MATCH,2,2_PLUS
2026-07-11,"2026-07-11,2026-07-12",2,1,2026-07-11T23:30:00+00:00,USA,USA,10654,USL Cup,calendar-2026-27,2026/27,5201606,1358072,Fort Wayne,540855,Detroit City FC,4,finished,FETCHED,COMPLETE,FULL_MATCH,3,2_PLUS
2026-07-11,"2026-07-11,2026-07-12",2,1,2026-07-11T23:30:00+00:00,USA,USA,10654,USL Cup,calendar-2026-27,2026/27,5201620,1004920,Greenville Triumph SC,267811,Richmond Kickers,4,finished,FETCHED,COMPLETE,FULL_MATCH,3,2_PLUS
2026-07-11,"2026-07-11,2026-07-12",2,1,2026-07-11T23:30:00+00:00,USA,USA,10654,USL Cup,calendar-2026-27,2026/27,5201635,1597140,Rhode Island FC,1877733,Brooklyn,4,finished,FETCHED,COMPLETE,FULL_MATCH,0,0
2026-07-11,"2026-07-11,2026-07-12",2,1,2026-07-11T23:30:00+00:00,USA,USA,10654,USL Cup,calendar-2026-27,2026/27,5201792,1448561,Sarasota Paradise,721896,Miami FC,5,finished,FETCHED,COMPLETE,FULL_MATCH,2,2_PLUS
2026-07-11,"2026-07-11,2026-07-12",2,1,2026-07-11T23:30:00+00:00,USA,USA,10654,USL Cup,calendar-2026-27,2026/27,5201800,197328,Tampa Bay Rowdies,1701877,FC Naples,5,finished,FETCHED,COMPLETE,FULL_MATCH,0,0
2026-07-11,"2026-07-11,2026-07-12",2,1,2026-07-12T00:00:00+00:00,USA,USA,10282,MLS Next Pro,calendar-2026-27,2026/27,1000007641,1348103,Colorado Rapids 2,1004921,North Texas SC,20,finished,FETCHED,COMPLETE,FULL_MATCH,1,1
2026-07-11,"2026-07-11,2026-07-12",2,1,2026-07-12T00:00:00+00:00,USA,USA,10654,USL Cup,calendar-2026-27,2026/27,5201601,1003207,Birmingham Legion FC,614325,FC Tulsa,4,finished,FETCHED,COMPLETE,FULL_MATCH,2,2_PLUS
2026-07-11,"2026-07-11,2026-07-12",2,1,2026-07-12T00:00:00+00:00,USA,USA,10654,USL Cup,calendar-2026-27,2026/27,5201607,1004919,Forward Madison FC,1121685,Union Omaha,5,finished,FETCHED,COMPLETE,FULL_MATCH,4,2_PLUS
2026-07-11,"2026-07-11,2026-07-12",2,1,2026-07-12T00:00:00+00:00,USA,USA,10654,USL Cup,calendar-2026-27,2026/27,5201608,614316,Louisville City FC,1430405,Lexington SC,5,finished,FETCHED,COMPLETE,FULL_MATCH,2,2_PLUS
2026-07-11,"2026-07-11,2026-07-12",2,1,2026-07-12T00:30:00+00:00,USA,USA,10654,USL Cup,calendar-2026-27,2026/27,5201602,1128317,Corpus Christi,1358088,One Knoxville SC,4,finished,FETCHED,COMPLETE,FULL_MATCH,2,2_PLUS
2026-07-11,"2026-07-11,2026-07-12",2,1,2026-07-12T00:45:00+00:00,USA,USA,9134,NWSL,calendar-2026-27,2026/27,5161557,1335917,San Diego Wave FC (W),1335914,Angel City FC (W),0,finished,FETCHED,COMPLETE,FULL_MATCH,0,0
2026-07-11,"2026-07-11,2026-07-12",2,1,2026-07-12T01:00:00+00:00,INT,International,77,WM,calendar-2026-27,2026/27,4653854,6706,Argentina,6717,Switzerland,1/4,finished,FETCHED,COMPLETE,FULL_MATCH,3,2_PLUS
2026-07-11,"2026-07-11,2026-07-12",2,1,2026-07-12T01:00:00+00:00,USA,USA,10654,USL Cup,calendar-2026-27,2026/27,5201598,1003209,El Paso Locomotive FC,1003208,New Mexico United,4,finished,FETCHED,COMPLETE,FULL_MATCH,2,2_PLUS
2026-07-11,"2026-07-11,2026-07-12",2,1,2026-07-12T01:00:00+00:00,USA,USA,10654,USL Cup,calendar-2026-27,2026/27,5201603,722269,San Antonio FC,1004918,Chattanooga Red Wolves SC,4,finished,FETCHED,COMPLETE,FULL_MATCH,0,0
2026-07-11,"2026-07-11,2026-07-12",2,1,2026-07-12T01:30:00+00:00,USA,USA,10654,USL Cup,calendar-2026-27,2026/27,5201592,1877675,Boise,521004,Sacramento Republic FC,4,finished,FETCHED,COMPLETE,FULL_MATCH,1,1
2026-07-11,"2026-07-11,2026-07-12",2,1,2026-07-12T01:30:00+00:00,USA,USA,10654,USL Cup,calendar-2026-27,2026/27,5201621,162183,Charleston Battery,614315,Charlotte Independence,4,finished,FETCHED,COMPLETE,FULL_MATCH,2,2_PLUS
2026-07-11,"2026-07-11,2026-07-12",2,1,2026-07-12T02:00:00+00:00,USA,USA,10282,MLS Next Pro,calendar-2026-27,2026/27,1000007637,614324,Real Monarchs SLC,614326,Vancouver Whitecaps 2,20,finished,FETCHED,COMPLETE,FULL_MATCH,1,1
2026-07-11,"2026-07-11,2026-07-12",2,1,2026-07-12T02:00:00+00:00,USA,USA,10282,MLS Next Pro,calendar-2026-27,2026/27,1000007642,1451871,Los Angeles FC II,614322,Portland Timbers 2,20,finished,FETCHED,COMPLETE,FULL_MATCH,0,0
2026-07-11,"2026-07-11,2026-07-12",2,1,2026-07-12T02:00:00+00:00,USA,USA,10654,USL Cup,calendar-2026-27,2026/27,5201593,915808,Monterey Bay FC,915809,Las Vegas Lights FC,4,finished,FETCHED,COMPLETE,FULL_MATCH,3,2_PLUS
2026-07-11,"2026-07-11,2026-07-12",2,1,2026-07-12T02:00:00+00:00,USA,USA,10654,USL Cup,calendar-2026-27,2026/27,5201599,267813,Orange County SC,614321,Colorado Springs Switchbacks FC,4,finished,FETCHED,COMPLETE,FULL_MATCH,3,2_PLUS
2026-07-11,"2026-07-11,2026-07-12",2,1,2026-07-12T03:00:00+00:00,USA,USA,10654,USL Cup,calendar-2026-27,2026/27,5201600,1701876,AV Alta,424268,Phoenix Rising FC,4,finished,FETCHED,COMPLETE,FULL_MATCH,1,1
2026-07-12,2026-07-12,1,0,2026-07-12T10:30:00+00:00,KOR,Südkorea,9080,K League 1,calendar-2026-27,2026/27,5139961,133895,Incheon United,429440,FC Anyang,17,finished,FETCHED,COMPLETE,FULL_MATCH,0,0
2026-07-12,2026-07-12,1,0,2026-07-12T10:30:00+00:00,KOR,Südkorea,9080,K League 1,calendar-2026-27,2026/27,5139962,133898,Jeju SK,133900,Daejeon Hana Citizen,17,finished,FETCHED,COMPLETE,FULL_MATCH,0,0
2026-07-12,2026-07-12,1,0,2026-07-12T10:30:00+00:00,KOR,Südkorea,9080,K League 1,calendar-2026-27,2026/27,5139963,92630,FC Seoul,164734,Gangwon FC,17,finished,FETCHED,COMPLETE,FULL_MATCH,0,0
2026-07-12,2026-07-12,1,0,2026-07-12T10:30:00+00:00,KOR,Südkorea,9116,K League 2,calendar-2026-27,2026/27,5155838,429442,Chungnam Asan FC,133899,Gyeongnam FC,17,finished,FETCHED,COMPLETE,FULL_MATCH,0,0
2026-07-12,2026-07-12,1,0,2026-07-12T10:30:00+00:00,KOR,Südkorea,9116,K League 2,calendar-2026-27,2026/27,5155839,6092,Busan I'Park,833649,Gimpo FC,17,finished,FETCHED,COMPLETE,FULL_MATCH,1,1
2026-07-12,"2026-07-12,2026-08-19",2,0,2026-07-12T11:35:00+00:00,CHN,China,120,Super League,calendar-2026-27,2026/27,5186548,198616,Shanghai Port,1477043,Dalian Yingbo,18,cancelled,FETCHED,COMPLETE,FULL_MATCH,1,1
2026-07-12,2026-07-12,1,0,2026-07-12T12:00:00+00:00,SWE,Schweden,67,Allsvenskan,calendar-2026-27,2026/27,5107526,8248,Hammarby,9892,Kalmar FF,12,finished,FETCHED,COMPLETE,FULL_MATCH,1,1
2026-07-12,2026-07-12,1,0,2026-07-12T12:00:00+00:00,SWE,Schweden,67,Allsvenskan,calendar-2026-27,2026/27,5107530,10237,Malmö FF,9893,IFK Göteborg,12,finished,FETCHED,COMPLETE,FULL_MATCH,1,1
2026-07-12,2026-07-12,1,0,2026-07-12T12:00:00+00:00,SWE,Schweden,67,Allsvenskan,calendar-2026-27,2026/27,5107532,6194,Västerås SK,6544,Degerfors,12,finished,FETCHED,COMPLETE,FULL_MATCH,1,1
2026-07-12,2026-07-12,1,0,2026-07-12T12:30:00+00:00,NOR,Norwegen,59,Eliteserien,calendar-2026-27,2026/27,5104940,2305,KFUM,8402,Bodø/Glimt,13,finished,FETCHED,COMPLETE,FULL_MATCH,1,1
2026-07-12,2026-07-12,1,0,2026-07-12T14:00:00+00:00,BRA,Brasilien,8814,Serie B,calendar-2026-27,2026/27,5190602,197429,Operario Ferroviario,581838,Novorizontino,17,finished,FETCHED,COMPLETE,FULL_MATCH,1,1
2026-07-12,2026-07-12,1,0,2026-07-12T14:30:00+00:00,SWE,Schweden,67,Allsvenskan,calendar-2026-27,2026/27,5107527,8297,GAIS,8014,Elfsborg,12,finished,FETCHED,COMPLETE,FULL_MATCH,1,1
2026-07-12,2026-07-12,1,0,2026-07-12T14:30:00+00:00,SWE,Schweden,67,Allsvenskan,calendar-2026-27,2026/27,5107531,8501,Brommapojkarna,6694,Sirius,12,finished,FETCHED,COMPLETE,FULL_MATCH,1,1
2026-07-12,2026-07-12,1,0,2026-07-12T15:00:00+00:00,NOR,Norwegen,59,Eliteserien,calendar-2026-27,2026/27,5104941,8468,Brann,9919,Start,13,finished,FETCHED,COMPLETE,FULL_MATCH,3,2_PLUS
2026-07-12,2026-07-12,1,0,2026-07-12T15:00:00+00:00,NOR,Norwegen,59,Eliteserien,calendar-2026-27,2026/27,5104942,8422,Rosenborg,8605,Kristiansund,13,finished,FETCHED,COMPLETE,FULL_MATCH,1,1
2026-07-12,2026-07-12,1,0,2026-07-12T15:00:00+00:00,NOR,Norwegen,59,Eliteserien,calendar-2026-27,2026/27,5104945,8609,Sandefjord,8448,HamKam,13,finished,FETCHED,COMPLETE,FULL_MATCH,3,2_PLUS
2026-07-12,2026-07-12,1,0,2026-07-12T17:00:00+00:00,ECU,Ecuador,246,Serie A,calendar-2026-27,2026/27,1000009016,6721,LDU de Quito,1345405,Libertad,18,finished,FETCHED,COMPLETE,FULL_MATCH,0,0
2026-07-12,2026-07-12,1,0,2026-07-12T17:15:00+00:00,NOR,Norwegen,59,Eliteserien,calendar-2026-27,2026/27,5104943,8509,Sarpsborg 08,8478,Viking,13,finished,FETCHED,COMPLETE,FULL_MATCH,0,0
2026-07-12,2026-07-12,1,0,2026-07-12T18:00:00+00:00,ISL,Island,215,Besta deildin,calendar-2026-27,2026/27,5225678,6291,Fram Reykjavik,4496,Thor Akureyri,14,finished,FETCHED,COMPLETE,FULL_MATCH,4,2_PLUS
2026-07-12,2026-07-12,1,0,2026-07-12T18:00:00+00:00,ISL,Island,215,Besta deildin,calendar-2026-27,2026/27,5225679,2165,KA Akureyri,8004,IA Akranes,14,finished,FETCHED,COMPLETE,FULL_MATCH,4,2_PLUS
2026-07-12,2026-07-12,1,0,2026-07-12T18:00:00+00:00,ISL,Island,215,Besta deildin,calendar-2026-27,2026/27,5225680,8130,KR Reykjavik,8299,IBV Vestmannaeyjar,14,finished,FETCHED,COMPLETE,FULL_MATCH,4,2_PLUS
2026-07-12,2026-07-12,1,0,2026-07-12T19:00:00+00:00,USA,USA,10282,MLS Next Pro,calendar-2026-27,2026/27,1000007643,722264,Philadelphia Union II,1445755,Huntsville City FC,20,finished,FETCHED,COMPLETE,FULL_MATCH,0,0
2026-07-12,2026-07-12,1,0,2026-07-12T19:00:00+00:00,BOL,Bolivien,144,Primera Division,calendar-2026-27,2026/27,1000010884,1846,Real Potosi,164353,Nacional Potosi,10,finished,FETCHED,COMPLETE,FULL_MATCH,1,1
2026-07-12,2026-07-12,1,0,2026-07-12T19:00:00+00:00,CHI,Chile,11697,Copa de la Liga,calendar-2026-27,2026/27,1000013922,4062,Coquimbo Unido,192435,Union La Calera,Semi-finals,finished,FETCHED,COMPLETE,FULL_MATCH,1,1
2026-07-12,2026-07-12,1,0,2026-07-12T19:00:00+00:00,BRA,Brasilien,8814,Serie B,calendar-2026-27,2026/27,5190600,231931,Sao Bernardo,197815,Cuiaba,17,finished,FETCHED,COMPLETE,FULL_MATCH,0,0
2026-07-12,2026-07-12,1,0,2026-07-12T19:00:00+00:00,BRA,Brasilien,8814,Serie B,calendar-2026-27,2026/27,5190605,104822,Avai FC,2369,Nautico,17,finished,FETCHED,COMPLETE,FULL_MATCH,1,1
2026-07-12,2026-07-12,1,0,2026-07-12T19:15:00+00:00,ECU,Ecuador,246,Serie A,calendar-2026-27,2026/27,1000009011,4144,Deportivo Cuenca,6608,Aucas,18,finished,FETCHED,COMPLETE,FULL_MATCH,0,0
2026-07-12,2026-07-12,1,0,2026-07-12T19:15:00+00:00,ARG,Argentinien,9305,Copa Argentina,calendar-2026-27,2026/27,1000010207,161729,Independiente Rivadavia,89396,Tigre,16th Finals,finished,FETCHED,COMPLETE,FULL_MATCH,0,0
2026-07-12,2026-07-12,1,0,2026-07-12T20:00:00+00:00,USA,USA,10282,MLS Next Pro,calendar-2026-27,2026/27,1000007644,1348118,Chicago Fire FC II,614318,Red Bull New York  II,20,finished,FETCHED,COMPLETE,FULL_MATCH,1,1
2026-07-12,2026-07-12,1,0,2026-07-12T20:00:00+00:00,CAN,Kanada,10872,Northern Super League,calendar-2026-27,2026/27,1000009189,1739717,Montreal Roses FC,1739714,Halifax Tides FC,Regular Season,finished,FETCHED,COMPLETE,FULL_MATCH,1,1
2026-07-12,2026-07-12,1,0,2026-07-12T20:00:00+00:00,CAN,Kanada,9837,Canadian Championship,calendar-2026-27,2026/27,1000011234,1022955,Forge FC,1615753,CS Saint-Laurent,Quarter-finals,finished,FETCHED,COMPLETE,FULL_MATCH,2,2_PLUS
2026-07-12,2026-07-12,1,0,2026-07-12T20:00:00+00:00,USA,USA,9134,NWSL,calendar-2026-27,2026/27,5161558,433031,Seattle Reign FC (W),433029,Portland Thorns (W),0,finished,FETCHED,COMPLETE,FULL_MATCH,0,0
2026-07-12,2026-07-12,1,0,2026-07-12T20:05:00+00:00,ISL,Island,215,Besta deildin,calendar-2026-27,2026/27,1000016024,8151,FH Hafnarfjordur,8064,Valur,14,finished,FETCHED,COMPLETE,FULL_MATCH,2,2_PLUS
2026-07-12,2026-07-12,1,0,2026-07-12T21:00:00+00:00,USA,USA,10282,MLS Next Pro,calendar-2026-27,2026/27,1000007645,1610955,Carolina Core FC,540884,Chattanooga FC,20,finished,FETCHED,COMPLETE,FULL_MATCH,1,1
2026-07-12,2026-07-12,1,0,2026-07-12T21:00:00+00:00,BRA,Brasilien,8814,Serie B,calendar-2026-27,2026/27,5190604,165545,Atletico GO,8287,Fortaleza,17,finished,FETCHED,COMPLETE,FULL_MATCH,0,0
2026-07-12,2026-07-12,1,0,2026-07-12T21:15:00+00:00,BOL,Bolivien,144,Primera Division,calendar-2026-27,2026/27,1000010885,2527,The Strongest,5983,Bolivar,10,finished,FETCHED,COMPLETE,FULL_MATCH,0,0
2026-07-12,"2026-07-12,2026-07-13",2,1,2026-07-12T22:00:00+00:00,USA,USA,10282,MLS Next Pro,calendar-2026-27,2026/27,1000007646,1348109,FC Cincinnati 2,722266,Orlando City B,20,finished,FETCHED,COMPLETE,FULL_MATCH,2,2_PLUS
2026-07-12,"2026-07-12,2026-07-13",2,1,2026-07-12T22:00:00+00:00,USA,USA,10282,MLS Next Pro,calendar-2026-27,2026/27,1000008066,1880719,Connecticut United,614319,Toronto FC II,20,finished,FETCHED,COMPLETE,FULL_MATCH,4,2_PLUS
2026-07-12,"2026-07-12,2026-07-13",2,1,2026-07-12T22:00:00+00:00,BRA,Brasilien,8814,Serie B,calendar-2026-27,2026/27,5190607,104821,CRB,9862,Goias,17,finished,FETCHED,COMPLETE,FULL_MATCH,2,2_PLUS
2026-07-12,"2026-07-12,2026-07-13",2,1,2026-07-12T23:00:00+00:00,USA,USA,9134,NWSL,calendar-2026-27,2026/27,5161559,1795705,Denver Summit FC (W),521233,Houston Dash (W),0,finished,FETCHED,COMPLETE,FULL_MATCH,1,1
2026-07-12,"2026-07-12,2026-07-13",2,1,2026-07-12T23:30:00+00:00,BOL,Bolivien,144,Primera Division,calendar-2026-27,2026/27,1000010883,1074622,Real Tomayapo,958325,Independiente Petrolero,10,finished,FETCHED,COMPLETE,FULL_MATCH,3,2_PLUS
2026-07-12,"2026-07-12,2026-07-13",2,1,2026-07-12T23:30:00+00:00,CAN,Kanada,9837,Canadian Championship,calendar-2026-27,2026/27,1000011233,161195,Montreal,1436202,Vancouver FC,Quarter-finals,finished,FETCHED,COMPLETE,FULL_MATCH,3,2_PLUS
2026-07-12,"2026-07-12,2026-07-13",2,1,2026-07-13T00:00:00+00:00,USA,USA,10282,MLS Next Pro,calendar-2026-27,2026/27,1000007647,1348115,San Jose Earthquakes II,614327,Tacoma Defiance,20,finished,FETCHED,COMPLETE,FULL_MATCH,1,1
2026-07-12,"2026-07-12,2026-07-13",2,1,2026-07-13T00:00:00+00:00,CHI,Chile,11697,Copa de la Liga,calendar-2026-27,2026/27,1000013923,6296,O'Higgins,49559,Ñublense,Semi-finals,finished,FETCHED,COMPLETE,FULL_MATCH,1,1
2026-07-12,"2026-07-12,2026-07-13",2,1,2026-07-13T00:10:00+00:00,ECU,Ecuador,246,Serie A,calendar-2026-27,2026/27,1000009009,1850,Emelec,6453,Barcelona SC,18,finished,FETCHED,COMPLETE,FULL_MATCH,0,0
2026-07-12,"2026-07-12,2026-07-13",2,1,2026-07-13T00:30:00+00:00,USA,USA,10282,MLS Next Pro,calendar-2026-27,2026/27,1000007648,1451870,Austin FC II,1348105,Minnesota United 2,20,finished,FETCHED,COMPLETE,FULL_MATCH,2,2_PLUS
2026-07-13,2026-07-13,1,0,2026-07-13T17:00:00+00:00,SWE,Schweden,67,Allsvenskan,calendar-2026-27,2026/27,5107525,9802,Djurgården,8310,Halmstads BK,12,finished,FETCHED,COMPLETE,FULL_MATCH,1,1
2026-07-13,2026-07-13,1,0,2026-07-13T19:15:00+00:00,ISL,Island,215,Besta deildin,calendar-2026-27,2026/27,5225682,8332,Breidablik,4472,Keflavik,14,finished,FETCHED,COMPLETE,FULL_MATCH,2,2_PLUS
2026-07-13,"2026-07-13,2026-07-14",2,1,2026-07-13T22:00:00+00:00,BRA,Brasilien,8814,Serie B,calendar-2026-27,2026/27,5190601,1757,America MG,298660,Londrina EC,17,finished,FETCHED,COMPLETE,FULL_MATCH,1,1
2026-07-13,"2026-07-13,2026-07-14",2,1,2026-07-13T23:30:00+00:00,BRA,Brasilien,8814,Serie B,calendar-2026-27,2026/27,5190603,172341,Ceara,1221604,Athletic Club,17,finished,FETCHED,COMPLETE,FULL_MATCH,0,0
2026-07-13,"2026-07-13,2026-07-14",2,1,2026-07-14T01:30:00+00:00,CAN,Kanada,9837,Canadian Championship,calendar-2026-27,2026/27,1000011232,1022952,Cavalry FC,307691,Vancouver,Quarter-finals,finished,FETCHED,COMPLETE,FULL_MATCH,2,2_PLUS
2026-07-14,2026-07-14,1,0,2026-07-14T09:30:00+00:00,AUS,Australien,9471,Australia Cup,calendar-2026-27,2026/27,5848059,162237,APIA Leichhardt FC,582214,Peninsula Power,1/16,finished,FETCHED,COMPLETE,FULL_MATCH,2,2_PLUS
2026-07-14,2026-07-14,1,0,2026-07-14T09:30:00+00:00,AUS,Australien,9471,Australia Cup,calendar-2026-27,2026/27,5848060,616800,Rochedale Rovers,1119620,SD Raiders FC,1/16,finished,FETCHED,COMPLETE,FULL_MATCH,2,2_PLUS
2026-07-14,2026-07-14,1,0,2026-07-14T11:35:00+00:00,CHN,China,120,Super League,calendar-2026-27,2026/27,5186543,51443,Zhejiang Professional,4183,Qingdao Hainiu,18,finished,FETCHED,COMPLETE,FULL_MATCH,4,2_PLUS
2026-07-14,2026-07-14,1,0,2026-07-14T17:00:00+00:00,INT,International,10611,Champions League Qualifikation,calendar-2026-27,2026/27,5785687,5755,Györi ETO,6017,Vikingur Reykjavik,1,finished,FETCHED,COMPLETE,FULL_MATCH,1,1
2026-07-14,2026-07-14,1,0,2026-07-14T17:30:00+00:00,INT,International,489,Vereins-Freundschaftsspiele,calendar-2026-27,2026/27,5766945,9977,LASK,8695,Fenerbahçe,1,finished,FETCHED,COMPLETE,FULL_MATCH,2,2_PLUS
2026-07-14,2026-07-14,1,0,2026-07-14T19:00:00+00:00,INT,International,77,WM,calendar-2026-27,2026/27,4653855,6723,France,6720,Spain,1/2,finished,FETCHED,COMPLETE,FULL_MATCH,1,1
2026-07-14,2026-07-14,1,0,2026-07-14T21:30:00+00:00,ECU,Ecuador,246,Serie A,calendar-2026-27,2026/27,1000009022,6609,CSD Macara,304929,Mushuc Runa,19,finished,FETCHED,COMPLETE,FULL_MATCH,1,1
2026-07-14,"2026-07-14,2026-07-15",2,1,2026-07-14T22:00:00+00:00,BOL,Bolivien,144,Primera Division,calendar-2026-27,2026/27,1000010866,1504766,CDT Real Oruro,805913,Always Ready,8,finished,FETCHED,COMPLETE,FULL_MATCH,3,2_PLUS
2026-07-14,"2026-07-14,2026-07-15",2,1,2026-07-15T00:00:00+00:00,ECU,Ecuador,246,Serie A,calendar-2026-27,2026/27,1000009023,162922,Manta,519457,Delfin,19,finished,FETCHED,COMPLETE,FULL_MATCH,1,1
2026-07-14,"2026-07-14,2026-07-15",2,1,2026-07-15T00:00:00+00:00,BOL,Bolivien,144,Primera Division,calendar-2026-27,2026/27,1000010867,49678,Blooming,1504770,GV San Jose,8,finished,FETCHED,COMPLETE,FULL_MATCH,1,1
2026-07-15,2026-07-15,1,0,2026-07-15T09:30:00+00:00,AUS,Australien,9471,Australia Cup,calendar-2026-27,2026/27,5848061,2057414,Marlin Coast Rangers,162316,Brunswick Juventus FC,1/16,finished,FETCHED,COMPLETE,FULL_MATCH,2,2_PLUS
2026-07-15,2026-07-15,1,0,2026-07-15T10:00:00+00:00,AUS,Australien,9471,Australia Cup,calendar-2026-27,2026/27,5848062,162284,FK Beograd,629991,North Sunshine Eagles SC,1/16,finished,FETCHED,COMPLETE,FULL_MATCH,5,2_PLUS
2026-07-15,2026-07-15,1,0,2026-07-15T15:00:00+00:00,INT,International,489,Vereins-Freundschaftsspiele,calendar-2026-27,2026/27,5847094,8593,Ajax,9911,Bochum,1,finished,FETCHED,COMPLETE,FULL_MATCH,1,1
2026-07-15,2026-07-15,1,0,2026-07-15T17:00:00+00:00,ECU,Ecuador,246,Serie A,calendar-2026-27,2026/27,1000009021,1345405,Libertad,113054,Tecnico Universitario,19,finished,FETCHED,COMPLETE,FULL_MATCH,1,1
2026-07-15,2026-07-15,1,0,2026-07-15T19:00:00+00:00,INT,International,77,WM,calendar-2026-27,2026/27,4653856,8491,England,6706,Argentina,1/2,finished,FETCHED,COMPLETE,FULL_MATCH,3,2_PLUS
2026-07-15,"2026-07-15,2026-07-16",2,1,2026-07-15T22:00:00+00:00,ECU,Ecuador,246,Serie A,calendar-2026-27,2026/27,1000009019,113053,Universidad Catolica,6721,LDU de Quito,19,finished,FETCHED,COMPLETE,FULL_MATCH,1,1
2026-07-15,"2026-07-15,2026-07-16",2,1,2026-07-15T22:00:00+00:00,ECU,Ecuador,246,Serie A,calendar-2026-27,2026/27,1000009024,1370528,Leones del Norte,4144,Deportivo Cuenca,19,finished,FETCHED,COMPLETE,FULL_MATCH,0,0
2026-07-15,"2026-07-15,2026-07-16",2,1,2026-07-15T22:00:00+00:00,BOL,Bolivien,144,Primera Division,calendar-2026-27,2026/27,1000010871,1846,Real Potosi,1297060,San Antonio Bulo Bulo,8,finished,FETCHED,COMPLETE,FULL_MATCH,3,2_PLUS
2026-07-15,"2026-07-15,2026-07-16",2,1,2026-07-15T22:30:00+00:00,USA,USA,9296,USL League One,calendar-2026-27,2026/27,5109457,1358088,One Knoxville SC,1358072,Fort Wayne,20,finished,FETCHED,COMPLETE,FULL_MATCH,3,2_PLUS
2026-07-15,"2026-07-15,2026-07-16",2,1,2026-07-15T23:00:00+00:00,USA,USA,10282,MLS Next Pro,calendar-2026-27,2026/27,1000007649,1121686,New England Revolution II,1348126,Columbus Crew 2,21,finished,FETCHED,COMPLETE,FULL_MATCH,1,1
2026-07-15,"2026-07-15,2026-07-16",2,1,2026-07-15T23:00:00+00:00,USA,USA,9296,USL League One,calendar-2026-27,2026/27,5109455,1004918,Chattanooga Red Wolves SC,1701876,AV Alta,20,finished,FETCHED,COMPLETE,FULL_MATCH,0,0
2026-07-15,"2026-07-15,2026-07-16",2,1,2026-07-15T23:00:00+00:00,USA,USA,8972,USL Championship,calendar-2026-27,2026/27,5109830,1430405,Lexington SC,1003208,New Mexico United,1,finished,FETCHED,COMPLETE,FULL_MATCH,3,2_PLUS
2026-07-15,"2026-07-15,2026-07-16",2,1,2026-07-15T23:00:00+00:00,USA,USA,8972,USL Championship,calendar-2026-27,2026/27,5109831,721896,Miami FC,514649,Indy Eleven,1,finished,FETCHED,COMPLETE,FULL_MATCH,1,1
2026-07-15,"2026-07-15,2026-07-16",2,1,2026-07-15T23:00:00+00:00,USA,USA,9134,NWSL,calendar-2026-27,2026/27,5161560,728922,Orlando Pride (W),1795723,Boston Legacy FC (W),0,finished,FETCHED,COMPLETE,FULL_MATCH,0,0
2026-07-15,"2026-07-15,2026-07-16",2,1,2026-07-15T23:30:00+00:00,USA,USA,8972,USL Championship,calendar-2026-27,2026/27,5109832,1737991,Sporting JAX,267816,Pittsburgh Riverhounds SC,1,finished,FETCHED,COMPLETE,FULL_MATCH,2,2_PLUS
2026-07-15,"2026-07-15,2026-07-16",2,1,2026-07-16T00:00:00+00:00,BOL,Bolivien,144,Primera Division,calendar-2026-27,2026/27,1000010869,2527,The Strongest,1844,Oriente Petrolero,8,finished,FETCHED,COMPLETE,FULL_MATCH,1,1
2026-07-15,"2026-07-15,2026-07-16",2,1,2026-07-16T00:00:00+00:00,USA,USA,9296,USL League One,calendar-2026-27,2026/27,5109456,1004919,Forward Madison FC,267811,Richmond Kickers,20,finished,FETCHED,COMPLETE,FULL_MATCH,2,2_PLUS
2026-07-15,"2026-07-15,2026-07-16",2,1,2026-07-16T00:00:00+00:00,USA,USA,9134,NWSL,calendar-2026-27,2026/27,5161561,189397,Gotham FC (W),433030,Washington Spirit (W),0,finished,FETCHED,COMPLETE,FULL_MATCH,0,0
2026-07-15,"2026-07-15,2026-07-16",2,1,2026-07-16T00:30:00+00:00,ECU,Ecuador,246,Serie A,calendar-2026-27,2026/27,1000009018,6453,Barcelona SC,194754,Guayaquil City,19,finished,FETCHED,COMPLETE,FULL_MATCH,2,2_PLUS
2026-07-16,2026-07-16,1,0,2026-07-16T16:30:00+00:00,ISR,Israel,9862,Super Cup,calendar-2026-27,2026/27,5805230,9754,Hapoel Beer Sheva,7855,Maccabi Tel Aviv,final,finished,FETCHED,COMPLETE,FULL_MATCH,2,2_PLUS
2026-07-16,2026-07-16,1,0,2026-07-16T17:00:00+00:00,NOR,Norwegen,59,Eliteserien,calendar-2026-27,2026/27,5104953,8007,Vålerenga,8404,Aalesund,14,finished,FETCHED,COMPLETE,FULL_MATCH,4,2_PLUS
2026-07-16,2026-07-16,1,0,2026-07-16T17:00:00+00:00,POL,Polen,200,Superpuchar Polski,calendar-2026-27,2026/27,5823117,2182,Lech Poznań,8020,Górnik Zabrze,final,finished,FETCHED,COMPLETE,FULL_MATCH,2,2_PLUS
2026-07-16,2026-07-16,1,0,2026-07-16T18:15:00+00:00,INT,International,10613,Europa League Qualifikation,calendar-2026-27,2026/27,5786510,8222,Ferencvaros,6406,Vojvodina,1,finished,FETCHED,COMPLETE,FULL_MATCH,1,1
2026-07-16,2026-07-16,1,0,2026-07-16T19:00:00+00:00,BOL,Bolivien,144,Primera Division,calendar-2026-27,2026/27,1000010868,1297346,ABB,958325,Independiente Petrolero,8,finished,FETCHED,COMPLETE,FULL_MATCH,3,2_PLUS
2026-07-16,2026-07-16,1,0,2026-07-16T20:00:00+00:00,INT,International,10613,Europa League Qualifikation,calendar-2026-27,2026/27,5786506,750462,Vestri,7981,Qarabag FK,1,finished,FETCHED,COMPLETE,FULL_MATCH,1,1
2026-07-16,2026-07-16,1,0,2026-07-16T21:30:00+00:00,ECU,Ecuador,246,Serie A,calendar-2026-27,2026/27,1000009020,6608,Aucas,192875,Independiente del Valle,19,finished,FETCHED,COMPLETE,FULL_MATCH,1,1
2026-07-16,2026-07-16,1,0,2026-07-16T21:45:00+00:00,ARG,Argentinien,9305,Copa Argentina,calendar-2026-27,2026/27,1000010890,10080,Racing Club,161730,Defensa y Justicia,16th Finals,finished,FETCHED,COMPLETE,FULL_MATCH,3,2_PLUS
2026-07-16,"2026-07-16,2026-07-17",2,1,2026-07-16T22:30:00+00:00,BRA,Brasilien,268,Serie A,calendar-2026-27,2026/27,5103545,8517,Botafogo RJ,8514,Santos FC,19,finished,FETCHED,COMPLETE,FULL_MATCH,2,2_PLUS
2026-07-16,"2026-07-16,2026-07-17",2,1,2026-07-16T22:30:00+00:00,BRA,Brasilien,268,Serie A,calendar-2026-27,2026/27,5103552,7733,Vitoria,10276,Vasco da Gama,19,finished,FETCHED,COMPLETE,FULL_MATCH,1,1
2026-07-16,"2026-07-16,2026-07-17",2,1,2026-07-16T23:00:00+00:00,CAN,Kanada,10872,Northern Super League,calendar-2026-27,2026/27,1000009190,1739719,Ottawa Rapid FC,1739714,Halifax Tides FC,Regular Season,finished,FETCHED,COMPLETE,FULL_MATCH,2,2_PLUS
2026-07-16,"2026-07-16,2026-07-17",2,1,2026-07-16T23:00:00+00:00,BRA,Brasilien,8814,Serie B,calendar-2026-27,2026/27,5190617,104821,CRB,2369,Nautico,18,finished,FETCHED,COMPLETE,FULL_MATCH,2,2_PLUS
2026-07-16,"2026-07-16,2026-07-17",2,1,2026-07-16T23:30:00+00:00,USA,USA,130,MLS,calendar-2026-27,2026/27,5071210,161195,Montreal,56453,Toronto,1,finished,FETCHED,COMPLETE,FULL_MATCH,0,0
2026-07-16,"2026-07-16,2026-07-17",2,1,2026-07-17T00:00:00+00:00,ECU,Ecuador,246,Serie A,calendar-2026-27,2026/27,1000009017,1014174,Orense,1850,Emelec,19,finished,FETCHED,COMPLETE,FULL_MATCH,1,1
2026-07-16,"2026-07-16,2026-07-17",2,1,2026-07-17T00:30:00+00:00,USA,USA,130,MLS,calendar-2026-27,2026/27,5071213,1427963,St. Louis City,6604,Sporting KC,9,finished,FETCHED,COMPLETE,FULL_MATCH,2,2_PLUS
2026-07-16,"2026-07-16,2026-07-17",2,1,2026-07-17T00:45:00+00:00,ARG,Argentinien,9305,Copa Argentina,calendar-2026-27,2026/27,1000010897,202757,Sarmiento,10077,Boca Juniors,16th Finals,finished,FETCHED,COMPLETE,FULL_MATCH,2,2_PLUS
2026-07-16,"2026-07-16,2026-07-17",2,1,2026-07-17T01:00:00+00:00,MEX,Mexiko,230,Liga MX,calendar-2026-27,2026/27,1000014499,1842,Necaxa,1942,Atlante,1,finished,FETCHED,COMPLETE,FULL_MATCH,3,2_PLUS
2026-07-16,"2026-07-16,2026-07-17",2,1,2026-07-17T02:30:00+00:00,USA,USA,130,MLS,calendar-2026-27,2026/27,5071212,130394,Seattle Sounders,307690,Portland,9,finished,FETCHED,COMPLETE,FULL_MATCH,5,2_PLUS
2026-07-16,"2026-07-16,2026-07-17",2,1,2026-07-17T03:10:00+00:00,MEX,Mexiko,230,Liga MX,calendar-2026-27,2026/27,1000014500,162418,Tijuana,8561,Tigres,1,finished,FETCHED,COMPLETE,FULL_MATCH,3,2_PLUS
2026-07-17,2026-07-17,1,0,2026-07-17T11:00:00+00:00,CHN,China,120,Super League,calendar-2026-27,2026/27,5186553,1283248,Qingdao West Coast,737052,Chengdu Rongcheng FC,19,finished,FETCHED,COMPLETE,FULL_MATCH,1,1
2026-07-17,2026-07-17,1,0,2026-07-17T11:30:00+00:00,INT,International,489,Vereins-Freundschaftsspiele,calendar-2026-27,2026/27,5900536,10235,Feyenoord,9986,Sporting Charleroi,1,finished,FETCHED,COMPLETE,FULL_MATCH,4,2_PLUS
2026-07-17,2026-07-17,1,0,2026-07-17T11:35:00+00:00,CHN,China,120,Super League,calendar-2026-27,2026/27,5186549,4177,Beijing Guoan,737054,Liaoning Tieren,19,finished,FETCHED,COMPLETE,FULL_MATCH,1,1
2026-07-17,2026-07-17,1,0,2026-07-17T11:35:00+00:00,CHN,China,120,Super League,calendar-2026-27,2026/27,5186550,51442,Henan FC,4183,Qingdao Hainiu,19,finished,FETCHED,COMPLETE,FULL_MATCH,4,2_PLUS
2026-07-17,2026-07-17,1,0,2026-07-17T12:00:00+00:00,CHN,China,120,Super League,calendar-2026-27,2026/27,5186551,1477056,Yunnan Yukun,198616,Shanghai Port,19,finished,FETCHED,COMPLETE,FULL_MATCH,2,2_PLUS
2026-07-17,2026-07-17,1,0,2026-07-17T15:30:00+00:00,ROU,Rumänien,189,Liga I,calendar-2026-27,2026/27,5853435,405332,FC Voluntari,188191,Botosani,1,finished,FETCHED,COMPLETE,FULL_MATCH,2,2_PLUS
2026-07-17,2026-07-17,1,0,2026-07-17T17:00:00+00:00,SWE,Schweden,67,Allsvenskan,calendar-2026-27,2026/27,5107535,9893,IFK Göteborg,8501,Brommapojkarna,13,finished,FETCHED,COMPLETE,FULL_MATCH,3,2_PLUS
2026-07-17,2026-07-17,1,0,2026-07-17T17:00:00+00:00,SWE,Schweden,67,Allsvenskan,calendar-2026-27,2026/27,5107537,8127,Mjällby,6194,Västerås SK,13,finished,FETCHED,COMPLETE,FULL_MATCH,0,0
2026-07-17,2026-07-17,1,0,2026-07-17T17:15:00+00:00,NOR,Norwegen,59,Eliteserien,calendar-2026-27,2026/27,5104946,8402,Bodø/Glimt,8417,Fredrikstad,14,finished,FETCHED,COMPLETE,FULL_MATCH,0,0
2026-07-17,2026-07-17,1,0,2026-07-17T18:00:00+00:00,PER,Peru,131,Liga 1,calendar-2026-27,2026/27,1000013492,1696744,FC Cajamarca,1573153,ADC Juan Pablo II,Clausura - Round 1,finished,FETCHED,COMPLETE,FULL_MATCH,4,2_PLUS
2026-07-17,2026-07-17,1,0,2026-07-17T18:00:00+00:00,SRB,Serbien,182,Super Liga,calendar-2026-27,2026/27,1000015068,8687,FK Crvena Zvezda,563180,Macva Sabac,1,finished,FETCHED,COMPLETE,FULL_MATCH,2,2_PLUS
2026-07-17,2026-07-17,1,0,2026-07-17T18:00:00+00:00,SRB,Serbien,182,Super Liga,calendar-2026-27,2026/27,1000015072,676141,Zeleznicar Pancevo,6410,Radnicki Nis,1,finished,FETCHED,COMPLETE,FULL_MATCH,1,1
2026-07-17,2026-07-17,1,0,2026-07-17T18:00:00+00:00,INT,International,489,Vereins-Freundschaftsspiele,calendar-2026-27,2026/27,5937769,281460,Ümraniyespor,8637,Galatasaray,1,finished,FETCHED,COMPLETE,FULL_MATCH,3,2_PLUS
2026-07-17,2026-07-17,1,0,2026-07-17T18:30:00+00:00,ROU,Rumänien,189,Liga I,calendar-2026-27,2026/27,5853434,9723,FCSB,9732,FC Arges Pitesti,1,finished,FETCHED,COMPLETE,FULL_MATCH,0,0
2026-07-17,2026-07-17,1,0,2026-07-17T20:15:00+00:00,PER,Peru,131,Liga 1,calendar-2026-27,2026/27,1000013494,1848,Sporting Cristal,920788,Deportivo Garcilaso,Clausura - Round 1,finished,FETCHED,COMPLETE,FULL_MATCH,1,1
2026-07-17,2026-07-17,1,0,2026-07-17T21:45:00+00:00,ARG,Argentinien,9305,Copa Argentina,calendar-2026-27,2026/27,1000010265,10083,San Lorenzo,298629,Deportivo Riestra,16th Finals,finished,FETCHED,COMPLETE,FULL_MATCH,1,1
2026-07-17,"2026-07-17,2026-07-18",2,1,2026-07-17T22:00:00+00:00,BRA,Brasilien,8814,Serie B,calendar-2026-27,2026/27,5190610,231931,Sao Bernardo,104822,Avai FC,18,finished,FETCHED,COMPLETE,FULL_MATCH,1,1
2026-07-17,"2026-07-17,2026-07-18",2,1,2026-07-17T22:00:00+00:00,BRA,Brasilien,8814,Serie B,calendar-2026-27,2026/27,5190611,1757,America MG,172341,Ceara,18,finished,FETCHED,COMPLETE,FULL_MATCH,2,2_PLUS
2026-07-17,"2026-07-17,2026-07-18",2,1,2026-07-17T22:00:00+00:00,BRA,Brasilien,8814,Serie B,calendar-2026-27,2026/27,5190618,10274,Juventude,197815,Cuiaba,18,finished,FETCHED,COMPLETE,FULL_MATCH,1,1
2026-07-17,"2026-07-17,2026-07-18",2,1,2026-07-17T22:30:00+00:00,BRA,Brasilien,268,Serie A,calendar-2026-27,2026/27,5103402,7877,Bahia,197693,Chapecoense AF,4,finished,FETCHED,COMPLETE,FULL_MATCH,0,0
2026-07-17,"2026-07-17,2026-07-18",2,1,2026-07-17T23:00:00+00:00,USA,USA,10282,MLS Next Pro,calendar-2026-27,2026/27,1000007650,614319,Toronto FC II,1348109,FC Cincinnati 2,21,finished,FETCHED,COMPLETE,FULL_MATCH,1,1
2026-07-17,"2026-07-17,2026-07-18",2,1,2026-07-17T23:00:00+00:00,CAN,Kanada,9986,Premier League,calendar-2026-27,2026/27,1000008676,1135780,Atlético Ottawa,1022954,Inter Toronto FC,13,finished,FETCHED,COMPLETE,FULL_MATCH,2,2_PLUS
2026-07-17,"2026-07-17,2026-07-18",2,1,2026-07-17T23:00:00+00:00,BRA,Brasilien,268,Serie A,calendar-2026-27,2026/27,5103544,9863,Fluminense,109705,Red Bull Bragantino,19,finished,FETCHED,COMPLETE,FULL_MATCH,1,1
2026-07-17,"2026-07-17,2026-07-18",2,1,2026-07-17T23:00:00+00:00,BRA,Brasilien,268,Serie A,calendar-2026-27,2026/27,5103548,163782,Mirassol,9769,Gremio,19,finished,FETCHED,COMPLETE,FULL_MATCH,1,1
2026-07-17,"2026-07-17,2026-07-18",2,1,2026-07-17T23:00:00+00:00,CAN,Kanada,9986,Premier League,calendar-2026-27,2026/27,5175930,1899648,Supra du Quebec,1436202,Vancouver FC,13,finished,FETCHED,COMPLETE,FULL_MATCH,4,2_PLUS
2026-07-17,"2026-07-17,2026-07-18",2,1,2026-07-18T00:00:00+00:00,ECU,Ecuador,246,Serie A,calendar-2026-27,2026/27,1000009028,519457,Delfin,6609,CSD Macara,20,finished,FETCHED,COMPLETE,FULL_MATCH,2,2_PLUS
2026-07-17,"2026-07-17,2026-07-18",2,1,2026-07-18T00:00:00+00:00,BOL,Bolivien,144,Primera Division,calendar-2026-27,2026/27,1000010878,5983,Bolivar,114830,Guabira,9,finished,FETCHED,COMPLETE,FULL_MATCH,3,2_PLUS
2026-07-17,"2026-07-17,2026-07-18",2,1,2026-07-18T00:00:00+00:00,USA,USA,9134,NWSL,calendar-2026-27,2026/27,5161562,1237561,Kansas City Current (W),1335917,San Diego Wave FC (W),0,finished,FETCHED,COMPLETE,FULL_MATCH,3,2_PLUS
2026-07-17,"2026-07-17,2026-07-18",2,1,2026-07-18T00:00:00+00:00,BRA,Brasilien,8814,Serie B,calendar-2026-27,2026/27,5190612,298660,Londrina EC,8355,Botafogo SP,18,finished,FETCHED,COMPLETE,FULL_MATCH,0,0
2026-07-17,"2026-07-17,2026-07-18",2,1,2026-07-18T00:00:00+00:00,BRA,Brasilien,8814,Serie B,calendar-2026-27,2026/27,5190613,8287,Fortaleza,581838,Novorizontino,18,finished,FETCHED,COMPLETE,FULL_MATCH,0,0
2026-07-17,"2026-07-17,2026-07-18",2,1,2026-07-18T00:10:00+00:00,USA,USA,130,MLS,calendar-2026-27,2026/27,5071215,915807,Nashville SC,773958,Atlanta United,1,finished,FETCHED,COMPLETE,FULL_MATCH,1,1
2026-07-17,"2026-07-17,2026-07-18",2,1,2026-07-18T00:45:00+00:00,ARG,Argentinien,9305,Copa Argentina,calendar-2026-27,2026/27,1000010211,10076,River Plate,161728,Aldosivi,16th Finals,finished,FETCHED,COMPLETE,FULL_MATCH,2,2_PLUS
2026-07-17,"2026-07-17,2026-07-18",2,1,2026-07-18T01:00:00+00:00,CAN,Kanada,10872,Northern Super League,calendar-2026-27,2026/27,1000009191,1739712,Calgary Wild FC,1739717,Montreal Roses FC,Regular Season,finished,FETCHED,COMPLETE,FULL_MATCH,0,0
2026-07-17,"2026-07-17,2026-07-18",2,1,2026-07-18T01:00:00+00:00,PER,Peru,131,Liga 1,calendar-2026-27,2026/27,1000013493,1845,Cienciano,4417,FBC Melgar,Clausura - Round 1,finished,FETCHED,COMPLETE,FULL_MATCH,2,2_PLUS
2026-07-17,"2026-07-17,2026-07-18",2,1,2026-07-18T01:00:00+00:00,MEX,Mexiko,230,Liga MX,calendar-2026-27,2026/27,1000014501,6358,San Luis,6578,Cruz Azul,1,finished,FETCHED,COMPLETE,FULL_MATCH,5,2_PLUS
2026-07-17,"2026-07-17,2026-07-18",2,1,2026-07-18T01:00:00+00:00,MEX,Mexiko,230,Liga MX,calendar-2026-27,2026/27,1000014502,1841,León,6577,Atlas,1,finished,FETCHED,COMPLETE,FULL_MATCH,3,2_PLUS
2026-07-17,"2026-07-17,2026-07-18",2,1,2026-07-18T01:30:00+00:00,USA,USA,9296,USL League One,calendar-2026-27,2026/27,5109458,1877675,Boise,1701883,Portland Hearts of Pine,20,finished,FETCHED,COMPLETE,FULL_MATCH,3,2_PLUS
2026-07-17,"2026-07-17,2026-07-18",2,1,2026-07-18T02:25:00+00:00,USA,USA,130,MLS,calendar-2026-27,2026/27,5071214,6637,LA Galaxy,867280,LAFC,32,finished,FETCHED,COMPLETE,FULL_MATCH,1,1
2026-07-17,"2026-07-17,2026-07-18",2,1,2026-07-18T03:00:00+00:00,MEX,Mexiko,230,Liga MX,calendar-2026-27,2026/27,1000014503,649424,Juárez,7847,Puebla,1,finished,FETCHED,COMPLETE,FULL_MATCH,0,0
2026-07-18,2026-07-18,1,0,2026-07-18T10:30:00+00:00,KOR,Südkorea,9080,K League 1,calendar-2026-27,2026/27,5139964,133900,Daejeon Hana Citizen,133896,Ulsan HD FC,18,finished,FETCHED,COMPLETE,FULL_MATCH,1,1
2026-07-18,2026-07-18,1,0,2026-07-18T10:30:00+00:00,KOR,Südkorea,9080,K League 1,calendar-2026-27,2026/27,5139965,164734,Gangwon FC,133901,Gimcheon Sangmu,18,finished,FETCHED,COMPLETE,FULL_MATCH,0,0
2026-07-18,2026-07-18,1,0,2026-07-18T10:30:00+00:00,KOR,Südkorea,9080,K League 1,calendar-2026-27,2026/27,5139966,133895,Incheon United,46038,Jeonbuk Hyundai Motors FC,18,finished,FETCHED,COMPLETE,FULL_MATCH,0,0
2026-07-18,2026-07-18,1,0,2026-07-18T10:30:00+00:00,KOR,Südkorea,9080,K League 1,calendar-2026-27,2026/27,5139967,133898,Jeju SK,109373,Pohang Steelers,18,finished,FETCHED,COMPLETE,FULL_MATCH,2,2_PLUS
2026-07-18,2026-07-18,1,0,2026-07-18T10:30:00+00:00,KOR,Südkorea,9116,K League 2,calendar-2026-27,2026/27,5155840,833649,Gimpo FC,133897,Daegu FC,18,finished,FETCHED,COMPLETE,FULL_MATCH,1,1
2026-07-18,2026-07-18,1,0,2026-07-18T10:30:00+00:00,KOR,Südkorea,9116,K League 2,calendar-2026-27,2026/27,5155841,109377,Jeonnam Dragons,429442,Chungnam Asan FC,18,finished,FETCHED,COMPLETE,FULL_MATCH,1,1
2026-07-18,2026-07-18,1,0,2026-07-18T10:30:00+00:00,KOR,Südkorea,9116,K League 2,calendar-2026-27,2026/27,5155842,6614,Seongnam FC,6092,Busan I'Park,18,finished,FETCHED,COMPLETE,FULL_MATCH,0,0
2026-07-18,2026-07-18,1,0,2026-07-18T10:30:00+00:00,KOR,Südkorea,9116,K League 2,calendar-2026-27,2026/27,5155843,187951,Suwon FC,616212,Seoul E-Land FC,18,finished,FETCHED,COMPLETE,FULL_MATCH,3,2_PLUS
2026-07-18,2026-07-18,1,0,2026-07-18T11:00:00+00:00,CHN,China,120,Super League,calendar-2026-27,2026/27,5186552,1477050,Chongqing Tongliang Long,51443,Zhejiang Professional,19,finished,FETCHED,COMPLETE,FULL_MATCH,1,1
2026-07-18,2026-07-18,1,0,2026-07-18T11:30:00+00:00,INT,International,489,Vereins-Freundschaftsspiele,calendar-2026-27,2026/27,5898863,9826,Crystal Palace,9795,Swindon,1,finished,FETCHED,COMPLETE,FULL_MATCH,3,2_PLUS
2026-07-18,2026-07-18,1,0,2026-07-18T11:35:00+00:00,CHN,China,120,Super League,calendar-2026-27,2026/27,5186554,1477043,Dalian Yingbo,8623,Shandong Taishan,19,finished,FETCHED,COMPLETE,FULL_MATCH,1,1
2026-07-18,2026-07-18,1,0,2026-07-18T11:35:00+00:00,CHN,China,120,Super League,calendar-2026-27,2026/27,5186555,6628,Shanghai Shenhua,4189,Tianjin Jinmen Tiger,19,finished,FETCHED,COMPLETE,FULL_MATCH,2,2_PLUS
2026-07-18,2026-07-18,1,0,2026-07-18T12:00:00+00:00,NOR,Norwegen,59,Eliteserien,calendar-2026-27,2026/27,5104950,8448,HamKam,8608,Tromsø,14,finished,FETCHED,COMPLETE,FULL_MATCH,4,2_PLUS
2026-07-18,2026-07-18,1,0,2026-07-18T12:00:00+00:00,FIN,Finnland,51,Veikkausliiga,calendar-2026-27,2026/27,5147597,9861,HJK,6597,VPS,16,finished,FETCHED,COMPLETE,FULL_MATCH,2,2_PLUS
2026-07-18,2026-07-18,1,0,2026-07-18T12:00:00+00:00,CHN,China,120,Super League,calendar-2026-27,2026/27,5186556,1029687,Wuhan Three Towns,930027,Shenzhen Peng City,19,finished,FETCHED,COMPLETE,FULL_MATCH,0,0
2026-07-18,2026-07-18,1,0,2026-07-18T13:00:00+00:00,SWE,Schweden,67,Allsvenskan,calendar-2026-27,2026/27,5107533,8349,AIK,8297,GAIS,13,finished,FETCHED,COMPLETE,FULL_MATCH,2,2_PLUS
2026-07-18,2026-07-18,1,0,2026-07-18T13:30:00+00:00,INT,International,489,Vereins-Freundschaftsspiele,calendar-2026-27,2026/27,5769579,9931,Basel,9885,Juventus,1,finished,FETCHED,COMPLETE,FULL_MATCH,0,0
2026-07-18,2026-07-18,1,0,2026-07-18T13:30:00+00:00,INT,International,489,Vereins-Freundschaftsspiele,calendar-2026-27,2026/27,5847095,8593,Ajax,8638,Olympiacos,1,finished,FETCHED,COMPLETE,FULL_MATCH,1,1
2026-07-18,2026-07-18,1,0,2026-07-18T14:00:00+00:00,NOR,Norwegen,59,Eliteserien,calendar-2026-27,2026/27,5104947,9919,Start,8422,Rosenborg,14,finished,FETCHED,COMPLETE,FULL_MATCH,2,2_PLUS
2026-07-18,2026-07-18,1,0,2026-07-18T14:00:00+00:00,NOR,Norwegen,59,Eliteserien,calendar-2026-27,2026/27,5104949,8476,Lillestrøm,2305,KFUM,14,finished,FETCHED,COMPLETE,FULL_MATCH,1,1
2026-07-18,2026-07-18,1,0,2026-07-18T14:00:00+00:00,NOR,Norwegen,59,Eliteserien,calendar-2026-27,2026/27,5104951,8605,Kristiansund,8509,Sarpsborg 08,14,finished,FETCHED,COMPLETE,FULL_MATCH,0,0
2026-07-18,2026-07-18,1,0,2026-07-18T14:00:00+00:00,FIN,Finnland,51,Veikkausliiga,calendar-2026-27,2026/27,5147598,4449,AC Oulu,2361,IF Gnistan,16,finished,FETCHED,COMPLETE,FULL_MATCH,1,1
2026-07-18,2026-07-18,1,0,2026-07-18T14:00:00+00:00,FIN,Finnland,51,Veikkausliiga,calendar-2026-27,2026/27,5147599,162162,SJK,1693,KuPS,16,finished,FETCHED,COMPLETE,FULL_MATCH,0,0
2026-07-18,2026-07-18,1,0,2026-07-18T15:00:00+00:00,INT,International,489,Vereins-Freundschaftsspiele,calendar-2026-27,2026/27,5449681,10260,Man United,9841,Wrexham,1,finished,FETCHED,COMPLETE,FULL_MATCH,0,0
2026-07-18,2026-07-18,1,0,2026-07-18T15:00:00+00:00,INT,International,489,Vereins-Freundschaftsspiele,calendar-2026-27,2026/27,5765420,7782,Oberhausen,9789,Dortmund,1,finished,FETCHED,COMPLETE,FULL_MATCH,2,2_PLUS
2026-07-18,2026-07-18,1,0,2026-07-18T15:30:00+00:00,ROU,Rumänien,189,Liga I,calendar-2026-27,2026/27,5853436,9736,Otelul Galati,9731,CFR Cluj,1,finished,FETCHED,COMPLETE,FULL_MATCH,2,2_PLUS
2026-07-18,2026-07-18,1,0,2026-07-18T16:00:00+00:00,PER,Peru,131,Liga 1,calendar-2026-27,2026/27,1000013497,1573140,Club Deportivo Moquegua,536945,Comerciantes Unidos,Clausura - Round 1,finished,FETCHED,COMPLETE,FULL_MATCH,1,1
2026-07-18,2026-07-18,1,0,2026-07-18T16:00:00+00:00,NOR,Norwegen,59,Eliteserien,calendar-2026-27,2026/27,5104948,9917,Molde,8468,Brann,14,finished,FETCHED,COMPLETE,FULL_MATCH,1,1
2026-07-18,2026-07-18,1,0,2026-07-18T16:00:00+00:00,NOR,Norwegen,59,Eliteserien,calendar-2026-27,2026/27,5104952,8478,Viking,8609,Sandefjord,14,finished,FETCHED,COMPLETE,FULL_MATCH,2,2_PLUS
2026-07-18,2026-07-18,1,0,2026-07-18T16:00:00+00:00,USA,USA,8972,USL Championship,calendar-2026-27,2026/27,5109838,267816,Pittsburgh Riverhounds SC,614316,Louisville City FC,1,finished,FETCHED,COMPLETE,FULL_MATCH,4,2_PLUS
2026-07-18,2026-07-18,1,0,2026-07-18T16:00:00+00:00,LVA,Lettland,226,Virsliga,calendar-2026-27,2026/27,5162027,624924,Riga FC,197870,FK Tukums 2000,23,finished,FETCHED,COMPLETE,FULL_MATCH,3,2_PLUS
2026-07-18,2026-07-18,1,0,2026-07-18T16:00:00+00:00,ISL,Island,215,Besta deildin,calendar-2026-27,2026/27,5225683,4496,Thor Akureyri,6017,Vikingur Reykjavik,15,finished,FETCHED,COMPLETE,FULL_MATCH,3,2_PLUS
2026-07-18,2026-07-18,1,0,2026-07-18T16:30:00+00:00,RUS,Russland,195,Super Cup,calendar-2026-27,2026/27,5803517,8698,Zenit,8643,Spartak,final,finished,FETCHED,COMPLETE,FULL_MATCH,1,1
2026-07-18,2026-07-18,1,0,2026-07-18T18:00:00+00:00,SRB,Serbien,182,Super Liga,calendar-2026-27,2026/27,1000015071,187854,Novi Pazar,1675,FK Radnicki 1923,1,finished,FETCHED,COMPLETE,FULL_MATCH,0,0
2026-07-18,2026-07-18,1,0,2026-07-18T18:00:00+00:00,SRB,Serbien,182,Super Liga,calendar-2026-27,2026/27,1000015075,6231,FK Zemun,7998,Partizan Beograd,1,finished,FETCHED,COMPLETE,FULL_MATCH,3,2_PLUS
2026-07-18,2026-07-18,1,0,2026-07-18T18:15:00+00:00,PER,Peru,131,Liga 1,calendar-2026-27,2026/27,1000013496,1104719,Asociacion Deportiva Tarma,4409,Universitario de Deportes,Clausura - Round 1,finished,FETCHED,COMPLETE,FULL_MATCH,0,0
2026-07-18,2026-07-18,1,0,2026-07-18T18:15:00+00:00,USA,USA,9134,NWSL,calendar-2026-27,2026/27,5161564,1795705,Denver Summit FC (W),433029,Portland Thorns (W),0,finished,FETCHED,COMPLETE,FULL_MATCH,1,1
2026-07-18,2026-07-18,1,0,2026-07-18T18:15:00+00:00,ROU,Rumänien,189,Liga I,calendar-2026-27,2026/27,5853439,480286,Universitatea Craiova,584663,UTA Arad,1,finished,FETCHED,COMPLETE,FULL_MATCH,4,2_PLUS
2026-07-18,2026-07-18,1,0,2026-07-18T18:35:00+00:00,USA,USA,9134,NWSL,calendar-2026-27,2026/27,5161563,189397,Gotham FC (W),433031,Seattle Reign FC (W),0,finished,FETCHED,COMPLETE,FULL_MATCH,3,2_PLUS
2026-07-18,2026-07-18,1,0,2026-07-18T19:00:00+00:00,CAN,Kanada,9986,Premier League,calendar-2026-27,2026/27,1000008677,1022952,Cavalry FC,1022948,HFX Wanderers FC,13,finished,FETCHED,COMPLETE,FULL_MATCH,2,2_PLUS
2026-07-18,2026-07-18,1,0,2026-07-18T19:00:00+00:00,ECU,Ecuador,246,Serie A,calendar-2026-27,2026/27,1000009026,4144,Deportivo Cuenca,113053,Universidad Catolica,20,finished,FETCHED,COMPLETE,FULL_MATCH,1,1
2026-07-18,2026-07-18,1,0,2026-07-18T19:00:00+00:00,BOL,Bolivien,144,Primera Division,calendar-2026-27,2026/27,1000010874,805913,Always Ready,879029,Universitario de Vinto,9,finished,FETCHED,COMPLETE,FULL_MATCH,4,2_PLUS
2026-07-18,2026-07-18,1,0,2026-07-18T19:00:00+00:00,BRA,Brasilien,8814,Serie B,calendar-2026-27,2026/27,5190609,8630,Ponte Preta,9862,Goias,18,finished,FETCHED,COMPLETE,FULL_MATCH,0,0
2026-07-18,2026-07-18,1,0,2026-07-18T19:00:00+00:00,BRA,Brasilien,8814,Serie B,calendar-2026-27,2026/27,5190615,7729,Criciuma,109706,Vila Nova,18,finished,FETCHED,COMPLETE,FULL_MATCH,1,1
2026-07-18,2026-07-18,1,0,2026-07-18T19:00:00+00:00,BRA,Brasilien,8814,Serie B,calendar-2026-27,2026/27,5190616,6305,Sport Recife,197429,Operario Ferroviario,18,finished,FETCHED,COMPLETE,FULL_MATCH,2,2_PLUS
2026-07-18,2026-07-18,1,0,2026-07-18T19:15:00+00:00,ISL,Island,215,Besta deildin,calendar-2026-27,2026/27,5225684,8064,Valur,6291,Fram Reykjavik,15,finished,FETCHED,COMPLETE,FULL_MATCH,1,1
2026-07-18,2026-07-18,1,0,2026-07-18T20:00:00+00:00,CAN,Kanada,10872,Northern Super League,calendar-2026-27,2026/27,1000009192,1739721,AFC Toronto,1739724,Vancouver Rise FC,Regular Season,finished,FETCHED,COMPLETE,FULL_MATCH,0,0
2026-07-18,2026-07-18,1,0,2026-07-18T20:00:00+00:00,USA,USA,9134,NWSL,calendar-2026-27,2026/27,5161565,1607273,Bay FC (W),243295,North Carolina Courage (W),0,finished,FETCHED,COMPLETE,FULL_MATCH,1,1
2026-07-18,2026-07-18,1,0,2026-07-18T20:30:00+00:00,PER,Peru,131,Liga 1,calendar-2026-27,2026/27,1000013490,920789,Atletico Grau,425692,CD UT Cajamarca,Clausura - Round 1,finished,FETCHED,COMPLETE,FULL_MATCH,2,2_PLUS
2026-07-18,2026-07-18,1,0,2026-07-18T21:00:00+00:00,INT,International,77,WM,calendar-2026-27,2026/27,4653857,6723,France,8491,England,bronze,finished,FETCHED,COMPLETE,FULL_MATCH,6,2_PLUS
2026-07-18,2026-07-18,1,0,2026-07-18T21:00:00+00:00,BRA,Brasilien,8814,Serie B,calendar-2026-27,2026/27,5190614,165545,Atletico GO,1221604,Athletic Club,18,finished,FETCHED,COMPLETE,FULL_MATCH,0,0
2026-07-18,2026-07-18,1,0,2026-07-18T21:30:00+00:00,USA,USA,10282,MLS Next Pro,calendar-2026-27,2026/27,1000007651,1451868,Crown Legacy FC,1348118,Chicago Fire FC II,21,finished,FETCHED,COMPLETE,FULL_MATCH,2,2_PLUS
2026-07-18,2026-07-18,1,0,2026-07-18T21:30:00+00:00,ECU,Ecuador,246,Serie A,calendar-2026-27,2026/27,1000009032,6721,LDU de Quito,1370528,Leones del Norte,20,finished,FETCHED,COMPLETE,FULL_MATCH,0,0
2026-07-18,"2026-07-18,2026-07-19",2,1,2026-07-18T22:00:00+00:00,USA,USA,10282,MLS Next Pro,calendar-2026-27,2026/27,1000007652,1348126,Columbus Crew 2,722264,Philadelphia Union II,21,finished,FETCHED,COMPLETE,FULL_MATCH,1,1
2026-07-18,"2026-07-18,2026-07-19",2,1,2026-07-18T22:30:00+00:00,USA,USA,9134,NWSL,calendar-2026-27,2026/27,5161566,189393,Chicago Stars (W),1335914,Angel City FC (W),0,finished,FETCHED,COMPLETE,FULL_MATCH,2,2_PLUS
2026-07-18,"2026-07-18,2026-07-19",2,1,2026-07-18T23:00:00+00:00,USA,USA,10282,MLS Next Pro,calendar-2026-27,2026/27,1000007654,540884,Chattanooga FC,722266,Orlando City B,21,finished,FETCHED,COMPLETE,FULL_MATCH,1,1
2026-07-18,"2026-07-18,2026-07-19",2,1,2026-07-18T23:00:00+00:00,USA,USA,10282,MLS Next Pro,calendar-2026-27,2026/27,1000007655,1348104,Houston Dynamo 2,1348103,Colorado Rapids 2,21,finished,FETCHED,COMPLETE,FULL_MATCH,1,1
2026-07-18,"2026-07-18,2026-07-19",2,1,2026-07-18T23:00:00+00:00,USA,USA,10282,MLS Next Pro,calendar-2026-27,2026/27,1000007657,1346404,St. Louis City 2,614322,Portland Timbers 2,21,finished,FETCHED,COMPLETE,FULL_MATCH,3,2_PLUS
2026-07-18,"2026-07-18,2026-07-19",2,1,2026-07-18T23:00:00+00:00,MEX,Mexiko,230,Liga MX,calendar-2026-27,2026/27,1000014504,1946,Pumas,7848,Pachuca,1,finished,FETCHED,COMPLETE,FULL_MATCH,1,1
2026-07-18,"2026-07-18,2026-07-19",2,1,2026-07-18T23:00:00+00:00,USA,USA,9296,USL League One,calendar-2026-27,2026/27,5109459,614315,Charlotte Independence,1004918,Chattanooga Red Wolves SC,20,finished,FETCHED,COMPLETE,FULL_MATCH,5,2_PLUS
2026-07-18,"2026-07-18,2026-07-19",2,1,2026-07-18T23:00:00+00:00,USA,USA,9296,USL League One,calendar-2026-27,2026/27,5109460,422694,Cosmos,1128317,Corpus Christi,20,finished,FETCHED,COMPLETE,FULL_MATCH,0,0
2026-07-18,"2026-07-18,2026-07-19",2,1,2026-07-18T23:00:00+00:00,USA,USA,9296,USL League One,calendar-2026-27,2026/27,5109463,1121685,Union Omaha,1706430,Westchester SC,20,finished,FETCHED,COMPLETE,FULL_MATCH,2,2_PLUS
2026-07-18,"2026-07-18,2026-07-19",2,1,2026-07-18T23:00:00+00:00,USA,USA,8972,USL Championship,calendar-2026-27,2026/27,5109834,540855,Detroit City FC,514649,Indy Eleven,1,finished,FETCHED,COMPLETE,FULL_MATCH,2,2_PLUS
2026-07-18,"2026-07-18,2026-07-19",2,1,2026-07-18T23:00:00+00:00,USA,USA,8972,USL Championship,calendar-2026-27,2026/27,5109836,1003205,Loudoun United FC,197328,Tampa Bay Rowdies,1,finished,FETCHED,COMPLETE,FULL_MATCH,1,1
2026-07-18,"2026-07-18,2026-07-19",2,1,2026-07-18T23:00:00+00:00,USA,USA,8972,USL Championship,calendar-2026-27,2026/27,5109841,1737991,Sporting JAX,1877733,Brooklyn,1,finished,FETCHED,COMPLETE,FULL_MATCH,2,2_PLUS
2026-07-18,"2026-07-18,2026-07-19",2,1,2026-07-18T23:30:00+00:00,PER,Peru,131,Liga 1,calendar-2026-27,2026/27,1000013495,305171,Cusco FC,4410,Alianza Atletico,Clausura - Round 1,finished,FETCHED,COMPLETE,FULL_MATCH,3,2_PLUS
2026-07-18,"2026-07-18,2026-07-19",2,1,2026-07-18T23:30:00+00:00,USA,USA,9296,USL League One,calendar-2026-27,2026/27,5109461,1358088,One Knoxville SC,1701876,AV Alta,20,finished,FETCHED,COMPLETE,FULL_MATCH,3,2_PLUS
2026-07-18,"2026-07-18,2026-07-19",2,1,2026-07-18T23:30:00+00:00,USA,USA,9296,USL League One,calendar-2026-27,2026/27,5109465,1358072,Fort Wayne,1004920,Greenville Triumph SC,20,finished,FETCHED,COMPLETE,FULL_MATCH,1,1
2026-07-18,"2026-07-18,2026-07-19",2,1,2026-07-18T23:30:00+00:00,USA,USA,8972,USL Championship,calendar-2026-27,2026/27,5109833,162183,Charleston Battery,521004,Sacramento Republic FC,1,finished,FETCHED,COMPLETE,FULL_MATCH,2,2_PLUS
2026-07-18,"2026-07-18,2026-07-19",2,1,2026-07-18T23:30:00+00:00,USA,USA,8972,USL Championship,calendar-2026-27,2026/27,5109839,1597140,Rhode Island FC,1003206,Hartford Athletic,1,finished,FETCHED,COMPLETE,FULL_MATCH,0,0
2026-07-18,"2026-07-18,2026-07-19",2,1,2026-07-18T23:36:00+00:00,USA,USA,9296,USL League One,calendar-2026-27,2026/27,5109462,267811,Richmond Kickers,1584038,Spokane Velocity FC,20,finished,FETCHED,COMPLETE,FULL_MATCH,0,0
2026-07-18,"2026-07-18,2026-07-19",2,1,2026-07-19T00:00:00+00:00,ECU,Ecuador,246,Serie A,calendar-2026-27,2026/27,1000009031,6453,Barcelona SC,1345405,Libertad,20,finished,FETCHED,COMPLETE,FULL_MATCH,0,0
2026-07-18,"2026-07-18,2026-07-19",2,1,2026-07-19T00:30:00+00:00,BOL,Bolivien,144,Primera Division,calendar-2026-27,2026/27,1000010879,49720,Aurora,1844,Oriente Petrolero,9,finished,FETCHED,COMPLETE,FULL_MATCH,2,2_PLUS
2026-07-18,"2026-07-18,2026-07-19",2,1,2026-07-19T00:30:00+00:00,USA,USA,8972,USL Championship,calendar-2026-27,2026/27,5109835,614325,FC Tulsa,1003209,El Paso Locomotive FC,1,finished,FETCHED,COMPLETE,FULL_MATCH,0,0
2026-07-18,"2026-07-18,2026-07-19",2,1,2026-07-19T00:45:00+00:00,USA,USA,9134,NWSL,calendar-2026-27,2026/27,5161568,923654,Utah Royals (W),728922,Orlando Pride (W),0,finished,FETCHED,COMPLETE,FULL_MATCH,0,0
2026-07-18,"2026-07-18,2026-07-19",2,1,2026-07-19T00:54:00+00:00,USA,USA,10282,MLS Next Pro,calendar-2026-27,2026/27,1000007658,1445755,Huntsville City FC,915806,Atlanta United 2,21,finished,FETCHED,COMPLETE,FULL_MATCH,2,2_PLUS
2026-07-18,"2026-07-18,2026-07-19",2,1,2026-07-19T01:00:00+00:00,USA,USA,8972,USL Championship,calendar-2026-27,2026/27,5109840,722269,San Antonio FC,915809,Las Vegas Lights FC,1,finished,FETCHED,COMPLETE,FULL_MATCH,2,2_PLUS
2026-07-18,"2026-07-18,2026-07-19",2,1,2026-07-19T01:05:00+00:00,MEX,Mexiko,230,Liga MX,calendar-2026-27,2026/27,1000014506,7849,Monterrey,7857,Santos,1,finished,FETCHED,COMPLETE,FULL_MATCH,1,1
2026-07-18,"2026-07-18,2026-07-19",2,1,2026-07-19T01:05:00+00:00,USA,USA,9134,NWSL,calendar-2026-27,2026/27,5161567,1237244,Racing Louisville (W),521233,Houston Dash (W),0,finished,FETCHED,COMPLETE,FULL_MATCH,1,1
2026-07-18,"2026-07-18,2026-07-19",2,1,2026-07-19T01:07:00+00:00,MEX,Mexiko,230,Liga MX,calendar-2026-27,2026/27,1000014505,7807,Chivas,6618,Toluca,1,finished,FETCHED,COMPLETE,FULL_MATCH,1,1
2026-07-18,"2026-07-18,2026-07-19",2,1,2026-07-19T02:00:00+00:00,USA,USA,10282,MLS Next Pro,calendar-2026-27,2026/27,1000007653,1348115,San Jose Earthquakes II,1004921,North Texas SC,21,finished,FETCHED,COMPLETE,FULL_MATCH,1,1
2026-07-18,"2026-07-18,2026-07-19",2,1,2026-07-19T02:00:00+00:00,USA,USA,10282,MLS Next Pro,calendar-2026-27,2026/27,1000007656,521005,Ventura County FC,1451871,Los Angeles FC II,21,finished,FETCHED,COMPLETE,FULL_MATCH,0,0
2026-07-18,"2026-07-18,2026-07-19",2,1,2026-07-19T02:30:00+00:00,USA,USA,8972,USL Championship,calendar-2026-27,2026/27,5109837,424268,Phoenix Rising FC,915808,Monterey Bay FC,1,finished,FETCHED,COMPLETE,FULL_MATCH,3,2_PLUS
2026-07-18,"2026-07-18,2026-07-19",2,1,2026-07-19T03:10:00+00:00,MEX,Mexiko,230,Liga MX,calendar-2026-27,2026/27,1000014507,1943,Querétaro,6576,América,1,finished,FETCHED,COMPLETE,FULL_MATCH,1,1
2026-07-19,2026-07-19,1,0,2026-07-19T10:30:00+00:00,KOR,Südkorea,9080,K League 1,calendar-2026-27,2026/27,5139968,429440,FC Anyang,245905,Gwangju FC,18,finished,FETCHED,COMPLETE,FULL_MATCH,2,2_PLUS
2026-07-19,2026-07-19,1,0,2026-07-19T10:30:00+00:00,KOR,Südkorea,9080,K League 1,calendar-2026-27,2026/27,5139969,429441,Bucheon FC 1995,92630,FC Seoul,18,finished,FETCHED,COMPLETE,FULL_MATCH,3,2_PLUS
2026-07-19,2026-07-19,1,0,2026-07-19T10:30:00+00:00,KOR,Südkorea,9116,K League 2,calendar-2026-27,2026/27,5155844,833651,Cheongju FC,187960,Cheonan City,18,finished,FETCHED,COMPLETE,FULL_MATCH,0,0
2026-07-19,2026-07-19,1,0,2026-07-19T10:30:00+00:00,KOR,Südkorea,9116,K League 2,calendar-2026-27,2026/27,5155845,133899,Gyeongnam FC,821875,Ansan Greeners,18,finished,FETCHED,COMPLETE,FULL_MATCH,2,2_PLUS
2026-07-19,2026-07-19,1,0,2026-07-19T10:30:00+00:00,KOR,Südkorea,9116,K League 2,calendar-2026-27,2026/27,5155846,88517,Suwon Samsung Bluewings,739803,Paju Frontier,18,finished,FETCHED,COMPLETE,FULL_MATCH,0,0
2026-07-19,2026-07-19,1,0,2026-07-19T10:30:00+00:00,KOR,Südkorea,9116,K League 2,calendar-2026-27,2026/27,5155847,1897657,Yongin FC,739800,Hwaseong FC,18,finished,FETCHED,COMPLETE,FULL_MATCH,1,1
2026-07-19,2026-07-19,1,0,2026-07-19T14:00:00+00:00,LVA,Lettland,226,Virsliga,calendar-2026-27,2026/27,5162029,1899459,Ogre United,197864,BFC Daugavpils,23,finished,FETCHED,COMPLETE,FULL_MATCH,3,2_PLUS
2026-07-19,2026-07-19,1,0,2026-07-19T14:00:00+00:00,ISL,Island,215,Besta deildin,calendar-2026-27,2026/27,5225686,8299,IBV Vestmannaeyjar,2165,KA Akureyri,15,finished,FETCHED,COMPLETE,FULL_MATCH,3,2_PLUS
2026-07-19,2026-07-19,1,0,2026-07-19T14:00:00+00:00,ROU,Rumänien,189,Liga I,calendar-2026-27,2026/27,5853438,89022,Universitatea Cluj,210132,FCV Farul Constanta,1,finished,FETCHED,COMPLETE,FULL_MATCH,2,2_PLUS
2026-07-19,2026-07-19,1,0,2026-07-19T14:30:00+00:00,SWE,Schweden,67,Allsvenskan,calendar-2026-27,2026/27,5107534,8248,Hammarby,6544,Degerfors,13,finished,FETCHED,COMPLETE,FULL_MATCH,3,2_PLUS
2026-07-19,2026-07-19,1,0,2026-07-19T14:30:00+00:00,SWE,Schweden,67,Allsvenskan,calendar-2026-27,2026/27,5107538,8014,Elfsborg,6694,Sirius,13,finished,FETCHED,COMPLETE,FULL_MATCH,4,2_PLUS
2026-07-19,2026-07-19,1,0,2026-07-19T14:30:00+00:00,SWE,Schweden,67,Allsvenskan,calendar-2026-27,2026/27,5107540,8310,Halmstads BK,8428,Häcken,13,finished,FETCHED,COMPLETE,FULL_MATCH,2,2_PLUS
2026-07-19,2026-07-19,1,0,2026-07-19T15:00:00+00:00,BOL,Bolivien,144,Primera Division,calendar-2026-27,2026/27,1000010873,1504770,GV San Jose,2527,The Strongest,9,finished,FETCHED,COMPLETE,FULL_MATCH,0,0
2026-07-19,2026-07-19,1,0,2026-07-19T15:30:00+00:00,FIN,Finnland,51,Veikkausliiga,calendar-2026-27,2026/27,5147600,8473,FF Jaro,6550,FC Inter Turku,16,finished,FETCHED,COMPLETE,FULL_MATCH,0,0
2026-07-19,2026-07-19,1,0,2026-07-19T16:00:00+00:00,PER,Peru,131,Liga 1,calendar-2026-27,2026/27,1000013491,741328,Los Chankas,4412,Sport Boys,Clausura - Round 1,finished,FETCHED,COMPLETE,FULL_MATCH,1,1
2026-07-19,2026-07-19,1,0,2026-07-19T16:00:00+00:00,ISL,Island,215,Besta deildin,calendar-2026-27,2026/27,5225687,8130,KR Reykjavik,6343,Stjarnan,15,finished,FETCHED,COMPLETE,FULL_MATCH,3,2_PLUS
2026-07-19,2026-07-19,1,0,2026-07-19T16:30:00+00:00,ROU,Rumänien,189,Liga I,calendar-2026-27,2026/27,5853437,188187,Petrolul Ploiesti,10271,Dinamo Bucuresti,1,finished,FETCHED,COMPLETE,FULL_MATCH,0,0
2026-07-19,2026-07-19,1,0,2026-07-19T16:45:00+00:00,ECU,Ecuador,246,Serie A,calendar-2026-27,2026/27,1000009027,113054,Tecnico Universitario,6608,Aucas,20,finished,FETCHED,COMPLETE,FULL_MATCH,1,1
2026-07-19,2026-07-19,1,0,2026-07-19T17:00:00+00:00,SRB,Serbien,182,Super Liga,calendar-2026-27,2026/27,1000015069,6406,Vojvodina,8692,OFK Beograd,1,finished,FETCHED,COMPLETE,FULL_MATCH,4,2_PLUS
2026-07-19,2026-07-19,1,0,2026-07-19T17:00:00+00:00,SRB,Serbien,182,Super Liga,calendar-2026-27,2026/27,1000015070,463461,FK Radnik Surdulica,1739,Mladost Lucani,1,finished,FETCHED,COMPLETE,FULL_MATCH,2,2_PLUS
2026-07-19,2026-07-19,1,0,2026-07-19T17:00:00+00:00,SRB,Serbien,182,Super Liga,calendar-2026-27,2026/27,1000015074,6374,Cukaricki,568569,FK IMT Beograd,1,finished,FETCHED,COMPLETE,FULL_MATCH,0,0
2026-07-19,2026-07-19,1,0,2026-07-19T19:00:00+00:00,INT,International,77,WM,calendar-2026-27,2026/27,4653858,6720,Spain,6706,Argentina,final,finished,FETCHED,COMPLETE,FULL_MATCH,1,1
2026-07-19,2026-07-19,1,0,2026-07-19T21:45:00+00:00,ECU,Ecuador,246,Serie A,calendar-2026-27,2026/27,1000009029,194754,Guayaquil City,162922,Manta,20,finished,FETCHED,COMPLETE,FULL_MATCH,1,1
2026-07-19,"2026-07-19,2026-07-20",2,1,2026-07-19T22:00:00+00:00,USA,USA,10282,MLS Next Pro,calendar-2026-27,2026/27,1000008067,1880719,Connecticut United,614318,Red Bull New York  II,21,finished,FETCHED,COMPLETE,FULL_MATCH,1,1
2026-07-19,"2026-07-19,2026-07-20",2,1,2026-07-19T23:00:00+00:00,USA,USA,9134,NWSL,calendar-2026-27,2026/27,5161569,1795723,Boston Legacy FC (W),433030,Washington Spirit (W),0,finished,FETCHED,COMPLETE,FULL_MATCH,1,1
2026-07-19,"2026-07-19,2026-07-20",2,1,2026-07-20T00:00:00+00:00,USA,USA,10282,MLS Next Pro,calendar-2026-27,2026/27,1000007577,722268,Sporting Kansas City II,1348105,Minnesota United 2,15,finished,FETCHED,COMPLETE,FULL_MATCH,0,0
2026-07-19,"2026-07-19,2026-07-20",2,1,2026-07-20T00:00:00+00:00,PER,Peru,131,Liga 1,calendar-2026-27,2026/27,1000013489,6398,Alianza Lima,165148,Sport Huancayo,Clausura - Round 1,finished,FETCHED,COMPLETE,FULL_MATCH,1,1
2026-07-19,"2026-07-19,2026-07-20",2,1,2026-07-20T00:15:00+00:00,ECU,Ecuador,246,Serie A,calendar-2026-27,2026/27,1000009025,192875,Independiente del Valle,1850,Emelec,20,finished,FETCHED,COMPLETE,FULL_MATCH,4,2_PLUS
2026-07-19,"2026-07-19,2026-07-20",2,1,2026-07-20T00:30:00+00:00,BOL,Bolivien,144,Primera Division,calendar-2026-27,2026/27,1000010876,49678,Blooming,1074622,Real Tomayapo,9,finished,FETCHED,COMPLETE,FULL_MATCH,0,0
2026-07-19,"2026-07-19,2026-07-20",2,1,2026-07-20T01:30:00+00:00,USA,USA,10282,MLS Next Pro,calendar-2026-27,2026/27,1000007659,614324,Real Monarchs SLC,614327,Tacoma Defiance,21,finished,FETCHED,COMPLETE,FULL_MATCH,3,2_PLUS
2026-07-20,2026-07-20,1,0,2026-07-20T15:00:00+00:00,FIN,Finnland,51,Veikkausliiga,calendar-2026-27,2026/27,5147601,6633,TPS,162146,Ilves,16,finished,FETCHED,COMPLETE,FULL_MATCH,1,1
2026-07-20,2026-07-20,1,0,2026-07-20T15:00:00+00:00,LVA,Lettland,226,Virsliga,calendar-2026-27,2026/27,5162028,192962,FK Jelgava,248871,RFS,23,finished,FETCHED,COMPLETE,FULL_MATCH,0,0
2026-07-20,2026-07-20,1,0,2026-07-20T15:30:00+00:00,ROU,Rumänien,189,Liga I,calendar-2026-27,2026/27,5853432,1515102,Corvinul Hunedoara,583690,Csikszereda Miercurea Ciuc,1,finished,FETCHED,COMPLETE,FULL_MATCH,3,2_PLUS
2026-07-20,2026-07-20,1,0,2026-07-20T16:00:00+00:00,FIN,Finnland,51,Veikkausliiga,calendar-2026-27,2026/27,5147602,6634,IFK Mariehamn,8424,FC Lahti,16,finished,FETCHED,COMPLETE,FULL_MATCH,1,1
2026-07-20,2026-07-20,1,0,2026-07-20T16:00:00+00:00,LVA,Lettland,226,Virsliga,calendar-2026-27,2026/27,5162031,981193,SK Super Nova,662738,Grobina,23,finished,FETCHED,COMPLETE,FULL_MATCH,2,2_PLUS
2026-07-20,2026-07-20,1,0,2026-07-20T17:00:00+00:00,SWE,Schweden,67,Allsvenskan,calendar-2026-27,2026/27,5107536,10002,Örgryte,9802,Djurgården,13,finished,FETCHED,COMPLETE,FULL_MATCH,0,0
2026-07-20,2026-07-20,1,0,2026-07-20T17:00:00+00:00,SWE,Schweden,67,Allsvenskan,calendar-2026-27,2026/27,5107539,9892,Kalmar FF,10237,Malmö FF,13,finished,FETCHED,COMPLETE,FULL_MATCH,1,1
2026-07-20,2026-07-20,1,0,2026-07-20T18:30:00+00:00,ROU,Rumänien,189,Liga I,calendar-2026-27,2026/27,5853433,9738,Rapid Bucuresti,583706,Sepsi OSK,1,finished,FETCHED,COMPLETE,FULL_MATCH,1,1
2026-07-20,2026-07-20,1,0,2026-07-20T19:00:00+00:00,ECU,Ecuador,246,Serie A,calendar-2026-27,2026/27,1000009030,304929,Mushuc Runa,1014174,Orense,20,finished,FETCHED,COMPLETE,FULL_MATCH,1,1
2026-07-20,2026-07-20,1,0,2026-07-20T19:00:00+00:00,BOL,Bolivien,144,Primera Division,calendar-2026-27,2026/27,1000010872,1297060,San Antonio Bulo Bulo,1297346,ABB,9,finished,FETCHED,COMPLETE,FULL_MATCH,1,1
2026-07-20,2026-07-20,1,0,2026-07-20T19:15:00+00:00,ISL,Island,215,Besta deildin,calendar-2026-27,2026/27,5225685,4472,Keflavik,8004,IA Akranes,15,finished,FETCHED,COMPLETE,FULL_MATCH,5,2_PLUS
2026-07-20,2026-07-20,1,0,2026-07-20T19:15:00+00:00,ISL,Island,215,Besta deildin,calendar-2026-27,2026/27,5225688,8151,FH Hafnarfjordur,8332,Breidablik,15,finished,FETCHED,COMPLETE,FULL_MATCH,0,0
2026-07-20,"2026-07-20,2026-07-21",2,1,2026-07-20T23:00:00+00:00,BOL,Bolivien,144,Primera Division,calendar-2026-27,2026/27,1000010877,164353,Nacional Potosi,1504766,CDT Real Oruro,9,finished,FETCHED,COMPLETE,FULL_MATCH,3,2_PLUS
2026-07-21,2026-07-21,1,0,2026-07-21T09:30:00+00:00,AUS,Australien,9471,Australia Cup,calendar-2026-27,2026/27,5848063,162312,Preston Lions,6454,Newcastle Jets,1/16,finished,FETCHED,COMPLETE,FULL_MATCH,3,2_PLUS
2026-07-21,2026-07-21,1,0,2026-07-21T09:30:00+00:00,AUS,Australien,9471,Australia Cup,calendar-2026-27,2026/27,5848064,582215,Lions FC,7961,Perth Glory,1/16,finished,FETCHED,COMPLETE,FULL_MATCH,2,2_PLUS
2026-07-21,2026-07-21,1,0,2026-07-21T10:00:00+00:00,AUS,Australien,9471,Australia Cup,calendar-2026-27,2026/27,5848065,196046,Cumberland United,162309,Heidelberg United,1/16,finished,FETCHED,COMPLETE,FULL_MATCH,1,1
2026-07-21,2026-07-21,1,0,2026-07-21T10:30:00+00:00,KOR,Südkorea,9080,K League 1,calendar-2026-27,2026/27,5139970,133898,Jeju SK,164734,Gangwon FC,19,finished,FETCHED,COMPLETE,FULL_MATCH,0,0
2026-07-21,2026-07-21,1,0,2026-07-21T10:30:00+00:00,KOR,Südkorea,9080,K League 1,calendar-2026-27,2026/27,5139971,46038,Jeonbuk Hyundai Motors FC,133900,Daejeon Hana Citizen,19,finished,FETCHED,COMPLETE,FULL_MATCH,0,0
2026-07-21,2026-07-21,1,0,2026-07-21T10:30:00+00:00,KOR,Südkorea,9080,K League 1,calendar-2026-27,2026/27,5139972,133896,Ulsan HD FC,133895,Incheon United,19,finished,FETCHED,COMPLETE,FULL_MATCH,1,1
2026-07-21,2026-07-21,1,0,2026-07-21T10:30:00+00:00,AUS,Australien,9471,Australia Cup,calendar-2026-27,2026/27,5848066,246463,Bayswater City,10164,Sydney FC,1/16,finished,FETCHED,COMPLETE,FULL_MATCH,3,2_PLUS
2026-07-21,2026-07-21,1,0,2026-07-21T17:00:00+00:00,INT,International,10611,Champions League Qualifikation,calendar-2026-27,2026/27,5787764,8071,AGF,2182,Lech Poznań,2,finished,FETCHED,COMPLETE,FULL_MATCH,3,2_PLUS
2026-07-21,2026-07-21,1,0,2026-07-21T18:00:00+00:00,INT,International,10611,Champions League Qualifikation,calendar-2026-27,2026/27,5787768,10191,Thun,10156,Dinamo Zagreb,2,finished,FETCHED,COMPLETE,FULL_MATCH,1,1
2026-07-21,2026-07-21,1,0,2026-07-21T18:00:00+00:00,INT,International,10611,Champions League Qualifikation,calendar-2026-27,2026/27,5787785,8695,Fenerbahçe,8020,Górnik Zabrze,2,finished,FETCHED,COMPLETE,FULL_MATCH,0,0
2026-07-21,2026-07-21,1,0,2026-07-21T18:15:00+00:00,INT,International,10615,Conference League Qualifikation,calendar-2026-27,2026/27,5789142,763242,Atert Bissen,5755,Györi ETO,2,finished,FETCHED,COMPLETE,FULL_MATCH,4,2_PLUS
2026-07-21,2026-07-21,1,0,2026-07-21T18:30:00+00:00,INT,International,10611,Champions League Qualifikation,calendar-2026-27,2026/27,5787786,10014,Sturm Graz,9860,Hearts,2,finished,FETCHED,COMPLETE,FULL_MATCH,3,2_PLUS
2026-07-21,2026-07-21,1,0,2026-07-21T21:30:00+00:00,ECU,Ecuador,246,Serie A,calendar-2026-27,2026/27,1000009039,1345405,Libertad,519457,Delfin,21,finished,FETCHED,COMPLETE,FULL_MATCH,1,1
2026-07-21,"2026-07-21,2026-07-22",2,1,2026-07-21T22:00:00+00:00,INT,International,299,Copa Sudamericana,calendar-2026-27,2026/27,5702730,8304,Nacional,89396,Tigre,Knockout Round Play-offs,finished,FETCHED,COMPLETE,FULL_MATCH,1,1
2026-07-21,"2026-07-21,2026-07-22",2,1,2026-07-21T22:30:00+00:00,BRA,Brasilien,268,Serie A,calendar-2026-27,2026/27,5103549,10272,Atletico MG,7877,Bahia,19,finished,FETCHED,COMPLETE,FULL_MATCH,1,1
2026-07-21,"2026-07-21,2026-07-22",2,1,2026-07-21T22:30:00+00:00,BRA,Brasilien,8814,Serie B,calendar-2026-27,2026/27,5190620,581838,Novorizontino,7729,Criciuma,19,finished,FETCHED,COMPLETE,FULL_MATCH,1,1
2026-07-21,"2026-07-21,2026-07-22",2,1,2026-07-21T22:30:00+00:00,BRA,Brasilien,8814,Serie B,calendar-2026-27,2026/27,5190625,104822,Avai FC,1757,America MG,19,finished,FETCHED,COMPLETE,FULL_MATCH,2,2_PLUS
2026-07-21,"2026-07-21,2026-07-22",2,1,2026-07-21T23:00:00+00:00,BOL,Bolivien,144,Primera Division,calendar-2026-27,2026/27,1000010875,958325,Independiente Petrolero,1846,Real Potosi,9,finished,FETCHED,COMPLETE,FULL_MATCH,1,1
2026-07-21,"2026-07-21,2026-07-22",2,1,2026-07-22T00:00:00+00:00,ECU,Ecuador,246,Serie A,calendar-2026-27,2026/27,1000009033,113053,Universidad Catolica,6453,Barcelona SC,21,finished,FETCHED,COMPLETE,FULL_MATCH,2,2_PLUS
2026-07-21,"2026-07-21,2026-07-22",2,1,2026-07-22T00:30:00+00:00,INT,International,299,Copa Sudamericana,calendar-2026-27,2026/27,5702733,188213,Universidad Central,8514,Santos FC,Knockout Round Play-offs,finished,FETCHED,COMPLETE,FULL_MATCH,4,2_PLUS
2026-07-21,"2026-07-21,2026-07-22",2,1,2026-07-22T00:35:00+00:00,BRA,Brasilien,8814,Serie B,calendar-2026-27,2026/27,5190628,109706,Vila Nova,8287,Fortaleza,19,finished,FETCHED,COMPLETE,FULL_MATCH,1,1
2026-07-21,"2026-07-21,2026-07-22",2,1,2026-07-22T01:00:00+00:00,MEX,Mexiko,230,Liga MX,calendar-2026-27,2026/27,1000014508,6578,Cruz Azul,7847,Puebla,2,finished,FETCHED,COMPLETE,FULL_MATCH,1,1
2026-07-21,"2026-07-21,2026-07-22",2,1,2026-07-22T03:05:00+00:00,MEX,Mexiko,230,Liga MX,calendar-2026-27,2026/27,1000014509,6618,Toluca,1946,Pumas,2,finished,FETCHED,COMPLETE,FULL_MATCH,2,2_PLUS
2026-07-22,2026-07-22,1,0,2026-07-22T09:30:00+00:00,AUS,Australien,9471,Australia Cup,calendar-2026-27,2026/27,5848067,606920,Maitland,1539569,Fremantle City FC,1/16,finished,FETCHED,COMPLETE,FULL_MATCH,3,2_PLUS
2026-07-22,2026-07-22,1,0,2026-07-22T09:30:00+00:00,AUS,Australien,9471,Australia Cup,calendar-2026-27,2026/27,5848068,162236,Sydney United 58,8164,Central Coast,1/16,finished,FETCHED,COMPLETE,FULL_MATCH,2,2_PLUS
2026-07-22,2026-07-22,1,0,2026-07-22T09:30:00+00:00,AUS,Australien,9471,Australia Cup,calendar-2026-27,2026/27,5848069,197965,Tigers FC,323834,Western Sydney,1/16,finished,FETCHED,COMPLETE,FULL_MATCH,2,2_PLUS
2026-07-22,2026-07-22,1,0,2026-07-22T10:00:00+00:00,AUS,Australien,9471,Australia Cup,calendar-2026-27,2026/27,5848070,162248,University Azzurri FC,1209973,Macarthur FC,1/16,finished,FETCHED,COMPLETE,FULL_MATCH,2,2_PLUS
2026-07-22,2026-07-22,1,0,2026-07-22T10:30:00+00:00,KOR,Südkorea,9080,K League 1,calendar-2026-27,2026/27,5139973,429441,Bucheon FC 1995,429440,FC Anyang,19,finished,FETCHED,COMPLETE,FULL_MATCH,3,2_PLUS
2026-07-22,2026-07-22,1,0,2026-07-22T10:30:00+00:00,KOR,Südkorea,9080,K League 1,calendar-2026-27,2026/27,5139974,245905,Gwangju FC,133901,Gimcheon Sangmu,19,finished,FETCHED,COMPLETE,FULL_MATCH,0,0
2026-07-22,2026-07-22,1,0,2026-07-22T10:30:00+00:00,KOR,Südkorea,9080,K League 1,calendar-2026-27,2026/27,5139975,92630,FC Seoul,109373,Pohang Steelers,19,finished,FETCHED,COMPLETE,FULL_MATCH,3,2_PLUS
2026-07-22,2026-07-22,1,0,2026-07-22T16:00:00+00:00,INT,International,489,Vereins-Freundschaftsspiele,calendar-2026-27,2026/27,5847087,8586,Tottenham,8645,MK Dons,1,finished,FETCHED,COMPLETE,FULL_MATCH,0,0
2026-07-22,2026-07-22,1,0,2026-07-22T17:00:00+00:00,NOR,Norwegen,59,Eliteserien,calendar-2026-27,2026/27,5104857,8402,Bodø/Glimt,8448,HamKam,2,finished,FETCHED,COMPLETE,FULL_MATCH,2,2_PLUS
2026-07-22,2026-07-22,1,0,2026-07-22T17:00:00+00:00,NOR,Norwegen,59,Eliteserien,calendar-2026-27,2026/27,5104924,8476,Lillestrøm,8478,Viking,11,finished,FETCHED,COMPLETE,FULL_MATCH,2,2_PLUS
2026-07-22,2026-07-22,1,0,2026-07-22T17:45:00+00:00,INT,International,10615,Conference League Qualifikation,calendar-2026-27,2026/27,5789149,1933,Başakşehir,6550,FC Inter Turku,2,finished,FETCHED,COMPLETE,FULL_MATCH,1,1
2026-07-22,2026-07-22,1,0,2026-07-22T19:00:00+00:00,ECU,Ecuador,246,Serie A,calendar-2026-27,2026/27,1000009040,6609,CSD Macara,4144,Deportivo Cuenca,21,finished,FETCHED,COMPLETE,FULL_MATCH,2,2_PLUS
2026-07-22,2026-07-22,1,0,2026-07-22T21:30:00+00:00,ECU,Ecuador,246,Serie A,calendar-2026-27,2026/27,1000009037,192875,Independiente del Valle,113054,Tecnico Universitario,21,finished,FETCHED,COMPLETE,FULL_MATCH,2,2_PLUS
2026-07-22,"2026-07-22,2026-07-23",2,1,2026-07-22T22:00:00+00:00,INT,International,299,Copa Sudamericana,calendar-2026-27,2026/27,5702728,2528,Independiente Medellin,10276,Vasco da Gama,Knockout Round Play-offs,finished,FETCHED,COMPLETE,FULL_MATCH,3,2_PLUS
2026-07-22,"2026-07-22,2026-07-23",2,1,2026-07-22T22:30:00+00:00,USA,USA,10282,MLS Next Pro,calendar-2026-27,2026/27,1000007661,1610955,Carolina Core FC,1348111,Inter Miami CF II,22,finished,FETCHED,COMPLETE,FULL_MATCH,2,2_PLUS
2026-07-22,"2026-07-22,2026-07-23",2,1,2026-07-22T22:30:00+00:00,BRA,Brasilien,268,Serie A,calendar-2026-27,2026/27,5103551,9767,Coritiba,10283,Palmeiras,19,finished,FETCHED,COMPLETE,FULL_MATCH,2,2_PLUS
2026-07-22,"2026-07-22,2026-07-23",2,1,2026-07-22T22:30:00+00:00,BRA,Brasilien,8814,Serie B,calendar-2026-27,2026/27,5190622,197429,Operario Ferroviario,8630,Ponte Preta,19,finished,FETCHED,COMPLETE,FULL_MATCH,3,2_PLUS
2026-07-22,"2026-07-22,2026-07-23",2,1,2026-07-22T22:30:00+00:00,BRA,Brasilien,8814,Serie B,calendar-2026-27,2026/27,5190623,172341,Ceara,104821,CRB,19,finished,FETCHED,COMPLETE,FULL_MATCH,0,0
2026-07-22,"2026-07-22,2026-07-23",2,1,2026-07-22T23:00:00+00:00,USA,USA,9296,USL League One,calendar-2026-27,2026/27,5109466,1701883,Portland Hearts of Pine,1121685,Union Omaha,21,finished,FETCHED,COMPLETE,FULL_MATCH,0,0
2026-07-22,"2026-07-22,2026-07-23",2,1,2026-07-22T23:00:00+00:00,USA,USA,9296,USL League One,calendar-2026-27,2026/27,5109467,1706430,Westchester SC,422694,Cosmos,21,finished,FETCHED,COMPLETE,FULL_MATCH,2,2_PLUS
2026-07-22,"2026-07-22,2026-07-23",2,1,2026-07-22T23:00:00+00:00,USA,USA,8972,USL Championship,calendar-2026-27,2026/27,5109843,1430405,Lexington SC,1130413,Oakland Roots SC,1,finished,FETCHED,COMPLETE,FULL_MATCH,2,2_PLUS
2026-07-22,"2026-07-22,2026-07-23",2,1,2026-07-22T23:30:00+00:00,USA,USA,130,MLS,calendar-2026-27,2026/27,5071216,722265,Cincinnati,307691,Vancouver,16,finished,FETCHED,COMPLETE,FULL_MATCH,2,2_PLUS
2026-07-22,"2026-07-22,2026-07-23",2,1,2026-07-22T23:30:00+00:00,USA,USA,130,MLS,calendar-2026-27,2026/27,5071217,6001,Columbus,546238,NYCFC,16,finished,FETCHED,COMPLETE,FULL_MATCH,2,2_PLUS
2026-07-22,"2026-07-22,2026-07-23",2,1,2026-07-22T23:30:00+00:00,USA,USA,130,MLS,calendar-2026-27,2026/27,5071218,960720,Inter Miami CF,6397,Chicago,16,finished,FETCHED,COMPLETE,FULL_MATCH,3,2_PLUS
2026-07-22,"2026-07-22,2026-07-23",2,1,2026-07-22T23:30:00+00:00,USA,USA,130,MLS,calendar-2026-27,2026/27,5071219,6580,New England,56453,Toronto,16,finished,FETCHED,COMPLETE,FULL_MATCH,0,0
2026-07-22,"2026-07-22,2026-07-23",2,1,2026-07-22T23:30:00+00:00,USA,USA,130,MLS,calendar-2026-27,2026/27,5071220,191716,Philadelphia,6514,NY Red Bulls,16,finished,FETCHED,COMPLETE,FULL_MATCH,2,2_PLUS
2026-07-22,"2026-07-22,2026-07-23",2,1,2026-07-22T23:30:00+00:00,BRA,Brasilien,8814,Serie B,calendar-2026-27,2026/27,5190624,9862,Goias,6305,Sport Recife,19,finished,FETCHED,COMPLETE,FULL_MATCH,1,1
2026-07-22,"2026-07-22,2026-07-23",2,1,2026-07-23T00:00:00+00:00,ECU,Ecuador,246,Serie A,calendar-2026-27,2026/27,1000009035,162922,Manta,6721,LDU de Quito,21,finished,FETCHED,COMPLETE,FULL_MATCH,1,1
2026-07-22,"2026-07-22,2026-07-23",2,1,2026-07-23T00:15:00+00:00,USA,USA,130,MLS,calendar-2026-27,2026/27,5071222,1323940,Charlotte FC,773958,Atlanta United,16,finished,FETCHED,COMPLETE,FULL_MATCH,2,2_PLUS
2026-07-22,"2026-07-22,2026-07-23",2,1,2026-07-23T00:30:00+00:00,USA,USA,130,MLS,calendar-2026-27,2026/27,5071224,8259,Houston,6602,DC United,16,finished,FETCHED,COMPLETE,FULL_MATCH,1,1
2026-07-22,"2026-07-22,2026-07-23",2,1,2026-07-23T00:30:00+00:00,USA,USA,130,MLS,calendar-2026-27,2026/27,5071225,6604,Sporting KC,207242,Minnesota,16,finished,FETCHED,COMPLETE,FULL_MATCH,2,2_PLUS
2026-07-22,"2026-07-22,2026-07-23",2,1,2026-07-23T00:30:00+00:00,USA,USA,130,MLS,calendar-2026-27,2026/27,5071228,915807,Nashville SC,161195,Montreal,16,finished,FETCHED,COMPLETE,FULL_MATCH,1,1
2026-07-22,"2026-07-22,2026-07-23",2,1,2026-07-23T00:30:00+00:00,BRA,Brasilien,268,Serie A,calendar-2026-27,2026/27,5103546,10277,Sao Paulo,10273,Athletico Paranaense,19,finished,FETCHED,COMPLETE,FULL_MATCH,2,2_PLUS
2026-07-22,"2026-07-22,2026-07-23",2,1,2026-07-23T00:30:00+00:00,BRA,Brasilien,268,Serie A,calendar-2026-27,2026/27,5103550,8702,Internacional,9781,Cruzeiro,19,finished,FETCHED,COMPLETE,FULL_MATCH,2,2_PLUS
2026-07-22,"2026-07-22,2026-07-23",2,1,2026-07-23T00:30:00+00:00,BRA,Brasilien,268,Serie A,calendar-2026-27,2026/27,5103553,197693,Chapecoense AF,9770,Flamengo,19,finished,FETCHED,COMPLETE,FULL_MATCH,2,2_PLUS
2026-07-22,"2026-07-22,2026-07-23",2,1,2026-07-23T00:30:00+00:00,BRA,Brasilien,8814,Serie B,calendar-2026-27,2026/27,5190626,2369,Nautico,298660,Londrina EC,19,finished,FETCHED,COMPLETE,FULL_MATCH,2,2_PLUS
2026-07-22,"2026-07-22,2026-07-23",2,1,2026-07-23T00:30:00+00:00,INT,International,299,Copa Sudamericana,calendar-2026-27,2026/27,5702727,1848,Sporting Cristal,109705,Red Bull Bragantino,Knockout Round Play-offs,finished,FETCHED,COMPLETE,FULL_MATCH,0,0
2026-07-22,"2026-07-22,2026-07-23",2,1,2026-07-23T00:30:00+00:00,INT,International,299,Copa Sudamericana,calendar-2026-27,2026/27,5702732,10082,Lanus,1845,Cienciano,Knockout Round Play-offs,finished,FETCHED,COMPLETE,FULL_MATCH,1,1
2026-07-22,"2026-07-22,2026-07-23",2,1,2026-07-23T01:00:00+00:00,USA,USA,10282,MLS Next Pro,calendar-2026-27,2026/27,1000007662,614326,Vancouver Whitecaps 2,1451870,Austin FC II,22,finished,FETCHED,COMPLETE,FULL_MATCH,1,1
2026-07-22,"2026-07-22,2026-07-23",2,1,2026-07-23T01:00:00+00:00,CAN,Kanada,10872,Northern Super League,calendar-2026-27,2026/27,1000009193,1739712,Calgary Wild FC,1739719,Ottawa Rapid FC,Regular Season,finished,FETCHED,COMPLETE,FULL_MATCH,2,2_PLUS
2026-07-22,"2026-07-22,2026-07-23",2,1,2026-07-23T01:00:00+00:00,USA,USA,9296,USL League One,calendar-2026-27,2026/27,5109468,1584038,Spokane Velocity FC,614315,Charlotte Independence,21,finished,FETCHED,COMPLETE,FULL_MATCH,3,2_PLUS
2026-07-22,"2026-07-22,2026-07-23",2,1,2026-07-23T01:30:00+00:00,USA,USA,130,MLS,calendar-2026-27,2026/27,5071221,1218886,Austin FC,130394,Seattle Sounders,16,finished,FETCHED,COMPLETE,FULL_MATCH,2,2_PLUS
2026-07-22,"2026-07-22,2026-07-23",2,1,2026-07-23T01:50:00+00:00,USA,USA,8972,USL Championship,calendar-2026-27,2026/27,5109842,614321,Colorado Springs Switchbacks FC,721896,Miami FC,1,finished,FETCHED,COMPLETE,FULL_MATCH,2,2_PLUS
2026-07-22,"2026-07-22,2026-07-23",2,1,2026-07-23T02:05:00+00:00,USA,USA,130,MLS,calendar-2026-27,2026/27,5071223,8314,Colorado,1701119,San Diego FC,16,finished,FETCHED,COMPLETE,FULL_MATCH,1,1
2026-07-22,"2026-07-22,2026-07-23",2,1,2026-07-23T02:30:00+00:00,USA,USA,130,MLS,calendar-2026-27,2026/27,5071226,6637,LA Galaxy,1427963,St. Louis City,16,finished,FETCHED,COMPLETE,FULL_MATCH,2,2_PLUS
2026-07-22,"2026-07-22,2026-07-23",2,1,2026-07-23T02:30:00+00:00,USA,USA,130,MLS,calendar-2026-27,2026/27,5071227,867280,LAFC,6606,Salt Lake,16,finished,FETCHED,COMPLETE,FULL_MATCH,2,2_PLUS
2026-07-22,"2026-07-22,2026-07-23",2,1,2026-07-23T02:30:00+00:00,USA,USA,130,MLS,calendar-2026-27,2026/27,5071229,307690,Portland,6399,Dallas,16,finished,FETCHED,COMPLETE,FULL_MATCH,3,2_PLUS
2026-07-22,"2026-07-22,2026-07-23",2,1,2026-07-23T02:30:00+00:00,USA,USA,130,MLS,calendar-2026-27,2026/27,5071230,6603,San Jose,267810,Orlando,16,finished,FETCHED,COMPLETE,FULL_MATCH,2,2_PLUS
2026-07-23,2026-07-23,1,0,2026-07-23T15:00:00+00:00,USA,USA,10282,MLS Next Pro,calendar-2026-27,2026/27,1000007663,1121686,New England Revolution II,1348108,New York City FC II,22,finished,FETCHED,COMPLETE,FULL_MATCH,0,0
2026-07-23,2026-07-23,1,0,2026-07-23T15:00:00+00:00,INT,International,10615,Conference League Qualifikation,calendar-2026-27,2026/27,5789154,8016,FK Liepaja,10011,Austria Wien,2,finished,FETCHED,COMPLETE,FULL_MATCH,1,1
2026-07-23,2026-07-23,1,0,2026-07-23T16:00:00+00:00,INT,International,10613,Europa League Qualifikation,calendar-2026-27,2026/27,5788577,7981,Qarabag FK,10144,CSKA Sofia,2,finished,FETCHED,COMPLETE,FULL_MATCH,0,0
2026-07-23,2026-07-23,1,0,2026-07-23T16:00:00+00:00,INT,International,10615,Conference League Qualifikation,calendar-2026-27,2026/27,5789155,8369,Debrecen,6345,Pyunik,2,finished,FETCHED,COMPLETE,FULL_MATCH,1,1
2026-07-23,2026-07-23,1,0,2026-07-23T16:30:00+00:00,INT,International,10615,Conference League Qualifikation,calendar-2026-27,2026/27,5789168,103598,DAC 1904 Dunajska Streda,10122,FK Velez Mostar,2,finished,FETCHED,COMPLETE,FULL_MATCH,1,1
2026-07-23,2026-07-23,1,0,2026-07-23T17:00:00+00:00,INT,International,10613,Europa League Qualifikation,calendar-2026-27,2026/27,5788584,8688,Dynamo Kyiv,8619,PAOK Thessaloniki,2,finished,FETCHED,COMPLETE,FULL_MATCH,2,2_PLUS
2026-07-23,2026-07-23,1,0,2026-07-23T17:00:00+00:00,INT,International,10615,Conference League Qualifikation,calendar-2026-27,2026/27,5789156,8297,GAIS,10202,Nordsjælland,2,finished,FETCHED,COMPLETE,FULL_MATCH,0,0
2026-07-23,2026-07-23,1,0,2026-07-23T17:00:00+00:00,INT,International,10615,Conference League Qualifikation,calendar-2026-27,2026/27,5789169,10063,BATE Borisov,10179,Sion,2,finished,FETCHED,COMPLETE,FULL_MATCH,0,0
2026-07-23,2026-07-23,1,0,2026-07-23T17:00:00+00:00,INT,International,10615,Conference League Qualifikation,calendar-2026-27,2026/27,5789180,10042,FC Santa Coloma,10015,Rapid Wien,2,finished,FETCHED,COMPLETE,FULL_MATCH,4,2_PLUS
2026-07-23,2026-07-23,1,0,2026-07-23T18:00:00+00:00,INT,International,10613,Europa League Qualifikation,calendar-2026-27,2026/27,5788579,8611,FC Twente,8222,Ferencvaros,2,finished,FETCHED,COMPLETE,FULL_MATCH,1,1
2026-07-23,2026-07-23,1,0,2026-07-23T18:00:00+00:00,INT,International,10613,Europa League Qualifikation,calendar-2026-27,2026/27,5788580,10188,Beşiktaş,8113,FC Midtjylland,2,finished,FETCHED,COMPLETE,FULL_MATCH,0,0
2026-07-23,2026-07-23,1,0,2026-07-23T18:00:00+00:00,INT,International,10613,Europa League Qualifikation,calendar-2026-27,2026/27,5788583,10190,St. Gallen,9772,Benfica,2,finished,FETCHED,COMPLETE,FULL_MATCH,1,1
2026-07-23,2026-07-23,1,0,2026-07-23T18:00:00+00:00,INT,International,10615,Conference League Qualifikation,calendar-2026-27,2026/27,5789175,7986,Paksi SE,10200,Panathinaikos,2,finished,FETCHED,COMPLETE,FULL_MATCH,2,2_PLUS
2026-07-23,2026-07-23,1,0,2026-07-23T18:00:00+00:00,INT,International,10615,Conference League Qualifikation,calendar-2026-27,2026/27,5789177,6406,Vojvodina,8593,Ajax,2,finished,FETCHED,COMPLETE,FULL_MATCH,2,2_PLUS
2026-07-23,2026-07-23,1,0,2026-07-23T18:00:00+00:00,INT,International,10615,Conference League Qualifikation,calendar-2026-27,2026/27,5789178,1181312,Polissya Zhytomyr,8391,FC København,2,finished,FETCHED,COMPLETE,FULL_MATCH,3,2_PLUS
2026-07-23,2026-07-23,1,0,2026-07-23T18:30:00+00:00,INT,International,10615,Conference League Qualifikation,calendar-2026-27,2026/27,5789148,7896,Lugano,1077223,Dukagjini,2,finished,FETCHED,COMPLETE,FULL_MATCH,0,0
2026-07-23,2026-07-23,1,0,2026-07-23T21:30:00+00:00,ECU,Ecuador,246,Serie A,calendar-2026-27,2026/27,1000009034,1370528,Leones del Norte,194754,Guayaquil City,21,finished,FETCHED,COMPLETE,FULL_MATCH,1,1
2026-07-23,2026-07-23,1,0,2026-07-23T21:30:00+00:00,ECU,Ecuador,246,Serie A,calendar-2026-27,2026/27,1000009036,1014174,Orense,6608,Aucas,21,finished,FETCHED,COMPLETE,FULL_MATCH,1,1
2026-07-23,"2026-07-23,2026-07-24",2,1,2026-07-23T22:00:00+00:00,INT,International,299,Copa Sudamericana,calendar-2026-27,2026/27,5702726,5983,Bolivar,9769,Gremio,Knockout Round Play-offs,finished,FETCHED,COMPLETE,FULL_MATCH,1,1
2026-07-23,"2026-07-23,2026-07-24",2,1,2026-07-23T22:30:00+00:00,BRA,Brasilien,268,Serie A,calendar-2026-27,2026/27,5103395,8517,Botafogo RJ,7733,Vitoria,4,finished,FETCHED,COMPLETE,FULL_MATCH,0,0
2026-07-23,"2026-07-23,2026-07-24",2,1,2026-07-23T22:30:00+00:00,BRA,Brasilien,268,Serie A,calendar-2026-27,2026/27,5103547,9808,Corinthians,1626,Remo,19,finished,FETCHED,COMPLETE,FULL_MATCH,0,0
2026-07-23,"2026-07-23,2026-07-24",2,1,2026-07-23T22:30:00+00:00,ARG,Argentinien,112,Liga Profesional,calendar-2026-27,2026/27,5115874,10092,Belgrano,10084,Rosario Central,1,finished,FETCHED,COMPLETE,FULL_MATCH,2,2_PLUS
2026-07-23,"2026-07-23,2026-07-24",2,1,2026-07-23T22:30:00+00:00,ARG,Argentinien,112,Liga Profesional,calendar-2026-27,2026/27,5115886,202757,Sarmiento,10086,Argentinos Juniors,1,finished,FETCHED,COMPLETE,FULL_MATCH,4,2_PLUS
2026-07-23,"2026-07-23,2026-07-24",2,1,2026-07-23T22:30:00+00:00,BRA,Brasilien,8814,Serie B,calendar-2026-27,2026/27,5190621,1221604,Athletic Club,231931,Sao Bernardo,19,finished,FETCHED,COMPLETE,FULL_MATCH,1,1
2026-07-23,"2026-07-23,2026-07-24",2,1,2026-07-23T23:00:00+00:00,CAN,Kanada,10872,Northern Super League,calendar-2026-27,2026/27,1000009194,1739717,Montreal Roses FC,1739721,AFC Toronto,Regular Season,finished,FETCHED,COMPLETE,FULL_MATCH,2,2_PLUS
2026-07-23,"2026-07-23,2026-07-24",2,1,2026-07-23T23:30:00+00:00,BRA,Brasilien,8814,Serie B,calendar-2026-27,2026/27,5190627,197815,Cuiaba,165545,Atletico GO,19,finished,FETCHED,COMPLETE,FULL_MATCH,1,1
2026-07-23,"2026-07-23,2026-07-24",2,1,2026-07-24T00:00:00+00:00,ECU,Ecuador,246,Serie A,calendar-2026-27,2026/27,1000009038,1850,Emelec,304929,Mushuc Runa,21,finished,FETCHED,COMPLETE,FULL_MATCH,1,1
2026-07-23,"2026-07-23,2026-07-24",2,1,2026-07-24T00:30:00+00:00,BRA,Brasilien,8814,Serie B,calendar-2026-27,2026/27,5190619,8355,Botafogo SP,10274,Juventude,19,finished,FETCHED,COMPLETE,FULL_MATCH,4,2_PLUS
2026-07-23,"2026-07-23,2026-07-24",2,1,2026-07-24T00:30:00+00:00,INT,International,299,Copa Sudamericana,calendar-2026-27,2026/27,5702729,10077,Boca Juniors,6296,O'Higgins,Knockout Round Play-offs,finished,FETCHED,COMPLETE,FULL_MATCH,0,0
2026-07-23,"2026-07-23,2026-07-24",2,1,2026-07-24T00:30:00+00:00,INT,International,299,Copa Sudamericana,calendar-2026-27,2026/27,5702731,7818,Santa Fe,7850,Caracas,Knockout Round Play-offs,finished,FETCHED,COMPLETE,FULL_MATCH,1,1
2026-07-23,"2026-07-23,2026-07-24",2,1,2026-07-24T00:45:00+00:00,ARG,Argentinien,112,Liga Profesional,calendar-2026-27,2026/27,5115875,161730,Defensa y Justicia,161728,Aldosivi,1,finished,FETCHED,COMPLETE,FULL_MATCH,0,0
2026-07-24,2026-07-24,1,0,2026-07-24T10:30:00+00:00,KOR,Südkorea,9116,K League 2,calendar-2026-27,2026/27,5155848,187953,Gimhae FC 2008,833651,Cheongju FC,19,finished,FETCHED,COMPLETE,FULL_MATCH,2,2_PLUS
2026-07-24,2026-07-24,1,0,2026-07-24T10:30:00+00:00,KOR,Südkorea,9116,K League 2,calendar-2026-27,2026/27,5155849,616212,Seoul E-Land FC,187960,Cheonan City,19,finished,FETCHED,COMPLETE,FULL_MATCH,5,2_PLUS
2026-07-24,2026-07-24,1,0,2026-07-24T12:00:00+00:00,INT,International,9265,ASEAN Championship,calendar-2026-27,2026/27,5844734,6332,Cambodia,5825,Singapore,1,finished,FETCHED,COMPLETE,FULL_MATCH,2,2_PLUS
2026-07-24,2026-07-24,1,0,2026-07-24T13:30:00+00:00,INT,International,9265,ASEAN Championship,calendar-2026-27,2026/27,5844735,95801,Timor-Leste,5894,Vietnam,1,finished,FETCHED,COMPLETE,FULL_MATCH,2,2_PLUS
2026-07-24,2026-07-24,1,0,2026-07-24T15:30:00+00:00,ROU,Rumänien,189,Liga I,calendar-2026-27,2026/27,5853447,584663,UTA Arad,9736,Otelul Galati,2,finished,FETCHED,COMPLETE,FULL_MATCH,2,2_PLUS
2026-07-24,2026-07-24,1,0,2026-07-24T16:00:00+00:00,FIN,Finnland,51,Veikkausliiga,calendar-2026-27,2026/27,5147603,8473,FF Jaro,162162,SJK,17,finished,FETCHED,COMPLETE,FULL_MATCH,2,2_PLUS
2026-07-24,2026-07-24,1,0,2026-07-24T16:00:00+00:00,INT,International,489,Vereins-Freundschaftsspiele,calendar-2026-27,2026/27,5449682,8422,Rosenborg,10260,Man United,1,finished,FETCHED,COMPLETE,FULL_MATCH,4,2_PLUS
2026-07-24,2026-07-24,1,0,2026-07-24T16:00:00+00:00,DEN,Dänemark,85,1. Division,calendar-2026-27,2026/27,5764430,8231,Vejle Boldklub,9805,AB,1,finished,FETCHED,COMPLETE,FULL_MATCH,2,2_PLUS
2026-07-24,2026-07-24,1,0,2026-07-24T16:00:00+00:00,POL,Polen,196,Ekstraklasa,calendar-2026-27,2026/27,5803898,5769,Radomiak Radom,1286895,Wieczysta Kraków,1,finished,FETCHED,COMPLETE,FULL_MATCH,2,2_PLUS
2026-07-24,2026-07-24,1,0,2026-07-24T17:00:00+00:00,SWE,Schweden,67,Allsvenskan,calendar-2026-27,2026/27,5107547,6194,Västerås SK,10002,Örgryte,14,finished,FETCHED,COMPLETE,FULL_MATCH,1,1
2026-07-24,2026-07-24,1,0,2026-07-24T17:00:00+00:00,DEN,Dänemark,46,Superligaen,calendar-2026-27,2026/27,5739463,9939,Viborg,8414,OB,1,finished,FETCHED,COMPLETE,FULL_MATCH,1,1
2026-07-24,2026-07-24,1,0,2026-07-24T17:00:00+00:00,DEN,Dänemark,85,1. Division,calendar-2026-27,2026/27,5764431,8470,AaB,9940,Hillerød,1,finished,FETCHED,COMPLETE,FULL_MATCH,1,1
2026-07-24,2026-07-24,1,0,2026-07-24T17:00:00+00:00,RUS,Russland,63,Premier League,calendar-2026-27,2026/27,5847120,9760,CSKA,49694,Baltika,1,finished,FETCHED,COMPLETE,FULL_MATCH,0,0
2026-07-24,2026-07-24,1,0,2026-07-24T17:30:00+00:00,SUI,Schweiz,163,Challenge League,calendar-2026-27,2026/27,5804552,289334,FC Stade Lausanne-Ouchy,2442,Stade Nyonnais,1,finished,FETCHED,COMPLETE,FULL_MATCH,1,1
2026-07-24,2026-07-24,1,0,2026-07-24T17:30:00+00:00,SUI,Schweiz,163,Challenge League,calendar-2026-27,2026/27,5804553,185504,FC Rapperswil-Jona,10175,Wil,1,finished,FETCHED,COMPLETE,FULL_MATCH,4,2_PLUS
2026-07-24,2026-07-24,1,0,2026-07-24T17:30:00+00:00,SUI,Schweiz,163,Challenge League,calendar-2026-27,2026/27,5804554,7955,Xamax,6404,Kriens,1,finished,FETCHED,COMPLETE,FULL_MATCH,1,1
2026-07-24,2026-07-24,1,0,2026-07-24T18:00:00+00:00,INT,International,489,Vereins-Freundschaftsspiele,calendar-2026-27,2026/27,5958598,8637,Galatasaray,6504,Monza,1,finished,FETCHED,COMPLETE,FULL_MATCH,1,1
2026-07-24,2026-07-24,1,0,2026-07-24T18:15:00+00:00,SUI,Schweiz,163,Challenge League,calendar-2026-27,2026/27,5804555,1594,Etoile Carouge,9930,Aarau,1,finished,FETCHED,COMPLETE,FULL_MATCH,3,2_PLUS
2026-07-24,2026-07-24,1,0,2026-07-24T18:15:00+00:00,SUI,Schweiz,163,Challenge League,calendar-2026-27,2026/27,5804556,7894,Winterthur,6447,Yverdon,1,finished,FETCHED,COMPLETE,FULL_MATCH,4,2_PLUS
2026-07-24,2026-07-24,1,0,2026-07-24T18:30:00+00:00,POL,Polen,196,Ekstraklasa,calendar-2026-27,2026/27,5803899,8023,Pogoń Szczecin,8673,Legia Warszawa,1,finished,FETCHED,COMPLETE,FULL_MATCH,1,1
2026-07-24,2026-07-24,1,0,2026-07-24T18:30:00+00:00,ROU,Rumänien,189,Liga I,calendar-2026-27,2026/27,5853444,9732,FC Arges Pitesti,188187,Petrolul Ploiesti,2,finished,FETCHED,COMPLETE,FULL_MATCH,0,0
2026-07-24,2026-07-24,1,0,2026-07-24T19:00:00+00:00,PAR,Paraguay,199,Division Profesional,calendar-2026-27,2026/27,1000005590,49688,2 de Mayo,162557,Rubio Nu,Clausura - Round 1,finished,FETCHED,COMPLETE,FULL_MATCH,1,1
2026-07-24,2026-07-24,1,0,2026-07-24T19:00:00+00:00,IRL,Irland,126,Premier Liga,calendar-2026-27,2026/27,5100935,1854,St. Patrick's Athletic,1853,Dundalk,25,finished,FETCHED,COMPLETE,FULL_MATCH,1,1
2026-07-24,2026-07-24,1,0,2026-07-24T19:45:00+00:00,ARG,Argentinien,112,Liga Profesional,calendar-2026-27,2026/27,5115879,568727,Gimnasia Mendoza,213596,Central Cordoba de Santiago,1,finished,FETCHED,COMPLETE,FULL_MATCH,1,1
2026-07-24,2026-07-24,1,0,2026-07-24T20:00:00+00:00,INT,International,9656,CONCACAF Championship U20,calendar-2026-27,2026/27,1000011106,263042,Guatemala U20,67326,Costa Rica U20,1,finished,FETCHED,COMPLETE,FULL_MATCH,1,1
2026-07-24,2026-07-24,1,0,2026-07-24T20:00:00+00:00,PER,Peru,131,Liga 1,calendar-2026-27,2026/27,1000015429,4410,Alianza Atletico,741328,Los Chankas,Clausura - Round 2,finished,FETCHED,COMPLETE,FULL_MATCH,3,2_PLUS
2026-07-24,2026-07-24,1,0,2026-07-24T20:00:00+00:00,ISL,Island,215,Besta deildin,calendar-2026-27,2026/27,5225691,6017,Vikingur Reykjavik,4472,Keflavik,16,finished,FETCHED,COMPLETE,FULL_MATCH,4,2_PLUS
2026-07-24,2026-07-24,1,0,2026-07-24T21:30:00+00:00,PAR,Paraguay,199,Division Profesional,calendar-2026-27,2026/27,1000005238,6295,Cerro Porteno,59844,Sportivo Trinidense,Clausura - Round 1,finished,FETCHED,COMPLETE,FULL_MATCH,2,2_PLUS
2026-07-24,"2026-07-24,2026-07-25",2,1,2026-07-24T22:00:00+00:00,ARG,Argentinien,112,Liga Profesional,calendar-2026-27,2026/27,5115884,10080,Racing Club,10103,Gimnasia LP,1,finished,FETCHED,COMPLETE,FULL_MATCH,1,1
2026-07-24,"2026-07-24,2026-07-25",2,1,2026-07-24T22:00:00+00:00,ARG,Argentinien,112,Liga Profesional,calendar-2026-27,2026/27,5115887,10079,Velez Sarsfield,10090,Instituto,1,finished,FETCHED,COMPLETE,FULL_MATCH,0,0
2026-07-24,"2026-07-24,2026-07-25",2,1,2026-07-24T22:00:00+00:00,CAN,Kanada,9986,Premier League,calendar-2026-27,2026/27,5175932,1022948,HFX Wanderers FC,1899648,Supra du Quebec,14,finished,FETCHED,COMPLETE,FULL_MATCH,3,2_PLUS
2026-07-24,"2026-07-24,2026-07-25",2,1,2026-07-24T23:00:00+00:00,USA,USA,10282,MLS Next Pro,calendar-2026-27,2026/27,1000007664,614318,Red Bull New York  II,1451868,Crown Legacy FC,22,finished,FETCHED,COMPLETE,FULL_MATCH,3,2_PLUS
2026-07-24,"2026-07-24,2026-07-25",2,1,2026-07-24T23:00:00+00:00,INT,International,9656,CONCACAF Championship U20,calendar-2026-27,2026/27,1000011107,5880,Mexico U20,824750,Antigua and Barbuda U20,1,finished,FETCHED,COMPLETE,FULL_MATCH,0,0
2026-07-24,"2026-07-24,2026-07-25",2,1,2026-07-24T23:00:00+00:00,BOL,Bolivien,144,Primera Division,calendar-2026-27,2026/27,1000011157,49720,Aurora,1297346,ABB,11,finished,FETCHED,COMPLETE,FULL_MATCH,2,2_PLUS
2026-07-24,"2026-07-24,2026-07-25",2,1,2026-07-24T23:10:00+00:00,COL,Kolumbien,274,Primera A,calendar-2026-27,2026/27,1000014054,348397,Llaneros FC,4404,Deportivo Pereira,Clausura - Round 1,finished,FETCHED,COMPLETE,FULL_MATCH,1,1
2026-07-24,"2026-07-24,2026-07-25",2,1,2026-07-25T00:00:00+00:00,USA,USA,9134,NWSL,calendar-2026-27,2026/27,5161570,728922,Orlando Pride (W),189393,Chicago Stars (W),0,finished,FETCHED,COMPLETE,FULL_MATCH,1,1
2026-07-24,"2026-07-24,2026-07-25",2,1,2026-07-25T00:00:00+00:00,USA,USA,9134,NWSL,calendar-2026-27,2026/27,5161571,521233,Houston Dash (W),1607273,Bay FC (W),0,finished,FETCHED,COMPLETE,FULL_MATCH,1,1
2026-07-24,"2026-07-24,2026-07-25",2,1,2026-07-25T00:15:00+00:00,ARG,Argentinien,112,Liga Profesional,calendar-2026-27,2026/27,5115880,10081,Huracan,10087,Banfield,1,finished,FETCHED,COMPLETE,FULL_MATCH,1,1
2026-07-24,"2026-07-24,2026-07-25",2,1,2026-07-25T00:15:00+00:00,ARG,Argentinien,112,Liga Profesional,calendar-2026-27,2026/27,5115883,10089,Club Atletico Platense,10096,Union,1,finished,FETCHED,COMPLETE,FULL_MATCH,3,2_PLUS
2026-07-24,"2026-07-24,2026-07-25",2,1,2026-07-25T00:30:00+00:00,CHI,Chile,273,Liga de Primera,calendar-2026-27,2026/27,1000013173,7815,Colo Colo,584840,Deportes Limache,16,finished,FETCHED,COMPLETE,FULL_MATCH,4,2_PLUS
2026-07-24,"2026-07-24,2026-07-25",2,1,2026-07-25T01:15:00+00:00,COL,Kolumbien,274,Primera A,calendar-2026-27,2026/27,1000014056,6387,Deportivo Cali,424270,CD Jaguares,Clausura - Round 1,finished,FETCHED,COMPLETE,FULL_MATCH,2,2_PLUS
2026-07-24,"2026-07-24,2026-07-25",2,1,2026-07-25T01:30:00+00:00,PER,Peru,131,Liga 1,calendar-2026-27,2026/27,1000015430,4409,Universitario de Deportes,305171,Cusco FC,Clausura - Round 2,finished,FETCHED,COMPLETE,FULL_MATCH,2,2_PLUS
2026-07-24,"2026-07-24,2026-07-25",2,1,2026-07-25T02:00:00+00:00,CAN,Kanada,9986,Premier League,calendar-2026-27,2026/27,1000008678,1436202,Vancouver FC,1022952,Cavalry FC,14,finished,FETCHED,COMPLETE,FULL_MATCH,1,1
2026-07-24,"2026-07-24,2026-07-25",2,1,2026-07-25T02:00:00+00:00,USA,USA,9134,NWSL,calendar-2026-27,2026/27,5161572,433029,Portland Thorns (W),189397,Gotham FC (W),0,finished,FETCHED,COMPLETE,FULL_MATCH,2,2_PLUS
2026-07-24,"2026-07-24,2026-07-25",2,1,2026-07-25T03:00:00+00:00,MEX,Mexiko,230,Liga MX,calendar-2026-27,2026/27,1000014511,1942,Atlante,6576,América,2,finished,FETCHED,COMPLETE,FULL_MATCH,1,1
2026-07-24,"2026-07-24,2026-07-25",2,1,2026-07-25T03:00:00+00:00,MEX,Mexiko,230,Liga MX,calendar-2026-27,2026/27,1000014512,162418,Tijuana,1841,León,2,finished,FETCHED,COMPLETE,FULL_MATCH,1,1
2026-07-25,2026-07-25,1,0,2026-07-25T09:30:00+00:00,CHN,China,120,Super League,calendar-2026-27,2026/27,5186557,4183,Qingdao Hainiu,4189,Tianjin Jinmen Tiger,20,finished,FETCHED,COMPLETE,FULL_MATCH,1,1
2026-07-25,2026-07-25,1,0,2026-07-25T10:00:00+00:00,INT,International,9265,ASEAN Championship,calendar-2026-27,2026/27,5844749,8307,Myanmar,5823,Malaysia,1,finished,FETCHED,COMPLETE,FULL_MATCH,2,2_PLUS
2026-07-25,2026-07-25,1,0,2026-07-25T10:30:00+00:00,KOR,Südkorea,9080,K League 1,calendar-2026-27,2026/27,5139976,133901,Gimcheon Sangmu,133900,Daejeon Hana Citizen,20,finished,FETCHED,COMPLETE,FULL_MATCH,2,2_PLUS
2026-07-25,2026-07-25,1,0,2026-07-25T10:30:00+00:00,KOR,Südkorea,9080,K League 1,calendar-2026-27,2026/27,5139977,109373,Pohang Steelers,46038,Jeonbuk Hyundai Motors FC,20,finished,FETCHED,COMPLETE,FULL_MATCH,1,1
2026-07-25,2026-07-25,1,0,2026-07-25T10:30:00+00:00,KOR,Südkorea,9116,K League 2,calendar-2026-27,2026/27,5155850,6092,Busan I'Park,88517,Suwon Samsung Bluewings,19,finished,FETCHED,COMPLETE,FULL_MATCH,3,2_PLUS
2026-07-25,2026-07-25,1,0,2026-07-25T10:30:00+00:00,KOR,Südkorea,9116,K League 2,calendar-2026-27,2026/27,5155851,133897,Daegu FC,187951,Suwon FC,19,finished,FETCHED,COMPLETE,FULL_MATCH,1,1
2026-07-25,2026-07-25,1,0,2026-07-25T10:30:00+00:00,KOR,Südkorea,9116,K League 2,calendar-2026-27,2026/27,5155852,739800,Hwaseong FC,429442,Chungnam Asan FC,19,finished,FETCHED,COMPLETE,FULL_MATCH,3,2_PLUS
2026-07-25,2026-07-25,1,0,2026-07-25T10:30:00+00:00,KOR,Südkorea,9116,K League 2,calendar-2026-27,2026/27,5155853,109377,Jeonnam Dragons,133899,Gyeongnam FC,19,finished,FETCHED,COMPLETE,FULL_MATCH,1,1
2026-07-25,2026-07-25,1,0,2026-07-25T11:00:00+00:00,RUS,Russland,63,Premier League,calendar-2026-27,2026/27,5847121,9763,Dinamo,8709,Krylya Sovetov,1,finished,FETCHED,COMPLETE,FULL_MATCH,0,0
2026-07-25,2026-07-25,1,0,2026-07-25T11:00:00+00:00,INT,International,489,Vereins-Freundschaftsspiele,calendar-2026-27,2026/27,5924412,8194,Düsseldorf,9789,Dortmund,1,finished,FETCHED,COMPLETE,FULL_MATCH,2,2_PLUS
2026-07-25,2026-07-25,1,0,2026-07-25T11:30:00+00:00,INT,International,489,Vereins-Freundschaftsspiele,calendar-2026-27,2026/27,5898824,6189,Gateshead FC,10261,Newcastle,1,finished,FETCHED,COMPLETE,FULL_MATCH,1,1
2026-07-25,2026-07-25,1,0,2026-07-25T11:35:00+00:00,CHN,China,120,Super League,calendar-2026-27,2026/27,5186558,737054,Liaoning Tieren,1283248,Qingdao West Coast,20,finished,FETCHED,COMPLETE,FULL_MATCH,1,1
2026-07-25,2026-07-25,1,0,2026-07-25T11:35:00+00:00,CHN,China,120,Super League,calendar-2026-27,2026/27,5186559,198616,Shanghai Port,6628,Shanghai Shenhua,20,finished,FETCHED,COMPLETE,FULL_MATCH,0,0
2026-07-25,2026-07-25,1,0,2026-07-25T12:00:00+00:00,CHN,China,120,Super League,calendar-2026-27,2026/27,5186560,1029687,Wuhan Three Towns,1477050,Chongqing Tongliang Long,20,finished,FETCHED,COMPLETE,FULL_MATCH,0,0
2026-07-25,2026-07-25,1,0,2026-07-25T12:00:00+00:00,DEN,Dänemark,85,1. Division,calendar-2026-27,2026/27,5764433,10240,Hvidovre,8615,Vendsyssel FF,1,finished,FETCHED,COMPLETE,FULL_MATCH,2,2_PLUS
2026-07-25,2026-07-25,1,0,2026-07-25T12:45:00+00:00,POL,Polen,196,Ekstraklasa,calendar-2026-27,2026/27,5803900,1957,Jagiellonia Białystok,8245,Korona Kielce,1,finished,FETCHED,COMPLETE,FULL_MATCH,1,1
2026-07-25,2026-07-25,1,0,2026-07-25T13:00:00+00:00,SWE,Schweden,67,Allsvenskan,calendar-2026-27,2026/27,5107545,6544,Degerfors,9802,Djurgården,14,finished,FETCHED,COMPLETE,FULL_MATCH,0,0
2026-07-25,2026-07-25,1,0,2026-07-25T13:00:00+00:00,DEN,Dänemark,85,1. Division,calendar-2026-27,2026/27,5764434,8285,Esbjerg fB,6308,Kolding IF,1,finished,FETCHED,COMPLETE,FULL_MATCH,0,0
2026-07-25,2026-07-25,1,0,2026-07-25T13:00:00+00:00,INT,International,9265,ASEAN Championship,calendar-2026-27,2026/27,5844750,5891,Laos,5788,Thailand,1,finished,FETCHED,COMPLETE,FULL_MATCH,3,2_PLUS
2026-07-25,2026-07-25,1,0,2026-07-25T13:15:00+00:00,RUS,Russland,63,Premier League,calendar-2026-27,2026/27,5847119,1068364,Akron Togliatti,8698,Zenit,1,finished,FETCHED,COMPLETE,FULL_MATCH,2,2_PLUS
2026-07-25,2026-07-25,1,0,2026-07-25T13:30:00+00:00,FIN,Finnland,51,Veikkausliiga,calendar-2026-27,2026/27,5147604,6634,IFK Mariehamn,4449,AC Oulu,17,finished,FETCHED,COMPLETE,FULL_MATCH,1,1
2026-07-25,2026-07-25,1,0,2026-07-25T13:30:00+00:00,INT,International,489,Vereins-Freundschaftsspiele,calendar-2026-27,2026/27,5449687,8196,Wehen Wiesbaden,9823,Bayern München,1,finished,FETCHED,COMPLETE,FULL_MATCH,2,2_PLUS
2026-07-25,2026-07-25,1,0,2026-07-25T14:00:00+00:00,NOR,Norwegen,59,Eliteserien,calendar-2026-27,2026/27,5104959,8605,Kristiansund,9919,Start,15,finished,FETCHED,COMPLETE,FULL_MATCH,1,1
2026-07-25,2026-07-25,1,0,2026-07-25T14:00:00+00:00,FIN,Finnland,51,Veikkausliiga,calendar-2026-27,2026/27,5147605,1693,KuPS,6597,VPS,17,finished,FETCHED,COMPLETE,FULL_MATCH,1,1
2026-07-25,2026-07-25,1,0,2026-07-25T14:00:00+00:00,DEN,Dänemark,85,1. Division,calendar-2026-27,2026/27,5764432,8454,Fredericia,8289,HB Køge,1,finished,FETCHED,COMPLETE,FULL_MATCH,3,2_PLUS
2026-07-25,2026-07-25,1,0,2026-07-25T14:00:00+00:00,INT,International,489,Vereins-Freundschaftsspiele,calendar-2026-27,2026/27,5765531,9925,Celtic,8564,Milan,1,finished,FETCHED,COMPLETE,FULL_MATCH,2,2_PLUS
2026-07-25,2026-07-25,1,0,2026-07-25T14:00:00+00:00,INT,International,489,Vereins-Freundschaftsspiele,calendar-2026-27,2026/27,5898864,45729,Bromley,9826,Crystal Palace,1,finished,FETCHED,COMPLETE,FULL_MATCH,3,2_PLUS
2026-07-25,2026-07-25,1,0,2026-07-25T14:30:00+00:00,ROU,Rumänien,189,Liga I,calendar-2026-27,2026/27,5853443,210132,FCV Farul Constanta,1515102,Corvinul Hunedoara,2,finished,FETCHED,COMPLETE,FULL_MATCH,2,2_PLUS
2026-07-25,2026-07-25,1,0,2026-07-25T15:00:00+00:00,CZE,Tschechien,122,1. Liga,calendar-2026-27,2026/27,5831113,6033,Viktoria Plzen,10245,Slovan Liberec,1,finished,FETCHED,COMPLETE,FULL_MATCH,3,2_PLUS
2026-07-25,2026-07-25,1,0,2026-07-25T15:00:00+00:00,CZE,Tschechien,122,1. Liga,calendar-2026-27,2026/27,5831115,4721,Teplice,1670,Bohemians 1905,1,finished,FETCHED,COMPLETE,FULL_MATCH,3,2_PLUS
2026-07-25,2026-07-25,1,0,2026-07-25T15:00:00+00:00,CZE,Tschechien,122,1. Liga,calendar-2026-27,2026/27,5831116,1860,FC Zlin,6362,Banik Ostrava,1,finished,FETCHED,COMPLETE,FULL_MATCH,1,1
2026-07-25,2026-07-25,1,0,2026-07-25T15:30:00+00:00,SRB,Serbien,182,Super Liga,calendar-2026-27,2026/27,1000015078,6410,Radnicki Nis,6374,Cukaricki,2,finished,FETCHED,COMPLETE,FULL_MATCH,0,0
2026-07-25,2026-07-25,1,0,2026-07-25T15:30:00+00:00,PER,Peru,131,Liga 1,calendar-2026-27,2026/27,1000015433,4412,Sport Boys,1104719,Asociacion Deportiva Tarma,Clausura - Round 2,finished,FETCHED,COMPLETE,FULL_MATCH,2,2_PLUS
2026-07-25,2026-07-25,1,0,2026-07-25T15:30:00+00:00,SWE,Schweden,67,Allsvenskan,calendar-2026-27,2026/27,5107548,9892,Kalmar FF,8127,Mjällby,14,finished,FETCHED,COMPLETE,FULL_MATCH,1,1
2026-07-25,2026-07-25,1,0,2026-07-25T15:30:00+00:00,POL,Polen,196,Ekstraklasa,calendar-2026-27,2026/27,5803901,8020,Górnik Zabrze,8025,Śląsk Wrocław,1,finished,FETCHED,COMPLETE,FULL_MATCH,2,2_PLUS
2026-07-25,2026-07-25,1,0,2026-07-25T15:30:00+00:00,RUS,Russland,63,Premier League,calendar-2026-27,2026/27,5847122,1692,Fakel,1068353,Dynamo Makhachkala,1,finished,FETCHED,COMPLETE,FULL_MATCH,1,1
2026-07-25,2026-07-25,1,0,2026-07-25T16:00:00+00:00,IRL,Irland,126,Premier Liga,calendar-2026-27,2026/27,5100934,520517,Galway United FC,6042,Waterford FC,25,finished,FETCHED,COMPLETE,FULL_MATCH,0,0
2026-07-25,2026-07-25,1,0,2026-07-25T16:00:00+00:00,DEN,Dänemark,46,Superligaen,calendar-2026-27,2026/27,5739464,8071,AGF,8595,Brøndby IF,1,finished,FETCHED,COMPLETE,FULL_MATCH,2,2_PLUS
2026-07-25,2026-07-25,1,0,2026-07-25T16:00:00+00:00,SVK,Slowakei,176,1. liga,calendar-2026-27,2026/27,5772140,6496,Trencin,611956,Komarno,1,finished,FETCHED,COMPLETE,FULL_MATCH,1,1
2026-07-25,2026-07-25,1,0,2026-07-25T16:00:00+00:00,SVK,Slowakei,176,1. liga,calendar-2026-27,2026/27,5772141,4662,Spartak Trnava,555292,Skalica,1,finished,FETCHED,COMPLETE,FULL_MATCH,0,0
2026-07-25,2026-07-25,1,0,2026-07-25T16:00:00+00:00,SUI,Schweiz,69,Super League,calendar-2026-27,2026/27,5804220,7730,Lausanne,9956,Grasshopper,1,finished,FETCHED,COMPLETE,FULL_MATCH,1,1
2026-07-25,2026-07-25,1,0,2026-07-25T16:00:00+00:00,SUI,Schweiz,69,Super League,calendar-2026-27,2026/27,5804221,9777,Servette,9931,Basel,1,finished,FETCHED,COMPLETE,FULL_MATCH,1,1
2026-07-25,2026-07-25,1,0,2026-07-25T16:00:00+00:00,INT,International,489,Vereins-Freundschaftsspiele,calendar-2026-27,2026/27,5900326,8640,PSV Eindhoven,10205,Villarreal,1,finished,FETCHED,COMPLETE,FULL_MATCH,4,2_PLUS
2026-07-25,2026-07-25,1,0,2026-07-25T17:00:00+00:00,INT,International,489,Vereins-Freundschaftsspiele,calendar-2026-27,2026/27,5900412,9864,Malaga,8197,Leicester,1,finished,FETCHED,COMPLETE,FULL_MATCH,5,2_PLUS
2026-07-25,2026-07-25,1,0,2026-07-25T17:30:00+00:00,ROU,Rumänien,189,Liga I,calendar-2026-27,2026/27,5853442,10271,Dinamo Bucuresti,480286,Universitatea Craiova,2,finished,FETCHED,COMPLETE,FULL_MATCH,4,2_PLUS
2026-07-25,2026-07-25,1,0,2026-07-25T17:45:00+00:00,ARG,Argentinien,112,Liga Profesional,calendar-2026-27,2026/27,5115878,213591,Estudiantes de Rio Cuarto,89396,Tigre,1,finished,FETCHED,COMPLETE,FULL_MATCH,1,1
2026-07-25,2026-07-25,1,0,2026-07-25T17:45:00+00:00,RUS,Russland,63,Premier League,calendar-2026-27,2026/27,5847126,8643,Spartak,1066681,Rodina,1,finished,FETCHED,COMPLETE,FULL_MATCH,2,2_PLUS
2026-07-25,2026-07-25,1,0,2026-07-25T18:00:00+00:00,SRB,Serbien,182,Super Liga,calendar-2026-27,2026/27,1000015077,568569,FK IMT Beograd,6231,FK Zemun,2,finished,FETCHED,COMPLETE,FULL_MATCH,3,2_PLUS
2026-07-25,2026-07-25,1,0,2026-07-25T18:00:00+00:00,SRB,Serbien,182,Super Liga,calendar-2026-27,2026/27,1000015081,8692,OFK Beograd,463461,FK Radnik Surdulica,2,finished,FETCHED,COMPLETE,FULL_MATCH,0,0
2026-07-25,2026-07-25,1,0,2026-07-25T18:00:00+00:00,PER,Peru,131,Liga 1,calendar-2026-27,2026/27,1000015431,165148,Sport Huancayo,920789,Atletico Grau,Clausura - Round 2,finished,FETCHED,COMPLETE,FULL_MATCH,2,2_PLUS
2026-07-25,2026-07-25,1,0,2026-07-25T18:00:00+00:00,CZE,Tschechien,122,1. Liga,calendar-2026-27,2026/27,5831109,1673,FC Zbrojovka Brno,10247,Sparta Prague,1,finished,FETCHED,COMPLETE,FULL_MATCH,3,2_PLUS
2026-07-25,2026-07-25,1,0,2026-07-25T18:00:00+00:00,INT,International,489,Vereins-Freundschaftsspiele,calendar-2026-27,2026/27,5847088,9985,Standard Liege,9885,Juventus,1,finished,FETCHED,COMPLETE,FULL_MATCH,1,1
2026-07-25,2026-07-25,1,0,2026-07-25T18:15:00+00:00,POL,Polen,196,Ekstraklasa,calendar-2026-27,2026/27,5803902,2182,Lech Poznań,2186,Cracovia,1,finished,FETCHED,COMPLETE,FULL_MATCH,0,0
2026-07-25,2026-07-25,1,0,2026-07-25T18:30:00+00:00,SVK,Slowakei,176,1. liga,calendar-2026-27,2026/27,5772139,2437,Zeleziarne Podbrezova,9899,Zemplin Michalovce,1,finished,FETCHED,COMPLETE,FULL_MATCH,0,0
2026-07-25,2026-07-25,1,0,2026-07-25T18:30:00+00:00,SUI,Schweiz,69,Super League,calendar-2026-27,2026/27,5804222,10199,Luzern,10191,Thun,1,finished,FETCHED,COMPLETE,FULL_MATCH,2,2_PLUS
2026-07-25,2026-07-25,1,0,2026-07-25T18:45:00+00:00,IRL,Irland,126,Premier Liga,calendar-2026-27,2026/27,5100936,6361,Sligo Rovers,8339,Drogheda United,25,finished,FETCHED,COMPLETE,FULL_MATCH,1,1
2026-07-25,2026-07-25,1,0,2026-07-25T19:00:00+00:00,PAR,Paraguay,199,Division Profesional,calendar-2026-27,2026/27,1000005589,1427854,Recoleta,198186,Sportivo San Lorenzo,Clausura - Round 1,finished,FETCHED,COMPLETE,FULL_MATCH,1,1
2026-07-25,2026-07-25,1,0,2026-07-25T19:00:00+00:00,BOL,Bolivien,144,Primera Division,calendar-2026-27,2026/27,1000011161,805913,Always Ready,1297060,San Antonio Bulo Bulo,11,finished,FETCHED,COMPLETE,FULL_MATCH,3,2_PLUS
2026-07-25,2026-07-25,1,0,2026-07-25T20:00:00+00:00,CAN,Kanada,10872,Northern Super League,calendar-2026-27,2026/27,1000009195,1739724,Vancouver Rise FC,1739714,Halifax Tides FC,Regular Season,finished,FETCHED,COMPLETE,FULL_MATCH,1,1
2026-07-25,2026-07-25,1,0,2026-07-25T20:00:00+00:00,ARG,Argentinien,112,Liga Profesional,calendar-2026-27,2026/27,5115882,10201,Newell's Old Boys,10101,Talleres,1,finished,FETCHED,COMPLETE,FULL_MATCH,1,1
2026-07-25,2026-07-25,1,0,2026-07-25T20:15:00+00:00,PER,Peru,131,Liga 1,calendar-2026-27,2026/27,1000015432,1573153,ADC Juan Pablo II,1845,Cienciano,Clausura - Round 2,finished,FETCHED,COMPLETE,FULL_MATCH,2,2_PLUS
2026-07-25,2026-07-25,1,0,2026-07-25T21:00:00+00:00,USA,USA,10282,MLS Next Pro,calendar-2026-27,2026/27,1000007667,1348111,Inter Miami CF II,614319,Toronto FC II,22,finished,FETCHED,COMPLETE,FULL_MATCH,1,1
2026-07-25,2026-07-25,1,0,2026-07-25T21:00:00+00:00,INT,International,9656,CONCACAF Championship U20,calendar-2026-27,2026/27,1000011100,437577,Cuba U20,417517,El Salvador U20,1,finished,FETCHED,COMPLETE,FULL_MATCH,1,1
2026-07-25,2026-07-25,1,0,2026-07-25T21:00:00+00:00,USA,USA,9134,NWSL,calendar-2026-27,2026/27,5161573,1795723,Boston Legacy FC (W),1237561,Kansas City Current (W),0,finished,FETCHED,COMPLETE,FULL_MATCH,0,0
2026-07-25,2026-07-25,1,0,2026-07-25T21:05:00+00:00,COL,Kolumbien,274,Primera A,calendar-2026-27,2026/27,1000014050,2528,Independiente Medellin,4405,Deportivo Pasto,Clausura - Round 1,finished,FETCHED,COMPLETE,FULL_MATCH,1,1
2026-07-25,2026-07-25,1,0,2026-07-25T21:15:00+00:00,BOL,Bolivien,144,Primera Division,calendar-2026-27,2026/27,1000011158,114830,Guabira,1504766,CDT Real Oruro,11,finished,FETCHED,COMPLETE,FULL_MATCH,1,1
2026-07-25,2026-07-25,1,0,2026-07-25T21:30:00+00:00,PAR,Paraguay,199,Division Profesional,calendar-2026-27,2026/27,1000005241,1242560,Sportivo Ameliano,49689,Nacional,Clausura - Round 1,finished,FETCHED,COMPLETE,FULL_MATCH,2,2_PLUS
2026-07-25,2026-07-25,1,0,2026-07-25T21:30:00+00:00,CHI,Chile,273,Liga de Primera,calendar-2026-27,2026/27,1000013179,4056,Huachipato,4055,Cobresal,16,finished,FETCHED,COMPLETE,FULL_MATCH,5,2_PLUS
2026-07-25,2026-07-25,1,0,2026-07-25T21:30:00+00:00,BRA,Brasilien,268,Serie A,calendar-2026-27,2026/27,5103557,10273,Athletico Paranaense,8702,Internacional,20,finished,FETCHED,COMPLETE,FULL_MATCH,1,1
2026-07-25,2026-07-25,1,0,2026-07-25T21:30:00+00:00,BRA,Brasilien,268,Serie A,calendar-2026-27,2026/27,5103562,8514,Santos FC,197693,Chapecoense AF,20,finished,FETCHED,COMPLETE,FULL_MATCH,3,2_PLUS
2026-07-25,"2026-07-25,2026-07-26",2,1,2026-07-25T22:00:00+00:00,INT,International,489,Vereins-Freundschaftsspiele,calendar-2026-27,2026/27,5498878,8650,Liverpool,8472,Sunderland,1,finished,FETCHED,COMPLETE,FULL_MATCH,4,2_PLUS
2026-07-25,"2026-07-25,2026-07-26",2,1,2026-07-25T22:15:00+00:00,ARG,Argentinien,112,Liga Profesional,calendar-2026-27,2026/27,5115885,10076,River Plate,213534,Barracas Central,1,finished,FETCHED,COMPLETE,FULL_MATCH,0,0
2026-07-25,"2026-07-25,2026-07-26",2,1,2026-07-25T22:30:00+00:00,USA,USA,130,MLS,calendar-2026-27,2026/27,5071236,6514,NY Red Bulls,1323940,Charlotte FC,17,finished,FETCHED,COMPLETE,FULL_MATCH,0,0
2026-07-25,"2026-07-25,2026-07-26",2,1,2026-07-25T23:00:00+00:00,USA,USA,10282,MLS Next Pro,calendar-2026-27,2026/27,1000007665,540884,Chattanooga FC,722264,Philadelphia Union II,22,finished,FETCHED,COMPLETE,FULL_MATCH,2,2_PLUS
2026-07-25,"2026-07-25,2026-07-26",2,1,2026-07-25T23:00:00+00:00,USA,USA,9296,USL League One,calendar-2026-27,2026/27,5109470,614315,Charlotte Independence,267811,Richmond Kickers,21,finished,FETCHED,COMPLETE,FULL_MATCH,2,2_PLUS
2026-07-25,"2026-07-25,2026-07-26",2,1,2026-07-25T23:00:00+00:00,USA,USA,9296,USL League One,calendar-2026-27,2026/27,5109471,1004918,Chattanooga Red Wolves SC,1358088,One Knoxville SC,21,finished,FETCHED,COMPLETE,FULL_MATCH,1,1
2026-07-25,"2026-07-25,2026-07-26",2,1,2026-07-25T23:00:00+00:00,USA,USA,9296,USL League One,calendar-2026-27,2026/27,5109473,1004919,Forward Madison FC,1701877,FC Naples,21,finished,FETCHED,COMPLETE,FULL_MATCH,3,2_PLUS
2026-07-25,"2026-07-25,2026-07-26",2,1,2026-07-25T23:00:00+00:00,USA,USA,9296,USL League One,calendar-2026-27,2026/27,5109474,422694,Cosmos,1877675,Boise,21,finished,FETCHED,COMPLETE,FULL_MATCH,3,2_PLUS
2026-07-25,"2026-07-25,2026-07-26",2,1,2026-07-25T23:00:00+00:00,USA,USA,8972,USL Championship,calendar-2026-27,2026/27,5109847,540855,Detroit City FC,915809,Las Vegas Lights FC,1,finished,FETCHED,COMPLETE,FULL_MATCH,0,0
2026-07-25,"2026-07-25,2026-07-26",2,1,2026-07-25T23:00:00+00:00,USA,USA,8972,USL Championship,calendar-2026-27,2026/27,5109850,514649,Indy Eleven,1003205,Loudoun United FC,1,finished,FETCHED,COMPLETE,FULL_MATCH,1,1
2026-07-25,"2026-07-25,2026-07-26",2,1,2026-07-25T23:00:00+00:00,USA,USA,8972,USL Championship,calendar-2026-27,2026/27,5109851,721896,Miami FC,197328,Tampa Bay Rowdies,1,finished,FETCHED,COMPLETE,FULL_MATCH,2,2_PLUS
2026-07-25,"2026-07-25,2026-07-26",2,1,2026-07-25T23:00:00+00:00,USA,USA,8972,USL Championship,calendar-2026-27,2026/27,5109855,267816,Pittsburgh Riverhounds SC,1597140,Rhode Island FC,1,finished,FETCHED,COMPLETE,FULL_MATCH,1,1
2026-07-25,"2026-07-25,2026-07-26",2,1,2026-07-25T23:07:00+00:00,MEX,Mexiko,230,Liga MX,calendar-2026-27,2026/27,1000014513,7807,Chivas,649424,Juárez,2,finished,FETCHED,COMPLETE,FULL_MATCH,1,1
2026-07-25,"2026-07-25,2026-07-26",2,1,2026-07-25T23:10:00+00:00,COL,Kolumbien,274,Primera A,calendar-2026-27,2026/27,1000014052,4403,Millonarios,4401,Bucaramanga,Clausura - Round 1,finished,FETCHED,COMPLETE,FULL_MATCH,1,1
2026-07-25,"2026-07-25,2026-07-26",2,1,2026-07-25T23:25:00+00:00,USA,USA,130,MLS,calendar-2026-27,2026/27,5071231,6001,Columbus,722265,Cincinnati,17,finished,FETCHED,COMPLETE,FULL_MATCH,0,0
2026-07-25,"2026-07-25,2026-07-26",2,1,2026-07-25T23:30:00+00:00,USA,USA,10282,MLS Next Pro,calendar-2026-27,2026/27,1000007668,1610955,Carolina Core FC,1348118,Chicago Fire FC II,22,finished,FETCHED,COMPLETE,FULL_MATCH,3,2_PLUS
2026-07-25,"2026-07-25,2026-07-26",2,1,2026-07-25T23:30:00+00:00,BOL,Bolivien,144,Primera Division,calendar-2026-27,2026/27,1000011160,958325,Independiente Petrolero,1844,Oriente Petrolero,11,finished,FETCHED,COMPLETE,FULL_MATCH,2,2_PLUS
2026-07-25,"2026-07-25,2026-07-26",2,1,2026-07-25T23:30:00+00:00,USA,USA,130,MLS,calendar-2026-27,2026/27,5071232,6602,DC United,56453,Toronto,17,finished,FETCHED,COMPLETE,FULL_MATCH,2,2_PLUS
2026-07-25,"2026-07-25,2026-07-26",2,1,2026-07-25T23:30:00+00:00,USA,USA,130,MLS,calendar-2026-27,2026/27,5071233,161195,Montreal,960720,Inter Miami CF,17,finished,FETCHED,COMPLETE,FULL_MATCH,1,1
2026-07-25,"2026-07-25,2026-07-26",2,1,2026-07-25T23:30:00+00:00,USA,USA,130,MLS,calendar-2026-27,2026/27,5071234,6580,New England,773958,Atlanta United,17,finished,FETCHED,COMPLETE,FULL_MATCH,3,2_PLUS
2026-07-25,"2026-07-25,2026-07-26",2,1,2026-07-25T23:30:00+00:00,USA,USA,130,MLS,calendar-2026-27,2026/27,5071235,546238,NYCFC,6397,Chicago,17,finished,FETCHED,COMPLETE,FULL_MATCH,0,0
2026-07-25,"2026-07-25,2026-07-26",2,1,2026-07-25T23:30:00+00:00,USA,USA,130,MLS,calendar-2026-27,2026/27,5071238,191716,Philadelphia,130394,Seattle Sounders,17,finished,FETCHED,COMPLETE,FULL_MATCH,0,0
2026-07-25,"2026-07-25,2026-07-26",2,1,2026-07-25T23:30:00+00:00,BRA,Brasilien,268,Serie A,calendar-2026-27,2026/27,5103561,10276,Vasco da Gama,163782,Mirassol,20,finished,FETCHED,COMPLETE,FULL_MATCH,1,1
2026-07-25,"2026-07-25,2026-07-26",2,1,2026-07-25T23:45:00+00:00,USA,USA,9134,NWSL,calendar-2026-27,2026/27,5161574,243295,North Carolina Courage (W),923654,Utah Royals (W),0,finished,FETCHED,COMPLETE,FULL_MATCH,3,2_PLUS
2026-07-25,"2026-07-25,2026-07-26",2,1,2026-07-25T23:47:00+00:00,USA,USA,8972,USL Championship,calendar-2026-27,2026/27,5109845,1877733,Brooklyn,722269,San Antonio FC,1,finished,FETCHED,COMPLETE,FULL_MATCH,0,0
2026-07-25,"2026-07-25,2026-07-26",2,1,2026-07-26T00:00:00+00:00,ECU,Ecuador,246,Serie A,calendar-2026-27,2026/27,1000009046,113054,Tecnico Universitario,162922,Manta,22,finished,FETCHED,COMPLETE,FULL_MATCH,1,1
2026-07-25,"2026-07-25,2026-07-26",2,1,2026-07-26T00:00:00+00:00,CHI,Chile,273,Liga de Primera,calendar-2026-27,2026/27,1000013174,6458,Universidad Catolica,1891,La Serena,16,finished,FETCHED,COMPLETE,FULL_MATCH,4,2_PLUS
2026-07-25,"2026-07-25,2026-07-26",2,1,2026-07-26T00:30:00+00:00,USA,USA,130,MLS,calendar-2026-27,2026/27,5071239,8259,Houston,1218886,Austin FC,17,finished,FETCHED,COMPLETE,FULL_MATCH,0,0
2026-07-25,"2026-07-25,2026-07-26",2,1,2026-07-26T00:30:00+00:00,USA,USA,130,MLS,calendar-2026-27,2026/27,5071241,207242,Minnesota,307691,Vancouver,17,finished,FETCHED,COMPLETE,FULL_MATCH,0,0
2026-07-25,"2026-07-25,2026-07-26",2,1,2026-07-26T00:30:00+00:00,USA,USA,130,MLS,calendar-2026-27,2026/27,5071245,1427963,St. Louis City,8314,Colorado,17,finished,FETCHED,COMPLETE,FULL_MATCH,1,1
2026-07-25,"2026-07-25,2026-07-26",2,1,2026-07-26T00:30:00+00:00,USA,USA,9296,USL League One,calendar-2026-27,2026/27,5109472,1128317,Corpus Christi,1004920,Greenville Triumph SC,21,finished,FETCHED,COMPLETE,FULL_MATCH,0,0
2026-07-25,"2026-07-25,2026-07-26",2,1,2026-07-26T00:30:00+00:00,USA,USA,8972,USL Championship,calendar-2026-27,2026/27,5109849,614325,FC Tulsa,1430405,Lexington SC,1,finished,FETCHED,COMPLETE,FULL_MATCH,0,0
2026-07-25,"2026-07-25,2026-07-26",2,1,2026-07-26T00:30:00+00:00,ARG,Argentinien,112,Liga Profesional,calendar-2026-27,2026/27,5115881,10082,Lanus,10083,San Lorenzo,1,finished,FETCHED,COMPLETE,FULL_MATCH,1,1
2026-07-25,"2026-07-25,2026-07-26",2,1,2026-07-26T00:45:00+00:00,USA,USA,10282,MLS Next Pro,calendar-2026-27,2026/27,1000007669,1004921,North Texas SC,1451871,Los Angeles FC II,22,finished,FETCHED,COMPLETE,FULL_MATCH,2,2_PLUS
2026-07-25,"2026-07-25,2026-07-26",2,1,2026-07-26T00:45:00+00:00,USA,USA,130,MLS,calendar-2026-27,2026/27,5071237,267810,Orlando,915807,Nashville SC,17,finished,FETCHED,COMPLETE,FULL_MATCH,1,1
2026-07-25,"2026-07-25,2026-07-26",2,1,2026-07-26T01:00:00+00:00,MEX,Mexiko,11039,Campeón de Campeones,calendar-2026-27,2026/27,1000012459,6618,Toluca,6578,Cruz Azul,Final,finished,FETCHED,COMPLETE,FULL_MATCH,2,2_PLUS
2026-07-25,"2026-07-25,2026-07-26",2,1,2026-07-26T01:00:00+00:00,PER,Peru,131,Liga 1,calendar-2026-27,2026/27,1000015434,4417,FBC Melgar,1848,Sporting Cristal,Clausura - Round 2,finished,FETCHED,COMPLETE,FULL_MATCH,2,2_PLUS
2026-07-25,"2026-07-25,2026-07-26",2,1,2026-07-26T01:00:00+00:00,USA,USA,9296,USL League One,calendar-2026-27,2026/27,5109476,1584038,Spokane Velocity FC,1358072,Fort Wayne,21,finished,FETCHED,COMPLETE,FULL_MATCH,3,2_PLUS
2026-07-25,"2026-07-25,2026-07-26",2,1,2026-07-26T01:00:00+00:00,USA,USA,8972,USL Championship,calendar-2026-27,2026/27,5109846,614321,Colorado Springs Switchbacks FC,162183,Charleston Battery,1,finished,FETCHED,COMPLETE,FULL_MATCH,3,2_PLUS
2026-07-25,"2026-07-25,2026-07-26",2,1,2026-07-26T01:00:00+00:00,USA,USA,8972,USL Championship,calendar-2026-27,2026/27,5109848,1003209,El Paso Locomotive FC,1737991,Sporting JAX,1,finished,FETCHED,COMPLETE,FULL_MATCH,1,1
2026-07-25,"2026-07-25,2026-07-26",2,1,2026-07-26T01:15:00+00:00,COL,Kolumbien,274,Primera A,calendar-2026-27,2026/27,1000014047,1894,Tolima,2254,Junior FC,Clausura - Round 1,finished,FETCHED,COMPLETE,FULL_MATCH,1,1
2026-07-25,"2026-07-25,2026-07-26",2,1,2026-07-26T01:30:00+00:00,USA,USA,130,MLS,calendar-2026-27,2026/27,5071243,1701119,San Diego FC,6399,Dallas,17,finished,FETCHED,COMPLETE,FULL_MATCH,1,1
2026-07-25,"2026-07-25,2026-07-26",2,1,2026-07-26T02:00:00+00:00,USA,USA,10282,MLS Next Pro,calendar-2026-27,2026/27,1000007666,521005,Ventura County FC,1348115,San Jose Earthquakes II,22,finished,FETCHED,COMPLETE,FULL_MATCH,3,2_PLUS
2026-07-25,"2026-07-25,2026-07-26",2,1,2026-07-26T02:00:00+00:00,INT,International,9656,CONCACAF Championship U20,calendar-2026-27,2026/27,1000011101,5876,USA U20,608074,Haiti U20,1,finished,FETCHED,COMPLETE,FULL_MATCH,2,2_PLUS
2026-07-25,"2026-07-25,2026-07-26",2,1,2026-07-26T02:00:00+00:00,USA,USA,8972,USL Championship,calendar-2026-27,2026/27,5109852,915808,Monterey Bay FC,267813,Orange County SC,1,finished,FETCHED,COMPLETE,FULL_MATCH,3,2_PLUS
2026-07-25,"2026-07-25,2026-07-26",2,1,2026-07-26T02:00:00+00:00,USA,USA,8972,USL Championship,calendar-2026-27,2026/27,5109853,1130413,Oakland Roots SC,521004,Sacramento Republic FC,1,finished,FETCHED,COMPLETE,FULL_MATCH,2,2_PLUS
2026-07-25,"2026-07-25,2026-07-26",2,1,2026-07-26T02:30:00+00:00,USA,USA,130,MLS,calendar-2026-27,2026/27,5071240,867280,LAFC,6604,Sporting KC,17,finished,FETCHED,COMPLETE,FULL_MATCH,1,1
2026-07-25,"2026-07-25,2026-07-26",2,1,2026-07-26T02:30:00+00:00,USA,USA,130,MLS,calendar-2026-27,2026/27,5071242,307690,Portland,6606,Salt Lake,17,finished,FETCHED,COMPLETE,FULL_MATCH,2,2_PLUS
2026-07-25,"2026-07-25,2026-07-26",2,1,2026-07-26T02:30:00+00:00,USA,USA,130,MLS,calendar-2026-27,2026/27,5071244,6603,San Jose,6637,LA Galaxy,17,finished,FETCHED,COMPLETE,FULL_MATCH,1,1
2026-07-25,"2026-07-25,2026-07-26",2,1,2026-07-26T02:30:00+00:00,USA,USA,8972,USL Championship,calendar-2026-27,2026/27,5109854,424268,Phoenix Rising FC,1003206,Hartford Athletic,1,finished,FETCHED,COMPLETE,FULL_MATCH,0,0
2026-07-25,"2026-07-25,2026-07-26",2,1,2026-07-26T03:00:00+00:00,MEX,Mexiko,230,Liga MX,calendar-2026-27,2026/27,1000014510,8561,Tigres,6358,San Luis,2,finished,FETCHED,COMPLETE,FULL_MATCH,2,2_PLUS
2026-07-25,"2026-07-25,2026-07-26",2,1,2026-07-26T03:00:00+00:00,MEX,Mexiko,230,Liga MX,calendar-2026-27,2026/27,1000014514,7857,Santos,6577,Atlas,2,finished,FETCHED,COMPLETE,FULL_MATCH,1,1
2026-07-25,"2026-07-25,2026-07-26",2,1,2026-07-26T03:00:00+00:00,USA,USA,9296,USL League One,calendar-2026-27,2026/27,5109469,1701876,AV Alta,1706430,Westchester SC,21,finished,FETCHED,COMPLETE,FULL_MATCH,0,0
2026-07-25,"2026-07-25,2026-07-26",2,1,2026-07-26T03:00:00+00:00,INT,International,489,Vereins-Freundschaftsspiele,calendar-2026-27,2026/27,5449688,1642068,Auckland FC,8586,Tottenham,1,finished,FETCHED,COMPLETE,FULL_MATCH,1,1
2026-07-25,"2026-07-25,2026-07-26",2,1,2026-07-26T04:00:00+00:00,AUS,Australien,9471,Australia Cup,calendar-2026-27,2026/27,5848071,162257,Weston Workers,203576,Melbourne City FC,1/16,finished,FETCHED,COMPLETE,FULL_MATCH,2,2_PLUS
2026-07-26,2026-07-26,1,0,2026-07-26T07:00:00+00:00,AUS,Australien,9471,Australia Cup,calendar-2026-27,2026/27,5848072,162301,Kingborough Lions,6230,Melbourne Victory,1/16,finished,FETCHED,COMPLETE,FULL_MATCH,2,2_PLUS
2026-07-26,2026-07-26,1,0,2026-07-26T10:30:00+00:00,KOR,Südkorea,9080,K League 1,calendar-2026-27,2026/27,5139978,429440,FC Anyang,164734,Gangwon FC,20,finished,FETCHED,COMPLETE,FULL_MATCH,1,1
2026-07-26,2026-07-26,1,0,2026-07-26T10:30:00+00:00,KOR,Südkorea,9080,K League 1,calendar-2026-27,2026/27,5139979,245905,Gwangju FC,133898,Jeju SK,20,finished,FETCHED,COMPLETE,FULL_MATCH,1,1
2026-07-26,2026-07-26,1,0,2026-07-26T10:30:00+00:00,KOR,Südkorea,9080,K League 1,calendar-2026-27,2026/27,5139980,133895,Incheon United,429441,Bucheon FC 1995,20,finished,FETCHED,COMPLETE,FULL_MATCH,1,1
2026-07-26,2026-07-26,1,0,2026-07-26T10:30:00+00:00,KOR,Südkorea,9080,K League 1,calendar-2026-27,2026/27,5139981,92630,FC Seoul,133896,Ulsan HD FC,20,finished,FETCHED,COMPLETE,FULL_MATCH,2,2_PLUS
2026-07-26,2026-07-26,1,0,2026-07-26T10:30:00+00:00,KOR,Südkorea,9116,K League 2,calendar-2026-27,2026/27,5155854,833649,Gimpo FC,1897657,Yongin FC,19,finished,FETCHED,COMPLETE,FULL_MATCH,2,2_PLUS
2026-07-26,2026-07-26,1,0,2026-07-26T10:30:00+00:00,KOR,Südkorea,9116,K League 2,calendar-2026-27,2026/27,5155855,739803,Paju Frontier,821875,Ansan Greeners,19,finished,FETCHED,COMPLETE,FULL_MATCH,1,1
2026-07-26,2026-07-26,1,0,2026-07-26T11:00:00+00:00,CHN,China,120,Super League,calendar-2026-27,2026/27,5186561,1477056,Yunnan Yukun,930027,Shenzhen Peng City,20,finished,FETCHED,COMPLETE,FULL_MATCH,4,2_PLUS
2026-07-26,2026-07-26,1,0,2026-07-26T11:35:00+00:00,CHN,China,120,Super League,calendar-2026-27,2026/27,5186562,737052,Chengdu Rongcheng FC,4177,Beijing Guoan,20,finished,FETCHED,COMPLETE,FULL_MATCH,4,2_PLUS
2026-07-26,2026-07-26,1,0,2026-07-26T11:35:00+00:00,CHN,China,120,Super League,calendar-2026-27,2026/27,5186563,8623,Shandong Taishan,51442,Henan FC,20,finished,FETCHED,COMPLETE,FULL_MATCH,1,1
2026-07-26,2026-07-26,1,0,2026-07-26T12:00:00+00:00,SWE,Schweden,67,Allsvenskan,calendar-2026-27,2026/27,5107544,8501,Brommapojkarna,8248,Hammarby,14,finished,FETCHED,COMPLETE,FULL_MATCH,2,2_PLUS
2026-07-26,2026-07-26,1,0,2026-07-26T12:00:00+00:00,SWE,Schweden,67,Allsvenskan,calendar-2026-27,2026/27,5107546,6694,Sirius,9893,IFK Göteborg,14,finished,FETCHED,COMPLETE,FULL_MATCH,2,2_PLUS
2026-07-26,2026-07-26,1,0,2026-07-26T12:00:00+00:00,FIN,Finnland,51,Veikkausliiga,calendar-2026-27,2026/27,5147606,162146,Ilves,8424,FC Lahti,17,finished,FETCHED,COMPLETE,FULL_MATCH,0,0
2026-07-26,2026-07-26,1,0,2026-07-26T12:00:00+00:00,FIN,Finnland,51,Veikkausliiga,calendar-2026-27,2026/27,5147607,6550,FC Inter Turku,2361,IF Gnistan,17,finished,FETCHED,COMPLETE,FULL_MATCH,1,1
2026-07-26,2026-07-26,1,0,2026-07-26T12:00:00+00:00,CHN,China,120,Super League,calendar-2026-27,2026/27,5186564,51443,Zhejiang Professional,1477043,Dalian Yingbo,20,finished,FETCHED,COMPLETE,FULL_MATCH,4,2_PLUS
2026-07-26,2026-07-26,1,0,2026-07-26T12:00:00+00:00,DEN,Dänemark,46,Superligaen,calendar-2026-27,2026/27,5739465,8487,Sønderjyske,8113,FC Midtjylland,1,finished,FETCHED,COMPLETE,FULL_MATCH,1,1
2026-07-26,2026-07-26,1,0,2026-07-26T12:00:00+00:00,DEN,Dänemark,85,1. Division,calendar-2026-27,2026/27,5764435,9950,Hobro,8109,Aarhus Fremad,1,finished,FETCHED,COMPLETE,FULL_MATCH,0,0
2026-07-26,2026-07-26,1,0,2026-07-26T12:00:00+00:00,SUI,Schweiz,69,Super League,calendar-2026-27,2026/27,5804223,10192,Young Boys,10179,Sion,1,finished,FETCHED,COMPLETE,FULL_MATCH,3,2_PLUS
2026-07-26,2026-07-26,1,0,2026-07-26T12:00:00+00:00,INT,International,489,Vereins-Freundschaftsspiele,calendar-2026-27,2026/27,5847097,8593,Ajax,8191,Burnley,1,finished,FETCHED,COMPLETE,FULL_MATCH,2,2_PLUS
2026-07-26,2026-07-26,1,0,2026-07-26T12:30:00+00:00,NOR,Norwegen,59,Eliteserien,calendar-2026-27,2026/27,5104957,8468,Brann,8007,Vålerenga,15,finished,FETCHED,COMPLETE,FULL_MATCH,2,2_PLUS
2026-07-26,2026-07-26,1,0,2026-07-26T12:45:00+00:00,POL,Polen,196,Ekstraklasa,calendar-2026-27,2026/27,5803903,4024,Raków Częstochowa,8243,Wisła Płock,1,finished,FETCHED,COMPLETE,FULL_MATCH,2,2_PLUS
2026-07-26,2026-07-26,1,0,2026-07-26T13:00:00+00:00,SCO,Schottland,11019,SWPL Cup,calendar-2026-27,2026/27,1000014473,1822286,Falkirk,1798966,Gartcairn,1,finished,FETCHED,COMPLETE,FULL_MATCH,1,1
2026-07-26,2026-07-26,1,0,2026-07-26T13:00:00+00:00,CZE,Tschechien,122,1. Liga,calendar-2026-27,2026/27,5831114,7787,Slavia Prague,2021,Slovacko,1,finished,FETCHED,COMPLETE,FULL_MATCH,1,1
2026-07-26,2026-07-26,1,0,2026-07-26T13:30:00+00:00,SCO,Schottland,11019,SWPL Cup,calendar-2026-27,2026/27,1000014474,1798937,Hamilton Academical,1716180,Aberdeen,1,finished,FETCHED,COMPLETE,FULL_MATCH,2,2_PLUS
2026-07-26,2026-07-26,1,0,2026-07-26T13:30:00+00:00,INT,International,489,Vereins-Freundschaftsspiele,calendar-2026-27,2026/27,5958627,9810,Frankfurt,9752,Trabzonspor,1,finished,FETCHED,COMPLETE,FULL_MATCH,1,1
2026-07-26,2026-07-26,1,0,2026-07-26T14:00:00+00:00,FIN,Finnland,51,Veikkausliiga,calendar-2026-27,2026/27,5147608,9861,HJK,6633,TPS,17,finished,FETCHED,COMPLETE,FULL_MATCH,0,0
2026-07-26,2026-07-26,1,0,2026-07-26T14:00:00+00:00,DEN,Dänemark,46,Superligaen,calendar-2026-27,2026/27,5739468,8391,FC København,9907,Lyngby,1,finished,FETCHED,COMPLETE,FULL_MATCH,2,2_PLUS
2026-07-26,2026-07-26,1,0,2026-07-26T14:00:00+00:00,RUS,Russland,63,Premier League,calendar-2026-27,2026/27,5847123,8710,Lokomotiv,8708,Akhmat,1,finished,FETCHED,COMPLETE,FULL_MATCH,1,1
2026-07-26,2026-07-26,1,0,2026-07-26T14:30:00+00:00,SWE,Schweden,67,Allsvenskan,calendar-2026-27,2026/27,5107541,8297,GAIS,8310,Halmstads BK,14,finished,FETCHED,COMPLETE,FULL_MATCH,2,2_PLUS
2026-07-26,2026-07-26,1,0,2026-07-26T14:30:00+00:00,SWE,Schweden,67,Allsvenskan,calendar-2026-27,2026/27,5107543,10237,Malmö FF,8014,Elfsborg,14,finished,FETCHED,COMPLETE,FULL_MATCH,0,0
2026-07-26,2026-07-26,1,0,2026-07-26T14:30:00+00:00,SUI,Schweiz,69,Super League,calendar-2026-27,2026/27,5804224,7896,Lugano,9824,FC Vaduz,1,finished,FETCHED,COMPLETE,FULL_MATCH,1,1
2026-07-26,2026-07-26,1,0,2026-07-26T14:30:00+00:00,SUI,Schweiz,69,Super League,calendar-2026-27,2026/27,5804225,10190,St. Gallen,10243,FC Zürich,1,finished,FETCHED,COMPLETE,FULL_MATCH,3,2_PLUS
2026-07-26,2026-07-26,1,0,2026-07-26T14:30:00+00:00,INT,International,489,Vereins-Freundschaftsspiele,calendar-2026-27,2026/27,5847084,8295,Karlsruher SC,8636,Inter,1,finished,FETCHED,COMPLETE,FULL_MATCH,3,2_PLUS
2026-07-26,2026-07-26,1,0,2026-07-26T14:30:00+00:00,ROU,Rumänien,189,Liga I,calendar-2026-27,2026/27,5853446,583706,Sepsi OSK,89022,Universitatea Cluj,2,finished,FETCHED,COMPLETE,FULL_MATCH,0,0
2026-07-26,2026-07-26,1,0,2026-07-26T15:00:00+00:00,USA,USA,10282,MLS Next Pro,calendar-2026-27,2026/27,1000007672,915806,Atlanta United 2,1348108,New York City FC II,22,finished,FETCHED,COMPLETE,FULL_MATCH,4,2_PLUS
2026-07-26,2026-07-26,1,0,2026-07-26T15:00:00+00:00,SCO,Schottland,11019,SWPL Cup,calendar-2026-27,2026/27,1000014475,1716179,Motherwell,1716183,Montrose,1,finished,FETCHED,COMPLETE,FULL_MATCH,3,2_PLUS
2026-07-26,2026-07-26,1,0,2026-07-26T15:00:00+00:00,SCO,Schottland,11019,SWPL Cup,calendar-2026-27,2026/27,1000014477,1798971,St. Johnstone,1798965,Livingston,1,finished,FETCHED,COMPLETE,FULL_MATCH,3,2_PLUS
2026-07-26,2026-07-26,1,0,2026-07-26T15:00:00+00:00,NOR,Norwegen,59,Eliteserien,calendar-2026-27,2026/27,5104954,8509,Sarpsborg 08,8448,HamKam,15,finished,FETCHED,COMPLETE,FULL_MATCH,0,0
2026-07-26,2026-07-26,1,0,2026-07-26T15:00:00+00:00,NOR,Norwegen,59,Eliteserien,calendar-2026-27,2026/27,5104955,8609,Sandefjord,8402,Bodø/Glimt,15,finished,FETCHED,COMPLETE,FULL_MATCH,2,2_PLUS
2026-07-26,2026-07-26,1,0,2026-07-26T15:00:00+00:00,NOR,Norwegen,59,Eliteserien,calendar-2026-27,2026/27,5104958,2305,KFUM,9917,Molde,15,finished,FETCHED,COMPLETE,FULL_MATCH,4,2_PLUS
2026-07-26,2026-07-26,1,0,2026-07-26T15:00:00+00:00,SVK,Slowakei,176,1. liga,calendar-2026-27,2026/27,5772142,6022,Zilina,969268,FC Kosice,1,finished,FETCHED,COMPLETE,FULL_MATCH,5,2_PLUS
2026-07-26,2026-07-26,1,0,2026-07-26T15:00:00+00:00,SVK,Slowakei,176,1. liga,calendar-2026-27,2026/27,5772143,10186,Ruzomberok,103598,DAC 1904 Dunajska Streda,1,finished,FETCHED,COMPLETE,FULL_MATCH,2,2_PLUS
2026-07-26,2026-07-26,1,0,2026-07-26T15:30:00+00:00,LVA,Lettland,226,Virsliga,calendar-2026-27,2026/27,5162079,192962,FK Jelgava,8016,FK Liepaja,24,finished,FETCHED,COMPLETE,FULL_MATCH,0,0
2026-07-26,2026-07-26,1,0,2026-07-26T15:30:00+00:00,POL,Polen,196,Ekstraklasa,calendar-2026-27,2026/27,5803904,8024,Widzew Łódź,89466,Motor Lublin,1,finished,FETCHED,COMPLETE,FULL_MATCH,1,1
2026-07-26,2026-07-26,1,0,2026-07-26T15:30:00+00:00,CZE,Tschechien,122,1. Liga,calendar-2026-27,2026/27,5831111,7758,Jablonec,6461,Sigma Olomouc,1,finished,FETCHED,COMPLETE,FULL_MATCH,2,2_PLUS
2026-07-26,2026-07-26,1,0,2026-07-26T16:00:00+00:00,SCO,Schottland,11019,SWPL Cup,calendar-2026-27,2026/27,1000014471,1798967,Boroughmuir Thistle,1798962,FC Kilmarnock Ladies,1,finished,FETCHED,COMPLETE,FULL_MATCH,1,1
2026-07-26,2026-07-26,1,0,2026-07-26T16:00:00+00:00,LVA,Lettland,226,Virsliga,calendar-2026-27,2026/27,5162035,2106,Auda,197864,BFC Daugavpils,24,finished,FETCHED,COMPLETE,FULL_MATCH,0,0
2026-07-26,2026-07-26,1,0,2026-07-26T16:00:00+00:00,DEN,Dänemark,46,Superligaen,calendar-2026-27,2026/27,5739467,9814,AC Horsens,10202,Nordsjælland,1,finished,FETCHED,COMPLETE,FULL_MATCH,0,0
2026-07-26,2026-07-26,1,0,2026-07-26T16:30:00+00:00,RUS,Russland,63,Premier League,calendar-2026-27,2026/27,5847124,132286,Orenburg,8705,Rostov,1,finished,FETCHED,COMPLETE,FULL_MATCH,3,2_PLUS
2026-07-26,2026-07-26,1,0,2026-07-26T16:30:00+00:00,RUS,Russland,63,Premier League,calendar-2026-27,2026/27,5847125,8683,Rubin,168719,Krasnodar,1,finished,FETCHED,COMPLETE,FULL_MATCH,2,2_PLUS
2026-07-26,2026-07-26,1,0,2026-07-26T17:00:00+00:00,INT,International,10371,Women's Africa Cup of Nations,calendar-2026-27,2026/27,1000005770,1316257,Algeria,1121168,Senegal,1,finished,FETCHED,COMPLETE,FULL_MATCH,1,1
2026-07-26,2026-07-26,1,0,2026-07-26T17:00:00+00:00,SRB,Serbien,182,Super Liga,calendar-2026-27,2026/27,1000015082,8687,FK Crvena Zvezda,6406,Vojvodina,2,finished,FETCHED,COMPLETE,FULL_MATCH,1,1
2026-07-26,2026-07-26,1,0,2026-07-26T17:00:00+00:00,SVK,Slowakei,176,1. liga,calendar-2026-27,2026/27,5772138,2169,Dukla Banska Bystrica,6019,Slovan Bratislava,1,finished,FETCHED,COMPLETE,FULL_MATCH,1,1
2026-07-26,2026-07-26,1,0,2026-07-26T17:15:00+00:00,NOR,Norwegen,59,Eliteserien,calendar-2026-27,2026/27,5104960,8404,Aalesund,8478,Viking,15,finished,FETCHED,COMPLETE,FULL_MATCH,1,1
2026-07-26,2026-07-26,1,0,2026-07-26T17:30:00+00:00,ROU,Rumänien,189,Liga I,calendar-2026-27,2026/27,5853441,583690,Csikszereda Miercurea Ciuc,9723,FCSB,2,finished,FETCHED,COMPLETE,FULL_MATCH,0,0
2026-07-26,2026-07-26,1,0,2026-07-26T18:00:00+00:00,PER,Peru,131,Liga 1,calendar-2026-27,2026/27,1000015435,425692,CD UT Cajamarca,1573140,Club Deportivo Moquegua,Clausura - Round 2,finished,FETCHED,COMPLETE,FULL_MATCH,0,0
2026-07-26,2026-07-26,1,0,2026-07-26T18:00:00+00:00,ARG,Argentinien,112,Liga Profesional,calendar-2026-27,2026/27,5115873,161727,Atletico Tucuman,161729,Independiente Rivadavia,1,finished,FETCHED,COMPLETE,FULL_MATCH,0,0
2026-07-26,2026-07-26,1,0,2026-07-26T18:00:00+00:00,CZE,Tschechien,122,1. Liga,calendar-2026-27,2026/27,5831110,1712,Hradec Kralove,2406,Pardubice,1,finished,FETCHED,COMPLETE,FULL_MATCH,2,2_PLUS
2026-07-26,2026-07-26,1,0,2026-07-26T18:15:00+00:00,ECU,Ecuador,246,Serie A,calendar-2026-27,2026/27,1000009045,6608,Aucas,6609,CSD Macara,22,finished,FETCHED,COMPLETE,FULL_MATCH,3,2_PLUS
2026-07-26,2026-07-26,1,0,2026-07-26T18:15:00+00:00,ECU,Ecuador,246,Serie A,calendar-2026-27,2026/27,1000009048,519457,Delfin,1370528,Leones del Norte,22,finished,FETCHED,COMPLETE,FULL_MATCH,1,1
2026-07-26,2026-07-26,1,0,2026-07-26T18:15:00+00:00,POL,Polen,196,Ekstraklasa,calendar-2026-27,2026/27,5803905,10265,Wisła Kraków,4023,GKS Katowice,1,finished,FETCHED,COMPLETE,FULL_MATCH,3,2_PLUS
2026-07-26,2026-07-26,1,0,2026-07-26T18:30:00+00:00,CAN,Kanada,9986,Premier League,calendar-2026-27,2026/27,1000008679,1135780,Atlético Ottawa,1022953,Pacific FC,14,finished,FETCHED,COMPLETE,FULL_MATCH,4,2_PLUS
2026-07-26,2026-07-26,1,0,2026-07-26T18:30:00+00:00,SRB,Serbien,182,Super Liga,calendar-2026-27,2026/27,1000015080,1739,Mladost Lucani,187854,Novi Pazar,2,finished,FETCHED,COMPLETE,FULL_MATCH,0,0
2026-07-26,2026-07-26,1,0,2026-07-26T19:00:00+00:00,PAR,Paraguay,199,Division Profesional,calendar-2026-27,2026/27,1000005240,6619,Olimpia,6620,Libertad,Clausura - Round 1,finished,FETCHED,COMPLETE,FULL_MATCH,1,1
2026-07-26,2026-07-26,1,0,2026-07-26T19:00:00+00:00,BOL,Bolivien,144,Primera Division,calendar-2026-27,2026/27,1000011163,49678,Blooming,2527,The Strongest,11,finished,FETCHED,COMPLETE,FULL_MATCH,1,1
2026-07-26,2026-07-26,1,0,2026-07-26T19:00:00+00:00,CHI,Chile,273,Liga de Primera,calendar-2026-27,2026/27,1000013178,49559,Ñublense,6455,Palestino,16,finished,FETCHED,COMPLETE,FULL_MATCH,0,0
2026-07-26,2026-07-26,1,0,2026-07-26T19:00:00+00:00,COL,Kolumbien,274,Primera A,calendar-2026-27,2026/27,1000014048,47240,Internacional de Bogota,10280,America de Cali,Clausura - Round 1,finished,FETCHED,COMPLETE,FULL_MATCH,2,2_PLUS
2026-07-26,2026-07-26,1,0,2026-07-26T19:00:00+00:00,SRB,Serbien,182,Super Liga,calendar-2026-27,2026/27,1000015076,563180,Macva Sabac,7998,Partizan Beograd,2,finished,FETCHED,COMPLETE,FULL_MATCH,3,2_PLUS
2026-07-26,2026-07-26,1,0,2026-07-26T19:00:00+00:00,BRA,Brasilien,268,Serie A,calendar-2026-27,2026/27,5103555,9781,Cruzeiro,8517,Botafogo RJ,20,finished,FETCHED,COMPLETE,FULL_MATCH,0,0
2026-07-26,2026-07-26,1,0,2026-07-26T19:00:00+00:00,BRA,Brasilien,268,Serie A,calendar-2026-27,2026/27,5103558,7877,Bahia,9808,Corinthians,20,finished,FETCHED,COMPLETE,FULL_MATCH,0,0
2026-07-26,2026-07-26,1,0,2026-07-26T19:00:00+00:00,BRA,Brasilien,8814,Serie B,calendar-2026-27,2026/27,5190630,231931,Sao Bernardo,172341,Ceara,20,finished,FETCHED,COMPLETE,FULL_MATCH,6,2_PLUS
2026-07-26,2026-07-26,1,0,2026-07-26T19:00:00+00:00,BRA,Brasilien,8814,Serie B,calendar-2026-27,2026/27,5190635,7729,Criciuma,2369,Nautico,20,finished,FETCHED,COMPLETE,FULL_MATCH,0,0
2026-07-26,2026-07-26,1,0,2026-07-26T19:15:00+00:00,ISL,Island,215,Besta deildin,calendar-2026-27,2026/27,5225689,6291,Fram Reykjavik,8151,FH Hafnarfjordur,16,finished,FETCHED,COMPLETE,FULL_MATCH,0,0
2026-07-26,2026-07-26,1,0,2026-07-26T19:15:00+00:00,ISL,Island,215,Besta deildin,calendar-2026-27,2026/27,5225690,8004,IA Akranes,6343,Stjarnan,16,finished,FETCHED,COMPLETE,FULL_MATCH,3,2_PLUS
2026-07-26,2026-07-26,1,0,2026-07-26T20:00:00+00:00,INT,International,10371,Women's Africa Cup of Nations,calendar-2026-27,2026/27,1000005769,1129300,Morocco,1137920,Kenya,1,finished,FETCHED,COMPLETE,FULL_MATCH,1,1
2026-07-26,2026-07-26,1,0,2026-07-26T20:00:00+00:00,USA,USA,10282,MLS Next Pro,calendar-2026-27,2026/27,1000007670,614322,Portland Timbers 2,614324,Real Monarchs SLC,22,finished,FETCHED,COMPLETE,FULL_MATCH,1,1
2026-07-26,2026-07-26,1,0,2026-07-26T20:00:00+00:00,INT,International,9656,CONCACAF Championship U20,calendar-2026-27,2026/27,1000011112,5862,Panama U20,5869,Canada U20,1,finished,FETCHED,COMPLETE,FULL_MATCH,1,1
2026-07-26,2026-07-26,1,0,2026-07-26T20:15:00+00:00,ARG,Argentinien,112,Liga Profesional,calendar-2026-27,2026/27,5115877,10094,Estudiantes,10078,Independiente,1,finished,FETCHED,COMPLETE,FULL_MATCH,2,2_PLUS
2026-07-26,2026-07-26,1,0,2026-07-26T20:30:00+00:00,PER,Peru,131,Liga 1,calendar-2026-27,2026/27,1000015436,536945,Comerciantes Unidos,6398,Alianza Lima,Clausura - Round 2,finished,FETCHED,COMPLETE,FULL_MATCH,2,2_PLUS
2026-07-26,2026-07-26,1,0,2026-07-26T20:45:00+00:00,ECU,Ecuador,246,Serie A,calendar-2026-27,2026/27,1000009044,1014174,Orense,192875,Independiente del Valle,22,finished,FETCHED,COMPLETE,FULL_MATCH,4,2_PLUS
2026-07-26,2026-07-26,1,0,2026-07-26T21:00:00+00:00,CAN,Kanada,9986,Premier League,calendar-2026-27,2026/27,1000008680,1022954,Inter Toronto FC,1022955,Forge FC,14,finished,FETCHED,COMPLETE,FULL_MATCH,2,2_PLUS
2026-07-26,2026-07-26,1,0,2026-07-26T21:00:00+00:00,USA,USA,9134,NWSL,calendar-2026-27,2026/27,5161575,1335917,San Diego Wave FC (W),433031,Seattle Reign FC (W),0,finished,FETCHED,COMPLETE,FULL_MATCH,0,0
2026-07-26,2026-07-26,1,0,2026-07-26T21:05:00+00:00,COL,Kolumbien,274,Primera A,calendar-2026-27,2026/27,1000014049,193025,Aguilas Doradas,7818,Santa Fe,Clausura - Round 1,finished,FETCHED,COMPLETE,FULL_MATCH,3,2_PLUS
2026-07-26,2026-07-26,1,0,2026-07-26T21:15:00+00:00,BOL,Bolivien,144,Primera Division,calendar-2026-27,2026/27,1000011162,5983,Bolivar,1846,Real Potosi,11,finished,FETCHED,COMPLETE,FULL_MATCH,1,1
2026-07-26,2026-07-26,1,0,2026-07-26T21:30:00+00:00,PAR,Paraguay,199,Division Profesional,calendar-2026-27,2026/27,1000005239,1893,Guarani,49687,Luqueno,Clausura - Round 1,finished,FETCHED,COMPLETE,FULL_MATCH,3,2_PLUS
2026-07-26,2026-07-26,1,0,2026-07-26T21:30:00+00:00,CHI,Chile,273,Liga de Primera,calendar-2026-27,2026/27,1000013177,4058,Audax Italiano,6310,Universidad de Chile,16,finished,FETCHED,COMPLETE,FULL_MATCH,2,2_PLUS
2026-07-26,2026-07-26,1,0,2026-07-26T21:30:00+00:00,BRA,Brasilien,268,Serie A,calendar-2026-27,2026/27,5103554,109705,Red Bull Bragantino,9767,Coritiba,20,finished,FETCHED,COMPLETE,FULL_MATCH,0,0
2026-07-26,2026-07-26,1,0,2026-07-26T21:30:00+00:00,BRA,Brasilien,268,Serie A,calendar-2026-27,2026/27,5103556,9769,Gremio,9863,Fluminense,20,finished,FETCHED,COMPLETE,FULL_MATCH,2,2_PLUS
2026-07-26,2026-07-26,1,0,2026-07-26T21:30:00+00:00,BRA,Brasilien,268,Serie A,calendar-2026-27,2026/27,5103560,9770,Flamengo,10277,Sao Paulo,20,finished,FETCHED,COMPLETE,FULL_MATCH,2,2_PLUS
2026-07-26,2026-07-26,1,0,2026-07-26T21:30:00+00:00,BRA,Brasilien,8814,Serie B,calendar-2026-27,2026/27,5190631,1757,America MG,9862,Goias,20,finished,FETCHED,COMPLETE,FULL_MATCH,1,1
2026-07-26,2026-07-26,1,0,2026-07-26T21:30:00+00:00,BRA,Brasilien,8814,Serie B,calendar-2026-27,2026/27,5190632,298660,Londrina EC,581838,Novorizontino,20,finished,FETCHED,COMPLETE,FULL_MATCH,1,1
2026-07-26,"2026-07-26,2026-07-27",2,1,2026-07-26T22:00:00+00:00,USA,USA,10282,MLS Next Pro,calendar-2026-27,2026/27,1000008068,1880719,Connecticut United,1348126,Columbus Crew 2,22,finished,FETCHED,COMPLETE,FULL_MATCH,1,1
2026-07-26,"2026-07-26,2026-07-27",2,1,2026-07-26T22:30:00+00:00,BRA,Brasilien,268,Serie A,calendar-2026-27,2026/27,5103559,1626,Remo,7733,Vitoria,20,finished,FETCHED,COMPLETE,FULL_MATCH,1,1
2026-07-26,"2026-07-26,2026-07-27",2,1,2026-07-26T22:30:00+00:00,BRA,Brasilien,268,Serie A,calendar-2026-27,2026/27,5103563,10283,Palmeiras,10272,Atletico MG,20,finished,FETCHED,COMPLETE,FULL_MATCH,3,2_PLUS
2026-07-26,"2026-07-26,2026-07-27",2,1,2026-07-26T22:30:00+00:00,ARG,Argentinien,112,Liga Profesional,calendar-2026-27,2026/27,5115876,298629,Deportivo Riestra,10077,Boca Juniors,1,finished,FETCHED,COMPLETE,FULL_MATCH,0,0
2026-07-26,"2026-07-26,2026-07-27",2,1,2026-07-26T23:00:00+00:00,USA,USA,10282,MLS Next Pro,calendar-2026-27,2026/27,1000007671,1348109,FC Cincinnati 2,1121686,New England Revolution II,22,finished,FETCHED,COMPLETE,FULL_MATCH,2,2_PLUS
2026-07-26,"2026-07-26,2026-07-27",2,1,2026-07-26T23:00:00+00:00,USA,USA,10282,MLS Next Pro,calendar-2026-27,2026/27,1000007673,1348104,Houston Dynamo 2,1451870,Austin FC II,22,finished,FETCHED,COMPLETE,FULL_MATCH,1,1
2026-07-26,"2026-07-26,2026-07-27",2,1,2026-07-26T23:00:00+00:00,USA,USA,10282,MLS Next Pro,calendar-2026-27,2026/27,1000007674,722266,Orlando City B,1445755,Huntsville City FC,22,finished,FETCHED,COMPLETE,FULL_MATCH,1,1
2026-07-26,"2026-07-26,2026-07-27",2,1,2026-07-26T23:00:00+00:00,USA,USA,10282,MLS Next Pro,calendar-2026-27,2026/27,1000007675,1346404,St. Louis City 2,614326,Vancouver Whitecaps 2,22,finished,FETCHED,COMPLETE,FULL_MATCH,0,0
2026-07-26,"2026-07-26,2026-07-27",2,1,2026-07-26T23:00:00+00:00,MEX,Mexiko,230,Liga MX,calendar-2026-27,2026/27,1000014515,1842,Necaxa,7849,Monterrey,2,finished,FETCHED,COMPLETE,FULL_MATCH,3,2_PLUS
2026-07-26,"2026-07-26,2026-07-27",2,1,2026-07-26T23:00:00+00:00,USA,USA,9134,NWSL,calendar-2026-27,2026/27,5161576,433030,Washington Spirit (W),1795705,Denver Summit FC (W),0,finished,FETCHED,COMPLETE,FULL_MATCH,1,1
2026-07-26,"2026-07-26,2026-07-27",2,1,2026-07-26T23:10:00+00:00,COL,Kolumbien,274,Primera A,calendar-2026-27,2026/27,1000014051,193029,Alianza FC,244167,Fortaleza FC,Clausura - Round 1,finished,FETCHED,COMPLETE,FULL_MATCH,1,1
2026-07-26,"2026-07-26,2026-07-27",2,1,2026-07-26T23:30:00+00:00,BOL,Bolivien,144,Primera Division,calendar-2026-27,2026/27,1000011156,164353,Nacional Potosi,1074622,Real Tomayapo,11,finished,FETCHED,COMPLETE,FULL_MATCH,1,1
2026-07-26,"2026-07-26,2026-07-27",2,1,2026-07-27T00:00:00+00:00,PER,Peru,131,Liga 1,calendar-2026-27,2026/27,1000015437,920788,Deportivo Garcilaso,1696744,FC Cajamarca,Clausura - Round 2,finished,FETCHED,COMPLETE,FULL_MATCH,1,1
2026-07-26,"2026-07-26,2026-07-27",2,1,2026-07-27T00:15:00+00:00,ECU,Ecuador,246,Serie A,calendar-2026-27,2026/27,1000009042,6453,Barcelona SC,6721,LDU de Quito,22,finished,FETCHED,COMPLETE,FULL_MATCH,1,1
2026-07-26,"2026-07-26,2026-07-27",2,1,2026-07-27T00:30:00+00:00,CHI,Chile,273,Liga de Primera,calendar-2026-27,2026/27,1000013172,4134,Deportes Concepcion,6296,O'Higgins,16,finished,FETCHED,COMPLETE,FULL_MATCH,1,1
2026-07-26,"2026-07-26,2026-07-27",2,1,2026-07-27T01:00:00+00:00,INT,International,9656,CONCACAF Championship U20,calendar-2026-27,2026/27,1000011113,5950,Honduras U20,608073,Jamaica U20,1,finished,FETCHED,COMPLETE,FULL_MATCH,2,2_PLUS
2026-07-26,"2026-07-26,2026-07-27",2,1,2026-07-27T01:00:00+00:00,USA,USA,9134,NWSL,calendar-2026-27,2026/27,5161577,1335914,Angel City FC (W),1237244,Racing Louisville (W),0,finished,FETCHED,COMPLETE,FULL_MATCH,2,2_PLUS
2026-07-26,"2026-07-26,2026-07-27",2,1,2026-07-27T01:06:00+00:00,MEX,Mexiko,230,Liga MX,calendar-2026-27,2026/27,1000014516,7848,Pachuca,1943,Querétaro,2,finished,FETCHED,COMPLETE,FULL_MATCH,2,2_PLUS
2026-07-26,"2026-07-26,2026-07-27",2,1,2026-07-27T01:15:00+00:00,COL,Kolumbien,274,Primera A,calendar-2026-27,2026/27,1000014055,6024,Once Caldas,6254,Cucuta,Clausura - Round 1,finished,FETCHED,COMPLETE,FULL_MATCH,2,2_PLUS
2026-07-26,"2026-07-26,2026-07-27",2,1,2026-07-27T02:00:00+00:00,USA,USA,10282,MLS Next Pro,calendar-2026-27,2026/27,1000007676,614327,Tacoma Defiance,1348103,Colorado Rapids 2,22,finished,FETCHED,COMPLETE,FULL_MATCH,2,2_PLUS
2026-07-27,2026-07-27,1,0,2026-07-27T11:00:00+00:00,INT,International,9265,ASEAN Championship,calendar-2026-27,2026/27,5844737,5825,Singapore,95801,Timor-Leste,2,finished,FETCHED,COMPLETE,FULL_MATCH,1,1
2026-07-27,2026-07-27,1,0,2026-07-27T13:30:00+00:00,INT,International,9265,ASEAN Championship,calendar-2026-27,2026/27,5844736,6324,Indonesia,6332,Cambodia,2,finished,FETCHED,COMPLETE,FULL_MATCH,3,2_PLUS
2026-07-27,2026-07-27,1,0,2026-07-27T15:00:00+00:00,LVA,Lettland,226,Virsliga,calendar-2026-27,2026/27,5162034,197870,FK Tukums 2000,248871,RFS,24,finished,FETCHED,COMPLETE,FULL_MATCH,0,0
2026-07-27,2026-07-27,1,0,2026-07-27T15:30:00+00:00,ROU,Rumänien,189,Liga I,calendar-2026-27,2026/27,5853440,9731,CFR Cluj,405332,FC Voluntari,2,finished,FETCHED,COMPLETE,FULL_MATCH,2,2_PLUS
2026-07-27,2026-07-27,1,0,2026-07-27T16:00:00+00:00,LVA,Lettland,226,Virsliga,calendar-2026-27,2026/27,5162036,662738,Grobina,1899459,Ogre United,24,finished,FETCHED,COMPLETE,FULL_MATCH,2,2_PLUS
2026-07-27,2026-07-27,1,0,2026-07-27T16:00:00+00:00,CZE,Tschechien,122,1. Liga,calendar-2026-27,2026/27,5943685,106189,Artis Brno,10180,Mlada Boleslav,1,finished,FETCHED,COMPLETE,FULL_MATCH,3,2_PLUS
2026-07-27,2026-07-27,1,0,2026-07-27T17:00:00+00:00,INT,International,10371,Women's Africa Cup of Nations,calendar-2026-27,2026/27,1000005775,316118,South Africa,1459525,Tanzania,1,finished,FETCHED,COMPLETE,FULL_MATCH,1,1
2026-07-27,2026-07-27,1,0,2026-07-27T17:00:00+00:00,NOR,Norwegen,59,Eliteserien,calendar-2026-27,2026/27,5104956,8422,Rosenborg,8417,Fredrikstad,15,finished,FETCHED,COMPLETE,FULL_MATCH,2,2_PLUS
2026-07-27,2026-07-27,1,0,2026-07-27T17:00:00+00:00,SWE,Schweden,67,Allsvenskan,calendar-2026-27,2026/27,5107542,8428,Häcken,8349,AIK,14,finished,FETCHED,COMPLETE,FULL_MATCH,0,0
2026-07-27,2026-07-27,1,0,2026-07-27T17:00:00+00:00,DEN,Dänemark,46,Superligaen,calendar-2026-27,2026/27,5739466,8410,Randers FC,8415,Silkeborg,1,finished,FETCHED,COMPLETE,FULL_MATCH,0,0
2026-07-27,2026-07-27,1,0,2026-07-27T17:00:00+00:00,POL,Polen,196,Ekstraklasa,calendar-2026-27,2026/27,5803906,8021,Zagłębie Lubin,8028,Piast Gliwice,1,finished,FETCHED,COMPLETE,FULL_MATCH,2,2_PLUS
2026-07-27,2026-07-27,1,0,2026-07-27T18:00:00+00:00,ISL,Island,215,Besta deildin,calendar-2026-27,2026/27,5225692,8332,Breidablik,8299,IBV Vestmannaeyjar,16,finished,FETCHED,COMPLETE,FULL_MATCH,1,1
2026-07-27,2026-07-27,1,0,2026-07-27T18:00:00+00:00,INT,International,489,Vereins-Freundschaftsspiele,calendar-2026-27,2026/27,5933416,8637,Galatasaray,7881,Venezia,1,finished,FETCHED,COMPLETE,FULL_MATCH,3,2_PLUS
2026-07-27,2026-07-27,1,0,2026-07-27T18:30:00+00:00,ROU,Rumänien,189,Liga I,calendar-2026-27,2026/27,5853445,188191,Botosani,9738,Rapid Bucuresti,2,finished,FETCHED,COMPLETE,FULL_MATCH,1,1
2026-07-27,2026-07-27,1,0,2026-07-27T19:00:00+00:00,ECU,Ecuador,246,Serie A,calendar-2026-27,2026/27,1000009047,304929,Mushuc Runa,1345405,Libertad,22,finished,FETCHED,COMPLETE,FULL_MATCH,2,2_PLUS
2026-07-27,2026-07-27,1,0,2026-07-27T19:00:00+00:00,BOL,Bolivien,144,Primera Division,calendar-2026-27,2026/27,1000011159,1504770,GV San Jose,879029,Universitario de Vinto,11,finished,FETCHED,COMPLETE,FULL_MATCH,2,2_PLUS
2026-07-27,2026-07-27,1,0,2026-07-27T19:15:00+00:00,ISL,Island,215,Besta deildin,calendar-2026-27,2026/27,5225693,2165,KA Akureyri,4496,Thor Akureyri,16,finished,FETCHED,COMPLETE,FULL_MATCH,0,0
2026-07-27,2026-07-27,1,0,2026-07-27T20:00:00+00:00,INT,International,10371,Women's Africa Cup of Nations,calendar-2026-27,2026/27,1000005776,604108,Ivory Coast,1459480,Burkina Faso,1,finished,FETCHED,COMPLETE,FULL_MATCH,2,2_PLUS
2026-07-27,2026-07-27,1,0,2026-07-27T21:30:00+00:00,ECU,Ecuador,246,Serie A,calendar-2026-27,2026/27,1000009043,194754,Guayaquil City,113053,Universidad Catolica,22,finished,FETCHED,COMPLETE,FULL_MATCH,0,0
2026-07-27,"2026-07-27,2026-07-28",2,1,2026-07-27T22:30:00+00:00,BRA,Brasilien,8814,Serie B,calendar-2026-27,2026/27,5190634,165545,Atletico GO,197429,Operario Ferroviario,20,finished,FETCHED,COMPLETE,FULL_MATCH,1,1
2026-07-27,"2026-07-27,2026-07-28",2,1,2026-07-27T22:30:00+00:00,BRA,Brasilien,8814,Serie B,calendar-2026-27,2026/27,5190636,6305,Sport Recife,197815,Cuiaba,20,finished,FETCHED,COMPLETE,FULL_MATCH,2,2_PLUS
2026-07-27,"2026-07-27,2026-07-28",2,1,2026-07-27T22:30:00+00:00,BRA,Brasilien,8814,Serie B,calendar-2026-27,2026/27,5190637,104821,CRB,109706,Vila Nova,20,finished,FETCHED,COMPLETE,FULL_MATCH,0,0
2026-07-27,"2026-07-27,2026-07-28",2,1,2026-07-27T23:00:00+00:00,INT,International,9656,CONCACAF Championship U20,calendar-2026-27,2026/27,1000011108,824750,Antigua and Barbuda U20,263042,Guatemala U20,2,finished,FETCHED,COMPLETE,FULL_MATCH,2,2_PLUS
2026-07-27,"2026-07-27,2026-07-28",2,1,2026-07-27T23:00:00+00:00,CHI,Chile,273,Liga de Primera,calendar-2026-27,2026/27,1000013176,192435,Union La Calera,1890,Everton CD,16,finished,FETCHED,COMPLETE,FULL_MATCH,2,2_PLUS
2026-07-27,"2026-07-27,2026-07-28",2,1,2026-07-28T00:00:00+00:00,ECU,Ecuador,246,Serie A,calendar-2026-27,2026/27,1000009041,4144,Deportivo Cuenca,1850,Emelec,22,finished,FETCHED,COMPLETE,FULL_MATCH,2,2_PLUS
2026-07-27,"2026-07-27,2026-07-28",2,1,2026-07-28T02:00:00+00:00,INT,International,9656,CONCACAF Championship U20,calendar-2026-27,2026/27,1000011109,67326,Costa Rica U20,5880,Mexico U20,2,finished,FETCHED,COMPLETE,FULL_MATCH,1,1
2026-07-28,2026-07-28,1,0,2026-07-28T10:00:00+00:00,INT,International,9265,ASEAN Championship,calendar-2026-27,2026/27,5844751,230139,Philippines,8307,Myanmar,2,finished,FETCHED,COMPLETE,FULL_MATCH,3,2_PLUS
2026-07-28,2026-07-28,1,0,2026-07-28T13:00:00+00:00,INT,International,9265,ASEAN Championship,calendar-2026-27,2026/27,5844752,5823,Malaysia,5891,Laos,2,finished,FETCHED,COMPLETE,FULL_MATCH,3,2_PLUS
2026-07-28,2026-07-28,1,0,2026-07-28T17:00:00+00:00,INT,International,10371,Women's Africa Cup of Nations,calendar-2026-27,2026/27,1000005782,1202714,Zambia,1353680,Egypt,1,finished,FETCHED,COMPLETE,FULL_MATCH,5,2_PLUS
2026-07-28,2026-07-28,1,0,2026-07-28T18:00:00+00:00,INT,International,10611,Champions League Qualifikation,calendar-2026-27,2026/27,5787780,10156,Dinamo Zagreb,10191,Thun,2,finished,FETCHED,COMPLETE,FULL_MATCH,3,2_PLUS
2026-07-28,2026-07-28,1,0,2026-07-28T18:00:00+00:00,INT,International,489,Vereins-Freundschaftsspiele,calendar-2026-27,2026/27,5900562,8640,PSV Eindhoven,6416,FC Eindhoven,1,finished,FETCHED,COMPLETE,FULL_MATCH,1,1
2026-07-28,2026-07-28,1,0,2026-07-28T18:45:00+00:00,INT,International,10611,Champions League Qualifikation,calendar-2026-27,2026/27,5787788,9860,Hearts,10014,Sturm Graz,2,finished,FETCHED,COMPLETE,FULL_MATCH,2,2_PLUS
2026-07-28,2026-07-28,1,0,2026-07-28T19:00:00+00:00,PAR,Paraguay,199,Division Profesional,calendar-2026-27,2026/27,1000017358,162557,Rubio Nu,1242560,Sportivo Ameliano,Clausura - Round 2,finished,FETCHED,COMPLETE,FULL_MATCH,1,1
2026-07-28,2026-07-28,1,0,2026-07-28T20:00:00+00:00,INT,International,10371,Women's Africa Cup of Nations,calendar-2026-27,2026/27,1000005781,5908,Nigeria,1302798,Malawi,1,finished,FETCHED,COMPLETE,FULL_MATCH,5,2_PLUS
2026-07-28,2026-07-28,1,0,2026-07-28T21:00:00+00:00,INT,International,9656,CONCACAF Championship U20,calendar-2026-27,2026/27,1000011102,608074,Haiti U20,437577,Cuba U20,2,finished,FETCHED,COMPLETE,FULL_MATCH,3,2_PLUS
2026-07-28,2026-07-28,1,0,2026-07-28T21:30:00+00:00,PAR,Paraguay,199,Division Profesional,calendar-2026-27,2026/27,1000017357,49688,2 de Mayo,6295,Cerro Porteno,Clausura - Round 2,finished,FETCHED,COMPLETE,FULL_MATCH,2,2_PLUS
2026-07-28,"2026-07-28,2026-07-29",2,1,2026-07-28T22:00:00+00:00,ARG,Argentinien,112,Liga Profesional,calendar-2026-27,2026/27,5115889,10087,Banfield,202757,Sarmiento,2,finished,FETCHED,COMPLETE,FULL_MATCH,5,2_PLUS
2026-07-28,"2026-07-28,2026-07-29",2,1,2026-07-28T22:00:00+00:00,ARG,Argentinien,112,Liga Profesional,calendar-2026-27,2026/27,5115899,10083,San Lorenzo,568727,Gimnasia Mendoza,2,finished,FETCHED,COMPLETE,FULL_MATCH,1,1
2026-07-28,"2026-07-28,2026-07-29",2,1,2026-07-28T22:00:00+00:00,INT,International,299,Copa Sudamericana,calendar-2026-27,2026/27,5702738,89396,Tigre,8304,Nacional,Knockout Round Play-offs,finished,FETCHED,COMPLETE,FULL_MATCH,1,1
2026-07-28,"2026-07-28,2026-07-29",2,1,2026-07-28T22:30:00+00:00,BRA,Brasilien,8814,Serie B,calendar-2026-27,2026/27,5190629,8630,Ponte Preta,1221604,Athletic Club,20,finished,FETCHED,COMPLETE,FULL_MATCH,1,1
2026-07-28,"2026-07-28,2026-07-29",2,1,2026-07-28T22:30:00+00:00,BRA,Brasilien,8814,Serie B,calendar-2026-27,2026/27,5190638,10274,Juventude,104822,Avai FC,20,finished,FETCHED,COMPLETE,FULL_MATCH,1,1
2026-07-28,"2026-07-28,2026-07-29",2,1,2026-07-28T23:00:00+00:00,CAN,Kanada,10872,Northern Super League,calendar-2026-27,2026/27,1000009196,1739721,AFC Toronto,1739712,Calgary Wild FC,Regular Season,finished,FETCHED,COMPLETE,FULL_MATCH,1,1
2026-07-28,"2026-07-28,2026-07-29",2,1,2026-07-29T00:15:00+00:00,ARG,Argentinien,112,Liga Profesional,calendar-2026-27,2026/27,5115888,10086,Argentinos Juniors,213591,Estudiantes de Rio Cuarto,2,finished,FETCHED,COMPLETE,FULL_MATCH,2,2_PLUS
2026-07-28,"2026-07-28,2026-07-29",2,1,2026-07-29T00:15:00+00:00,ARG,Argentinien,112,Liga Profesional,calendar-2026-27,2026/27,5115898,10084,Rosario Central,10080,Racing Club,2,finished,FETCHED,COMPLETE,FULL_MATCH,0,0
2026-07-28,"2026-07-28,2026-07-29",2,1,2026-07-29T00:30:00+00:00,INT,International,299,Copa Sudamericana,calendar-2026-27,2026/27,5702741,8514,Santos FC,188213,Universidad Central,Knockout Round Play-offs,finished,FETCHED,COMPLETE,FULL_MATCH,4,2_PLUS
2026-07-28,"2026-07-28,2026-07-29",2,1,2026-07-29T00:35:00+00:00,BRA,Brasilien,8814,Serie B,calendar-2026-27,2026/27,5190633,8287,Fortaleza,8355,Botafogo SP,20,finished,FETCHED,COMPLETE,FULL_MATCH,1,1
2026-07-28,"2026-07-28,2026-07-29",2,1,2026-07-29T01:00:00+00:00,CAN,Kanada,9986,Premier League,calendar-2026-27,2026/27,5175921,1022952,Cavalry FC,1899648,Supra du Quebec,11,finished,FETCHED,COMPLETE,FULL_MATCH,2,2_PLUS
2026-07-28,"2026-07-28,2026-07-29",2,1,2026-07-29T02:00:00+00:00,INT,International,9656,CONCACAF Championship U20,calendar-2026-27,2026/27,1000011103,417517,El Salvador U20,5876,USA U20,2,finished,FETCHED,COMPLETE,FULL_MATCH,2,2_PLUS
2026-07-29,2026-07-29,1,0,2026-07-29T10:00:00+00:00,INT,International,489,Vereins-Freundschaftsspiele,calendar-2026-27,2026/27,5765421,4692,Cerezo Osaka,9789,Dortmund,1,finished,FETCHED,COMPLETE,FULL_MATCH,0,0
2026-07-29,2026-07-29,1,0,2026-07-29T14:30:00+00:00,INT,International,10615,Conference League Qualifikation,calendar-2026-27,2026/27,5789198,1077223,Dukagjini,7896,Lugano,2,finished,FETCHED,COMPLETE,FULL_MATCH,2,2_PLUS
2026-07-29,2026-07-29,1,0,2026-07-29T17:00:00+00:00,INT,International,10371,Women's Africa Cup of Nations,calendar-2026-27,2026/27,1000005787,74875,Ghana,1375373,Cape Verde,1,finished,FETCHED,COMPLETE,FULL_MATCH,1,1
2026-07-29,2026-07-29,1,0,2026-07-29T17:00:00+00:00,INT,International,10611,Champions League Qualifikation,calendar-2026-27,2026/27,5787776,2182,Lech Poznań,8071,AGF,2,finished,FETCHED,COMPLETE,FULL_MATCH,4,2_PLUS
2026-07-29,2026-07-29,1,0,2026-07-29T17:00:00+00:00,INT,International,10615,Conference League Qualifikation,calendar-2026-27,2026/27,5789227,8391,FC København,1181312,Polissya Zhytomyr,2,finished,FETCHED,COMPLETE,FULL_MATCH,2,2_PLUS
2026-07-29,2026-07-29,1,0,2026-07-29T17:30:00+00:00,ARG,Argentinien,112,Liga Profesional,calendar-2026-27,2026/27,5115890,213534,Barracas Central,161728,Aldosivi,2,finished,FETCHED,COMPLETE,FULL_MATCH,0,0
2026-07-29,2026-07-29,1,0,2026-07-29T18:00:00+00:00,INT,International,10611,Champions League Qualifikation,calendar-2026-27,2026/27,5787787,8020,Górnik Zabrze,8695,Fenerbahçe,2,finished,FETCHED,COMPLETE,FULL_MATCH,0,0
2026-07-29,2026-07-29,1,0,2026-07-29T18:30:00+00:00,INT,International,10615,Conference League Qualifikation,calendar-2026-27,2026/27,5789229,10015,Rapid Wien,10042,FC Santa Coloma,2,finished,FETCHED,COMPLETE,FULL_MATCH,4,2_PLUS
2026-07-29,2026-07-29,1,0,2026-07-29T18:30:00+00:00,INT,International,489,Vereins-Freundschaftsspiele,calendar-2026-27,2026/27,5898825,8427,Bristol City,10261,Newcastle,1,finished,FETCHED,COMPLETE,FULL_MATCH,3,2_PLUS
2026-07-29,2026-07-29,1,0,2026-07-29T19:00:00+00:00,PAR,Paraguay,199,Division Profesional,calendar-2026-27,2026/27,1000017362,49687,Luqueno,59844,Sportivo Trinidense,Clausura - Round 2,finished,FETCHED,COMPLETE,FULL_MATCH,5,2_PLUS
2026-07-29,2026-07-29,1,0,2026-07-29T20:00:00+00:00,INT,International,10371,Women's Africa Cup of Nations,calendar-2026-27,2026/27,1000005788,316116,Cameroon,1263978,Mali,1,finished,FETCHED,COMPLETE,FULL_MATCH,1,1
2026-07-29,2026-07-29,1,0,2026-07-29T20:00:00+00:00,INT,International,9656,CONCACAF Championship U20,calendar-2026-27,2026/27,1000011114,608073,Jamaica U20,5862,Panama U20,2,finished,FETCHED,COMPLETE,FULL_MATCH,2,2_PLUS
2026-07-29,2026-07-29,1,0,2026-07-29T20:00:00+00:00,ARG,Argentinien,112,Liga Profesional,calendar-2026-27,2026/27,5115893,161730,Defensa y Justicia,298629,Deportivo Riestra,2,finished,FETCHED,COMPLETE,FULL_MATCH,1,1
2026-07-29,2026-07-29,1,0,2026-07-29T21:30:00+00:00,PAR,Paraguay,199,Division Profesional,calendar-2026-27,2026/27,1000017359,49689,Nacional,6619,Olimpia,Clausura - Round 2,finished,FETCHED,COMPLETE,FULL_MATCH,1,1
2026-07-29,"2026-07-29,2026-07-30",2,1,2026-07-29T22:00:00+00:00,INT,International,299,Copa Sudamericana,calendar-2026-27,2026/27,5702736,10276,Vasco da Gama,2528,Independiente Medellin,Knockout Round Play-offs,finished,FETCHED,COMPLETE,FULL_MATCH,1,1
2026-07-29,"2026-07-29,2026-07-30",2,1,2026-07-29T22:15:00+00:00,ARG,Argentinien,112,Liga Profesional,calendar-2026-27,2026/27,5115894,10103,Gimnasia LP,10076,River Plate,2,finished,FETCHED,COMPLETE,FULL_MATCH,1,1
2026-07-29,"2026-07-29,2026-07-30",2,1,2026-07-29T22:30:00+00:00,BRA,Brasilien,268,Serie A,calendar-2026-27,2026/27,5103568,163782,Mirassol,1626,Remo,21,finished,FETCHED,COMPLETE,FULL_MATCH,1,1
2026-07-29,"2026-07-29,2026-07-30",2,1,2026-07-29T22:30:00+00:00,BRA,Brasilien,268,Serie A,calendar-2026-27,2026/27,5103570,8702,Internacional,9770,Flamengo,21,finished,FETCHED,COMPLETE,FULL_MATCH,1,1
2026-07-29,"2026-07-29,2026-07-30",2,1,2026-07-29T23:00:00+00:00,USA,USA,9296,USL League One,calendar-2026-27,2026/27,5109479,1004920,Greenville Triumph SC,1877675,Boise,22,finished,FETCHED,COMPLETE,FULL_MATCH,1,1
2026-07-29,"2026-07-29,2026-07-30",2,1,2026-07-29T23:00:00+00:00,USA,USA,8972,USL Championship,calendar-2026-27,2026/27,5109857,267816,Pittsburgh Riverhounds SC,614325,FC Tulsa,1,finished,FETCHED,COMPLETE,FULL_MATCH,0,0
2026-07-29,"2026-07-29,2026-07-30",2,1,2026-07-29T23:30:00+00:00,USA,USA,8972,USL Championship,calendar-2026-27,2026/27,5109856,614316,Louisville City FC,1003207,Birmingham Legion FC,1,finished,FETCHED,COMPLETE,FULL_MATCH,1,1
2026-07-29,"2026-07-29,2026-07-30",2,1,2026-07-29T23:30:00+00:00,INT,International,489,Vereins-Freundschaftsspiele,calendar-2026-27,2026/27,5498879,8650,Liverpool,9841,Wrexham,1,finished,FETCHED,COMPLETE,FULL_MATCH,1,1
2026-07-29,"2026-07-29,2026-07-30",2,1,2026-07-30T00:00:00+00:00,USA,USA,9296,USL League One,calendar-2026-27,2026/27,5109478,1004919,Forward Madison FC,1004918,Chattanooga Red Wolves SC,22,finished,FETCHED,COMPLETE,FULL_MATCH,2,2_PLUS
2026-07-29,"2026-07-29,2026-07-30",2,1,2026-07-30T00:00:00+00:00,USA,USA,9134,NWSL,calendar-2026-27,2026/27,5161578,1237561,Kansas City Current (W),1237244,Racing Louisville (W),0,finished,FETCHED,COMPLETE,FULL_MATCH,3,2_PLUS
2026-07-29,"2026-07-29,2026-07-30",2,1,2026-07-30T00:30:00+00:00,BRA,Brasilien,268,Serie A,calendar-2026-27,2026/27,5103564,9863,Fluminense,7877,Bahia,21,finished,FETCHED,COMPLETE,FULL_MATCH,0,0
2026-07-29,"2026-07-29,2026-07-30",2,1,2026-07-30T00:30:00+00:00,BRA,Brasilien,268,Serie A,calendar-2026-27,2026/27,5103572,7733,Vitoria,10283,Palmeiras,21,finished,FETCHED,COMPLETE,FULL_MATCH,2,2_PLUS
2026-07-29,"2026-07-29,2026-07-30",2,1,2026-07-30T00:30:00+00:00,ARG,Argentinien,112,Liga Profesional,calendar-2026-27,2026/27,5115897,10090,Instituto,10089,Club Atletico Platense,2,finished,FETCHED,COMPLETE,FULL_MATCH,2,2_PLUS
2026-07-29,"2026-07-29,2026-07-30",2,1,2026-07-30T00:30:00+00:00,INT,International,299,Copa Sudamericana,calendar-2026-27,2026/27,5702735,109705,Red Bull Bragantino,1848,Sporting Cristal,Knockout Round Play-offs,finished,FETCHED,COMPLETE,FULL_MATCH,1,1
2026-07-29,"2026-07-29,2026-07-30",2,1,2026-07-30T00:30:00+00:00,INT,International,299,Copa Sudamericana,calendar-2026-27,2026/27,5702740,1845,Cienciano,10082,Lanus,Knockout Round Play-offs,finished,FETCHED,COMPLETE,FULL_MATCH,1,1
2026-07-29,"2026-07-29,2026-07-30",2,1,2026-07-30T01:00:00+00:00,INT,International,9656,CONCACAF Championship U20,calendar-2026-27,2026/27,1000011115,5869,Canada U20,5950,Honduras U20,2,finished,FETCHED,COMPLETE,FULL_MATCH,2,2_PLUS
2026-07-29,"2026-07-29,2026-07-30",2,1,2026-07-30T01:00:00+00:00,USA,USA,9134,NWSL,calendar-2026-27,2026/27,5161579,923654,Utah Royals (W),433030,Washington Spirit (W),0,finished,FETCHED,COMPLETE,FULL_MATCH,0,0
2026-07-29,"2026-07-29,2026-07-30",2,1,2026-07-30T02:00:00+00:00,CAN,Kanada,10872,Northern Super League,calendar-2026-27,2026/27,1000009197,1739724,Vancouver Rise FC,1739717,Montreal Roses FC,Regular Season,finished,FETCHED,COMPLETE,FULL_MATCH,3,2_PLUS
2026-07-29,"2026-07-29,2026-07-30",2,1,2026-07-30T02:00:00+00:00,USA,USA,9134,NWSL,calendar-2026-27,2026/27,5161580,1607273,Bay FC (W),189397,Gotham FC (W),0,finished,FETCHED,COMPLETE,FULL_MATCH,0,0
2026-07-30,2026-07-30,1,0,2026-07-30T09:30:00+00:00,AUS,Australien,9471,Australia Cup,calendar-2026-27,2026/27,5848073,162314,South Melbourne,8008,Adelaide United,1/16,finished,FETCHED,COMPLETE,FULL_MATCH,1,1
2026-07-30,2026-07-30,1,0,2026-07-30T09:30:00+00:00,AUS,Australien,9471,Australia Cup,calendar-2026-27,2026/27,5848074,162234,Sydney Olympic,8118,Brisbane Roar FC,1/16,finished,FETCHED,COMPLETE,FULL_MATCH,3,2_PLUS
2026-07-30,2026-07-30,1,0,2026-07-30T16:00:00+00:00,INT,International,10615,Conference League Qualifikation,calendar-2026-27,2026/27,5789197,6550,FC Inter Turku,1933,Başakşehir,2,finished,FETCHED,COMPLETE,FULL_MATCH,1,1
2026-07-30,2026-07-30,1,0,2026-07-30T16:00:00+00:00,INT,International,10615,Conference League Qualifikation,calendar-2026-27,2026/27,5789204,6345,Pyunik,8369,Debrecen,2,finished,FETCHED,COMPLETE,FULL_MATCH,0,0
2026-07-30,2026-07-30,1,0,2026-07-30T17:00:00+00:00,INT,International,10371,Women's Africa Cup of Nations,calendar-2026-27,2026/27,1000005772,1121168,Senegal,1137920,Kenya,2,finished,FETCHED,COMPLETE,FULL_MATCH,0,0
2026-07-30,2026-07-30,1,0,2026-07-30T17:00:00+00:00,INT,International,10613,Europa League Qualifikation,calendar-2026-27,2026/27,5788589,8113,FC Midtjylland,10188,Beşiktaş,2,finished,FETCHED,COMPLETE,FULL_MATCH,2,2_PLUS
2026-07-30,2026-07-30,1,0,2026-07-30T17:00:00+00:00,INT,International,10615,Conference League Qualifikation,calendar-2026-27,2026/27,5789191,5755,Györi ETO,763242,Atert Bissen,2,finished,FETCHED,COMPLETE,FULL_MATCH,1,1
2026-07-30,2026-07-30,1,0,2026-07-30T17:00:00+00:00,INT,International,10615,Conference League Qualifikation,calendar-2026-27,2026/27,5789205,10202,Nordsjælland,8297,GAIS,2,finished,FETCHED,COMPLETE,FULL_MATCH,3,2_PLUS
2026-07-30,2026-07-30,1,0,2026-07-30T17:00:00+00:00,INT,International,10615,Conference League Qualifikation,calendar-2026-27,2026/27,5789217,10122,FK Velez Mostar,103598,DAC 1904 Dunajska Streda,2,finished,FETCHED,COMPLETE,FULL_MATCH,1,1
2026-07-30,2026-07-30,1,0,2026-07-30T17:45:00+00:00,INT,International,10613,Europa League Qualifikation,calendar-2026-27,2026/27,5788593,8619,PAOK Thessaloniki,8688,Dynamo Kyiv,2,finished,FETCHED,COMPLETE,FULL_MATCH,1,1
2026-07-30,2026-07-30,1,0,2026-07-30T18:00:00+00:00,INT,International,10613,Europa League Qualifikation,calendar-2026-27,2026/27,5788586,10144,CSKA Sofia,7981,Qarabag FK,2,finished,FETCHED,COMPLETE,FULL_MATCH,0,0
2026-07-30,2026-07-30,1,0,2026-07-30T18:00:00+00:00,INT,International,10615,Conference League Qualifikation,calendar-2026-27,2026/27,5789226,8593,Ajax,6406,Vojvodina,2,finished,FETCHED,COMPLETE,FULL_MATCH,3,2_PLUS
2026-07-30,2026-07-30,1,0,2026-07-30T18:15:00+00:00,INT,International,10615,Conference League Qualifikation,calendar-2026-27,2026/27,5789218,10179,Sion,10063,BATE Borisov,2,finished,FETCHED,COMPLETE,FULL_MATCH,2,2_PLUS
2026-07-30,2026-07-30,1,0,2026-07-30T18:30:00+00:00,INT,International,10613,Europa League Qualifikation,calendar-2026-27,2026/27,5788588,8222,Ferencvaros,8611,FC Twente,2,finished,FETCHED,COMPLETE,FULL_MATCH,3,2_PLUS
2026-07-30,2026-07-30,1,0,2026-07-30T18:30:00+00:00,INT,International,10615,Conference League Qualifikation,calendar-2026-27,2026/27,5789203,10011,Austria Wien,8016,FK Liepaja,2,finished,FETCHED,COMPLETE,FULL_MATCH,1,1
2026-07-30,2026-07-30,1,0,2026-07-30T18:30:00+00:00,INT,International,10615,Conference League Qualifikation,calendar-2026-27,2026/27,5789224,10200,Panathinaikos,7986,Paksi SE,2,finished,FETCHED,COMPLETE,FULL_MATCH,2,2_PLUS
2026-07-30,2026-07-30,1,0,2026-07-30T19:00:00+00:00,PAR,Paraguay,199,Division Profesional,calendar-2026-27,2026/27,1000017361,198186,Sportivo San Lorenzo,1893,Guarani,Clausura - Round 2,finished,FETCHED,COMPLETE,FULL_MATCH,1,1
2026-07-30,2026-07-30,1,0,2026-07-30T19:00:00+00:00,INT,International,10613,Europa League Qualifikation,calendar-2026-27,2026/27,5788592,9772,Benfica,10190,St. Gallen,2,finished,FETCHED,COMPLETE,FULL_MATCH,4,2_PLUS
2026-07-30,2026-07-30,1,0,2026-07-30T20:00:00+00:00,INT,International,10371,Women's Africa Cup of Nations,calendar-2026-27,2026/27,1000005771,1129300,Morocco,1316257,Algeria,2,finished,FETCHED,COMPLETE,FULL_MATCH,1,1
2026-07-30,2026-07-30,1,0,2026-07-30T21:30:00+00:00,PAR,Paraguay,199,Division Profesional,calendar-2026-27,2026/27,1000017360,6620,Libertad,1427854,Recoleta,Clausura - Round 2,finished,FETCHED,COMPLETE,FULL_MATCH,3,2_PLUS
2026-07-30,"2026-07-30,2026-07-31",2,1,2026-07-30T22:00:00+00:00,INT,International,9656,CONCACAF Championship U20,calendar-2026-27,2026/27,1000011110,67326,Costa Rica U20,824750,Antigua and Barbuda U20,3,finished,FETCHED,COMPLETE,FULL_MATCH,4,2_PLUS
2026-07-30,"2026-07-30,2026-07-31",2,1,2026-07-30T22:00:00+00:00,ARG,Argentinien,112,Liga Profesional,calendar-2026-27,2026/27,5115896,161729,Independiente Rivadavia,10081,Huracan,2,finished,FETCHED,COMPLETE,FULL_MATCH,1,1
2026-07-30,"2026-07-30,2026-07-31",2,1,2026-07-30T22:00:00+00:00,ARG,Argentinien,112,Liga Profesional,calendar-2026-27,2026/27,5115900,10101,Talleres,10079,Velez Sarsfield,2,finished,FETCHED,COMPLETE,FULL_MATCH,2,2_PLUS
2026-07-30,"2026-07-30,2026-07-31",2,1,2026-07-30T22:00:00+00:00,INT,International,299,Copa Sudamericana,calendar-2026-27,2026/27,5702734,9769,Gremio,5983,Bolivar,Knockout Round Play-offs,finished,FETCHED,COMPLETE,FULL_MATCH,0,0
2026-07-30,"2026-07-30,2026-07-31",2,1,2026-07-30T22:30:00+00:00,BRA,Brasilien,268,Serie A,calendar-2026-27,2026/27,5103567,9808,Corinthians,10273,Athletico Paranaense,21,finished,FETCHED,COMPLETE,FULL_MATCH,0,0
2026-07-30,"2026-07-30,2026-07-31",2,1,2026-07-31T00:15:00+00:00,ARG,Argentinien,112,Liga Profesional,calendar-2026-27,2026/27,5115892,213596,Central Cordoba de Santiago,161727,Atletico Tucuman,2,finished,FETCHED,COMPLETE,FULL_MATCH,2,2_PLUS
2026-07-30,"2026-07-30,2026-07-31",2,1,2026-07-31T00:15:00+00:00,ARG,Argentinien,112,Liga Profesional,calendar-2026-27,2026/27,5115895,10078,Independiente,10201,Newell's Old Boys,2,finished,FETCHED,COMPLETE,FULL_MATCH,0,0
2026-07-30,"2026-07-30,2026-07-31",2,1,2026-07-31T00:30:00+00:00,BRA,Brasilien,268,Serie A,calendar-2026-27,2026/27,5103571,9767,Coritiba,9781,Cruzeiro,21,finished,FETCHED,COMPLETE,FULL_MATCH,1,1
2026-07-30,"2026-07-30,2026-07-31",2,1,2026-07-31T00:30:00+00:00,INT,International,299,Copa Sudamericana,calendar-2026-27,2026/27,5702737,6296,O'Higgins,10077,Boca Juniors,Knockout Round Play-offs,finished,FETCHED,COMPLETE,FULL_MATCH,1,1
2026-07-30,"2026-07-30,2026-07-31",2,1,2026-07-31T00:30:00+00:00,INT,International,299,Copa Sudamericana,calendar-2026-27,2026/27,5702739,7850,Caracas,7818,Santa Fe,Knockout Round Play-offs,finished,FETCHED,COMPLETE,FULL_MATCH,3,2_PLUS
2026-07-30,"2026-07-30,2026-07-31",2,1,2026-07-31T01:00:00+00:00,INT,International,9656,CONCACAF Championship U20,calendar-2026-27,2026/27,1000011111,5880,Mexico U20,263042,Guatemala U20,3,finished,FETCHED,COMPLETE,FULL_MATCH,3,2_PLUS
2026-07-30,"2026-07-30,2026-07-31",2,1,2026-07-31T01:00:00+00:00,COL,Kolumbien,274,Primera A,calendar-2026-27,2026/27,1000014063,4401,Bucaramanga,348397,Llaneros FC,Clausura - Round 2,finished,FETCHED,COMPLETE,FULL_MATCH,2,2_PLUS
2026-07-31,2026-07-31,1,0,2026-07-31T10:00:00+00:00,INT,International,9265,ASEAN Championship,calendar-2026-27,2026/27,5844738,95801,Timor-Leste,6324,Indonesia,3,finished,FETCHED,COMPLETE,FULL_MATCH,3,2_PLUS
2026-07-31,2026-07-31,1,0,2026-07-31T11:35:00+00:00,CHN,China,120,Super League,calendar-2026-27,2026/27,5186565,51442,Henan FC,1477043,Dalian Yingbo,21,finished,FETCHED,COMPLETE,FULL_MATCH,1,1
2026-07-31,2026-07-31,1,0,2026-07-31T13:00:00+00:00,INT,International,9265,ASEAN Championship,calendar-2026-27,2026/27,5844739,5894,Vietnam,5825,Singapore,3,finished,FETCHED,COMPLETE,FULL_MATCH,0,0
2026-07-31,2026-07-31,1,0,2026-07-31T15:30:00+00:00,ROU,Rumänien,189,Liga I,calendar-2026-27,2026/27,5853449,9732,FC Arges Pitesti,583690,Csikszereda Miercurea Ciuc,3,finished,FETCHED,COMPLETE,FULL_MATCH,1,1
2026-07-31,2026-07-31,1,0,2026-07-31T16:00:00+00:00,DEN,Dänemark,85,1. Division,calendar-2026-27,2026/27,5764563,8109,Aarhus Fremad,8470,AaB,2,finished,FETCHED,COMPLETE,FULL_MATCH,2,2_PLUS
2026-07-31,2026-07-31,1,0,2026-07-31T16:00:00+00:00,POL,Polen,196,Ekstraklasa,calendar-2026-27,2026/27,5803931,8243,Wisła Płock,8024,Widzew Łódź,2,finished,FETCHED,COMPLETE,FULL_MATCH,0,0
2026-07-31,2026-07-31,1,0,2026-07-31T16:00:00+00:00,INT,International,489,Vereins-Freundschaftsspiele,calendar-2026-27,2026/27,5970454,9885,Juventus,9831,Nice,1,finished,FETCHED,COMPLETE,FULL_MATCH,1,1
2026-07-31,2026-07-31,1,0,2026-07-31T17:00:00+00:00,INT,International,10371,Women's Africa Cup of Nations,calendar-2026-27,2026/27,1000005777,316118,South Africa,604108,Ivory Coast,2,finished,FETCHED,COMPLETE,FULL_MATCH,2,2_PLUS
2026-07-31,2026-07-31,1,0,2026-07-31T17:00:00+00:00,NOR,Norwegen,59,Eliteserien,calendar-2026-27,2026/27,5104968,8007,Vålerenga,8448,HamKam,16,finished,FETCHED,COMPLETE,FULL_MATCH,2,2_PLUS
2026-07-31,2026-07-31,1,0,2026-07-31T17:00:00+00:00,DEN,Dänemark,85,1. Division,calendar-2026-27,2026/27,5764562,9805,AB,8454,Fredericia,2,finished,FETCHED,COMPLETE,FULL_MATCH,1,1
2026-07-31,2026-07-31,1,0,2026-07-31T17:00:00+00:00,DEN,Dänemark,85,1. Division,calendar-2026-27,2026/27,5764564,8289,HB Køge,8231,Vejle Boldklub,2,finished,FETCHED,COMPLETE,FULL_MATCH,1,1
2026-07-31,2026-07-31,1,0,2026-07-31T17:00:00+00:00,CZE,Tschechien,122,1. Liga,calendar-2026-27,2026/27,5831124,10247,Sparta Prague,1860,FC Zlin,2,finished,FETCHED,COMPLETE,FULL_MATCH,3,2_PLUS
2026-07-31,2026-07-31,1,0,2026-07-31T17:00:00+00:00,RUS,Russland,63,Premier League,calendar-2026-27,2026/27,5847134,1066681,Rodina,8705,Rostov,2,finished,FETCHED,COMPLETE,FULL_MATCH,4,2_PLUS
2026-07-31,2026-07-31,1,0,2026-07-31T17:30:00+00:00,SUI,Schweiz,163,Challenge League,calendar-2026-27,2026/27,5804557,2442,Stade Nyonnais,185504,FC Rapperswil-Jona,2,finished,FETCHED,COMPLETE,FULL_MATCH,2,2_PLUS
2026-07-31,2026-07-31,1,0,2026-07-31T17:30:00+00:00,SUI,Schweiz,163,Challenge League,calendar-2026-27,2026/27,5804558,10175,Wil,7955,Xamax,2,finished,FETCHED,COMPLETE,FULL_MATCH,1,1
2026-07-31,2026-07-31,1,0,2026-07-31T17:30:00+00:00,SUI,Schweiz,163,Challenge League,calendar-2026-27,2026/27,5804559,6447,Yverdon,1594,Etoile Carouge,2,finished,FETCHED,COMPLETE,FULL_MATCH,0,0
2026-07-31,2026-07-31,1,0,2026-07-31T17:30:00+00:00,AUT,Österreich,38,Bundesliga,calendar-2026-27,2026/27,5845951,9977,LASK,10012,Grazer AK,1,finished,FETCHED,COMPLETE,FULL_MATCH,1,1
2026-07-31,2026-07-31,1,0,2026-07-31T18:00:00+00:00,CRO,Kroatien,252,HNL,calendar-2026-27,2026/27,5765891,10156,Dinamo Zagreb,1581,Slaven,1,finished,FETCHED,COMPLETE,FULL_MATCH,1,1
2026-07-31,2026-07-31,1,0,2026-07-31T18:15:00+00:00,SUI,Schweiz,163,Challenge League,calendar-2026-27,2026/27,5804560,6404,Kriens,7894,Winterthur,2,finished,FETCHED,COMPLETE,FULL_MATCH,1,1
2026-07-31,2026-07-31,1,0,2026-07-31T18:30:00+00:00,POL,Polen,196,Ekstraklasa,calendar-2026-27,2026/27,5803927,89466,Motor Lublin,1957,Jagiellonia Białystok,2,finished,FETCHED,COMPLETE,FULL_MATCH,2,2_PLUS
2026-07-31,2026-07-31,1,0,2026-07-31T18:30:00+00:00,BEL,Belgien,266,Super Cup,calendar-2026-27,2026/27,5805229,8342,Club Brugge,7978,Union St.Gilloise,final,finished,FETCHED,COMPLETE,FULL_MATCH,2,2_PLUS
2026-07-31,2026-07-31,1,0,2026-07-31T18:30:00+00:00,ROU,Rumänien,189,Liga I,calendar-2026-27,2026/27,5853453,9736,Otelul Galati,10271,Dinamo Bucuresti,3,finished,FETCHED,COMPLETE,FULL_MATCH,1,1
2026-07-31,2026-07-31,1,0,2026-07-31T18:45:00+00:00,IRL,Irland,126,Premier Liga,calendar-2026-27,2026/27,5100939,1853,Dundalk,6361,Sligo Rovers,26,finished,FETCHED,COMPLETE,FULL_MATCH,2,2_PLUS
2026-07-31,2026-07-31,1,0,2026-07-31T18:45:00+00:00,INT,International,489,Vereins-Freundschaftsspiele,calendar-2026-27,2026/27,5793366,8658,Birmingham,8634,Barcelona,1,finished,FETCHED,COMPLETE,FULL_MATCH,2,2_PLUS
2026-07-31,2026-07-31,1,0,2026-07-31T19:00:00+00:00,BOL,Bolivien,144,Primera Division,calendar-2026-27,2026/27,1000011165,879029,Universitario de Vinto,114830,Guabira,12,finished,FETCHED,COMPLETE,FULL_MATCH,0,0
2026-07-31,2026-07-31,1,0,2026-07-31T19:00:00+00:00,IRL,Irland,126,Premier Liga,calendar-2026-27,2026/27,5100938,8339,Drogheda United,4131,Shamrock Rovers,26,finished,FETCHED,COMPLETE,FULL_MATCH,0,0
2026-07-31,2026-07-31,1,0,2026-07-31T19:00:00+00:00,NOR,Norwegen,59,Eliteserien,calendar-2026-27,2026/27,5104962,8402,Bodø/Glimt,8476,Lillestrøm,16,finished,FETCHED,COMPLETE,FULL_MATCH,2,2_PLUS
2026-07-31,2026-07-31,1,0,2026-07-31T19:00:00+00:00,SCO,Schottland,64,Premiership,calendar-2026-27,2026/27,5793898,9938,Dundee United,8548,Rangers,1,finished,FETCHED,COMPLETE,FULL_MATCH,1,1
2026-07-31,2026-07-31,1,0,2026-07-31T20:00:00+00:00,INT,International,10371,Women's Africa Cup of Nations,calendar-2026-27,2026/27,1000005778,1459480,Burkina Faso,1459525,Tanzania,2,finished,FETCHED,COMPLETE,FULL_MATCH,2,2_PLUS
2026-07-31,2026-07-31,1,0,2026-07-31T20:00:00+00:00,USA,USA,10282,MLS Next Pro,calendar-2026-27,2026/27,1000007677,915806,Atlanta United 2,1610955,Carolina Core FC,23,finished,FETCHED,COMPLETE,FULL_MATCH,1,1
2026-07-31,2026-07-31,1,0,2026-07-31T20:00:00+00:00,PER,Peru,131,Liga 1,calendar-2026-27,2026/27,1000017174,741328,Los Chankas,536945,Comerciantes Unidos,Clausura - Round 3,finished,FETCHED,COMPLETE,FULL_MATCH,0,0
2026-07-31,2026-07-31,1,0,2026-07-31T21:00:00+00:00,INT,International,9656,CONCACAF Championship U20,calendar-2026-27,2026/27,1000011104,417517,El Salvador U20,608074,Haiti U20,3,finished,FETCHED,COMPLETE,FULL_MATCH,2,2_PLUS
2026-07-31,2026-07-31,1,0,2026-07-31T21:00:00+00:00,VEN,Venezuela,339,Primera Division,calendar-2026-27,2026/27,1000018665,49682,Portuguesa FC,49681,Carabobo FC,Clausura - Round 1,finished,FETCHED,COMPLETE,FULL_MATCH,0,0
2026-07-31,2026-07-31,1,0,2026-07-31T21:30:00+00:00,BOL,Bolivien,144,Primera Division,calendar-2026-27,2026/27,1000011168,2527,The Strongest,49720,Aurora,12,finished,FETCHED,COMPLETE,FULL_MATCH,2,2_PLUS
2026-07-31,"2026-07-31,2026-08-01",2,1,2026-07-31T23:00:00+00:00,USA,USA,10282,MLS Next Pro,calendar-2026-27,2026/27,1000007679,1348111,Inter Miami CF II,540884,Chattanooga FC,23,finished,FETCHED,COMPLETE,FULL_MATCH,0,0
2026-07-31,"2026-07-31,2026-08-01",2,1,2026-07-31T23:00:00+00:00,BOL,Bolivien,144,Primera Division,calendar-2026-27,2026/27,1000011167,1074622,Real Tomayapo,1297346,ABB,12,finished,FETCHED,COMPLETE,FULL_MATCH,1,1
2026-07-31,"2026-07-31,2026-08-01",2,1,2026-07-31T23:30:00+00:00,USA,USA,130,MLS,calendar-2026-27,2026/27,5071246,546238,NYCFC,56453,Toronto,18,finished,FETCHED,COMPLETE,FULL_MATCH,0,0
2026-07-31,"2026-07-31,2026-08-01",2,1,2026-08-01T00:00:00+00:00,USA,USA,10282,MLS Next Pro,calendar-2026-27,2026/27,1000007681,722268,Sporting Kansas City II,1348104,Houston Dynamo 2,23,finished,FETCHED,COMPLETE,FULL_MATCH,3,2_PLUS
2026-07-31,"2026-07-31,2026-08-01",2,1,2026-08-01T00:00:00+00:00,USA,USA,10282,MLS Next Pro,calendar-2026-27,2026/27,1000007682,1348105,Minnesota United 2,614322,Portland Timbers 2,23,finished,FETCHED,COMPLETE,FULL_MATCH,1,1
2026-07-31,"2026-07-31,2026-08-01",2,1,2026-08-01T00:00:00+00:00,ECU,Ecuador,246,Serie A,calendar-2026-27,2026/27,1000009055,1345405,Libertad,1014174,Orense,23,finished,FETCHED,COMPLETE,FULL_MATCH,1,1
2026-07-31,"2026-07-31,2026-08-01",2,1,2026-08-01T00:00:00+00:00,CHI,Chile,273,Liga de Primera,calendar-2026-27,2026/27,1000013187,4054,Universidad de Concepcion,4058,Audax Italiano,17,finished,FETCHED,COMPLETE,FULL_MATCH,0,0
2026-07-31,"2026-07-31,2026-08-01",2,1,2026-08-01T00:00:00+00:00,USA,USA,9134,NWSL,calendar-2026-27,2026/27,5161581,243295,North Carolina Courage (W),728922,Orlando Pride (W),0,finished,FETCHED,COMPLETE,FULL_MATCH,2,2_PLUS
2026-07-31,"2026-07-31,2026-08-01",2,1,2026-08-01T01:00:00+00:00,COL,Kolumbien,274,Primera A,calendar-2026-27,2026/27,1000014060,244167,Fortaleza FC,4404,Deportivo Pereira,Clausura - Round 2,finished,FETCHED,COMPLETE,FULL_MATCH,0,0
2026-07-31,"2026-07-31,2026-08-01",2,1,2026-08-01T01:00:00+00:00,MEX,Mexiko,230,Liga MX,calendar-2026-27,2026/27,1000014517,7847,Puebla,7807,Chivas,3,finished,FETCHED,COMPLETE,FULL_MATCH,1,1
2026-07-31,"2026-07-31,2026-08-01",2,1,2026-08-01T01:00:00+00:00,USA,USA,8972,USL Championship,calendar-2026-27,2026/27,5109868,722269,San Antonio FC,514649,Indy Eleven,1,finished,FETCHED,COMPLETE,FULL_MATCH,3,2_PLUS
2026-07-31,"2026-07-31,2026-08-01",2,1,2026-08-01T02:00:00+00:00,USA,USA,10282,MLS Next Pro,calendar-2026-27,2026/27,1000007678,521005,Ventura County FC,1004921,North Texas SC,23,finished,FETCHED,COMPLETE,FULL_MATCH,4,2_PLUS
2026-07-31,"2026-07-31,2026-08-01",2,1,2026-08-01T02:00:00+00:00,USA,USA,10282,MLS Next Pro,calendar-2026-27,2026/27,1000007683,1451871,Los Angeles FC II,1348103,Colorado Rapids 2,23,finished,FETCHED,COMPLETE,FULL_MATCH,2,2_PLUS
2026-07-31,"2026-07-31,2026-08-01",2,1,2026-08-01T02:00:00+00:00,INT,International,9656,CONCACAF Championship U20,calendar-2026-27,2026/27,1000011105,5876,USA U20,437577,Cuba U20,3,finished,FETCHED,COMPLETE,FULL_MATCH,3,2_PLUS
2026-07-31,"2026-07-31,2026-08-01",2,1,2026-08-01T02:00:00+00:00,CAN,Kanada,9986,Premier League,calendar-2026-27,2026/27,5175937,1022953,Pacific FC,1899648,Supra du Quebec,15,finished,FETCHED,COMPLETE,FULL_MATCH,1,1
2026-07-31,"2026-07-31,2026-08-01",2,1,2026-08-01T03:00:00+00:00,MEX,Mexiko,230,Liga MX,calendar-2026-27,2026/27,1000014518,6358,San Luis,162418,Tijuana,3,finished,FETCHED,COMPLETE,FULL_MATCH,0,0
2026-07-31,"2026-07-31,2026-08-01",2,1,2026-08-01T03:00:00+00:00,MEX,Mexiko,230,Liga MX,calendar-2026-27,2026/27,1000014519,649424,Juárez,1946,Pumas,3,finished,FETCHED,COMPLETE,FULL_MATCH,2,2_PLUS
2026-08-01,2026-08-01,1,0,2026-08-01T10:00:00+00:00,INT,International,489,Vereins-Freundschaftsspiele,calendar-2026-27,2026/27,5765422,4399,FC Tokyo,9789,Dortmund,1,finished,FETCHED,COMPLETE,FULL_MATCH,1,1
2026-08-01,2026-08-01,1,0,2026-08-01T10:00:00+00:00,INT,International,9265,ASEAN Championship,calendar-2026-27,2026/27,5844753,5891,Laos,230139,Philippines,3,finished,FETCHED,COMPLETE,FULL_MATCH,4,2_PLUS
2026-08-01,2026-08-01,1,0,2026-08-01T10:30:00+00:00,KOR,Südkorea,9080,K League 1,calendar-2026-27,2026/27,5139982,164734,Gangwon FC,429441,Bucheon FC 1995,21,finished,FETCHED,COMPLETE,FULL_MATCH,2,2_PLUS
2026-08-01,2026-08-01,1,0,2026-08-01T10:30:00+00:00,KOR,Südkorea,9080,K League 1,calendar-2026-27,2026/27,5139983,46038,Jeonbuk Hyundai Motors FC,92630,FC Seoul,21,finished,FETCHED,COMPLETE,FULL_MATCH,0,0
2026-08-01,2026-08-01,1,0,2026-08-01T10:30:00+00:00,KOR,Südkorea,9080,K League 1,calendar-2026-27,2026/27,5139984,109373,Pohang Steelers,133901,Gimcheon Sangmu,21,finished,FETCHED,COMPLETE,FULL_MATCH,1,1
2026-08-01,2026-08-01,1,0,2026-08-01T10:30:00+00:00,KOR,Südkorea,9116,K League 2,calendar-2026-27,2026/27,5155856,429442,Chungnam Asan FC,6614,Seongnam FC,20,finished,FETCHED,COMPLETE,FULL_MATCH,2,2_PLUS
2026-08-01,2026-08-01,1,0,2026-08-01T10:30:00+00:00,KOR,Südkorea,9116,K League 2,calendar-2026-27,2026/27,5155857,187960,Cheonan City,1897657,Yongin FC,20,finished,FETCHED,COMPLETE,FULL_MATCH,2,2_PLUS
2026-08-01,2026-08-01,1,0,2026-08-01T10:30:00+00:00,KOR,Südkorea,9116,K League 2,calendar-2026-27,2026/27,5155858,833651,Cheongju FC,88517,Suwon Samsung Bluewings,20,finished,FETCHED,COMPLETE,FULL_MATCH,3,2_PLUS
2026-08-01,2026-08-01,1,0,2026-08-01T10:30:00+00:00,KOR,Südkorea,9116,K League 2,calendar-2026-27,2026/27,5155859,739800,Hwaseong FC,133897,Daegu FC,20,finished,FETCHED,COMPLETE,FULL_MATCH,3,2_PLUS
2026-08-01,2026-08-01,1,0,2026-08-01T11:00:00+00:00,CHN,China,120,Super League,calendar-2026-27,2026/27,5186566,4189,Tianjin Jinmen Tiger,1477056,Yunnan Yukun,21,finished,FETCHED,COMPLETE,FULL_MATCH,4,2_PLUS
2026-08-01,2026-08-01,1,0,2026-08-01T11:00:00+00:00,DEN,Dänemark,85,1. Division,calendar-2026-27,2026/27,5764565,9940,Hillerød,8285,Esbjerg fB,2,finished,FETCHED,COMPLETE,FULL_MATCH,3,2_PLUS
2026-08-01,2026-08-01,1,0,2026-08-01T11:00:00+00:00,RUS,Russland,63,Premier League,calendar-2026-27,2026/27,5847128,1068364,Akron Togliatti,8683,Rubin,2,finished,FETCHED,COMPLETE,FULL_MATCH,0,0
2026-08-01,2026-08-01,1,0,2026-08-01T11:30:00+00:00,INT,International,489,Vereins-Freundschaftsspiele,calendar-2026-27,2026/27,5406269,8456,Man City,8636,Inter,1,finished,FETCHED,COMPLETE,FULL_MATCH,0,0
2026-08-01,2026-08-01,1,0,2026-08-01T11:35:00+00:00,CHN,China,120,Super League,calendar-2026-27,2026/27,5186567,4177,Beijing Guoan,51443,Zhejiang Professional,21,finished,FETCHED,COMPLETE,FULL_MATCH,1,1
2026-08-01,2026-08-01,1,0,2026-08-01T11:35:00+00:00,CHN,China,120,Super League,calendar-2026-27,2026/27,5186568,198616,Shanghai Port,8623,Shandong Taishan,21,finished,FETCHED,COMPLETE,FULL_MATCH,0,0
2026-08-01,2026-08-01,1,0,2026-08-01T12:00:00+00:00,FIN,Finnland,51,Veikkausliiga,calendar-2026-27,2026/27,5147609,6633,TPS,6634,IFK Mariehamn,18,finished,FETCHED,COMPLETE,FULL_MATCH,1,1
2026-08-01,2026-08-01,1,0,2026-08-01T12:00:00+00:00,CHN,China,120,Super League,calendar-2026-27,2026/27,5186569,737052,Chengdu Rongcheng FC,1029687,Wuhan Three Towns,21,finished,FETCHED,COMPLETE,FULL_MATCH,2,2_PLUS
2026-08-01,2026-08-01,1,0,2026-08-01T12:45:00+00:00,POL,Polen,196,Ekstraklasa,calendar-2026-27,2026/27,5803928,8028,Piast Gliwice,10265,Wisła Kraków,2,finished,FETCHED,COMPLETE,FULL_MATCH,4,2_PLUS
2026-08-01,2026-08-01,1,0,2026-08-01T13:00:00+00:00,SWE,Schweden,67,Allsvenskan,calendar-2026-27,2026/27,5107553,8428,Häcken,9892,Kalmar FF,15,finished,FETCHED,COMPLETE,FULL_MATCH,0,0
2026-08-01,2026-08-01,1,0,2026-08-01T13:00:00+00:00,LVA,Lettland,226,Virsliga,calendar-2026-27,2026/27,5162037,197864,BFC Daugavpils,192962,FK Jelgava,25,finished,FETCHED,COMPLETE,FULL_MATCH,2,2_PLUS
2026-08-01,2026-08-01,1,0,2026-08-01T13:00:00+00:00,INT,International,489,Vereins-Freundschaftsspiele,calendar-2026-27,2026/27,5449683,10260,Man United,9906,Atletico Madrid,1,finished,FETCHED,COMPLETE,FULL_MATCH,2,2_PLUS
2026-08-01,2026-08-01,1,0,2026-08-01T13:00:00+00:00,INT,International,9265,ASEAN Championship,calendar-2026-27,2026/27,5844754,5788,Thailand,5823,Malaysia,3,finished,FETCHED,COMPLETE,FULL_MATCH,1,1
2026-08-01,2026-08-01,1,0,2026-08-01T13:00:00+00:00,RSA,Südafrika,537,Premier Soccer League,calendar-2026-27,2026/27,5955045,7866,Orlando Pirates,727278,Milford FC,1,finished,FETCHED,COMPLETE,FULL_MATCH,1,1
2026-08-01,2026-08-01,1,0,2026-08-01T13:00:00+00:00,RSA,Südafrika,537,Premier Soccer League,calendar-2026-27,2026/27,5955046,102097,Lamontville Golden Arrows,316438,Chippa United,1,finished,FETCHED,COMPLETE,FULL_MATCH,0,0
2026-08-01,2026-08-01,1,0,2026-08-01T13:00:00+00:00,RSA,Südafrika,537,Premier Soccer League,calendar-2026-27,2026/27,5955047,207873,Stellenbosch FC,102100,AmaZulu FC,1,finished,FETCHED,COMPLETE,FULL_MATCH,1,1
2026-08-01,2026-08-01,1,0,2026-08-01T13:15:00+00:00,RUS,Russland,63,Premier League,calendar-2026-27,2026/27,5847130,9760,CSKA,8709,Krylya Sovetov,2,finished,FETCHED,COMPLETE,FULL_MATCH,1,1
2026-08-01,2026-08-01,1,0,2026-08-01T14:00:00+00:00,NOR,Norwegen,59,Eliteserien,calendar-2026-27,2026/27,5104961,8417,Fredrikstad,8609,Sandefjord,16,finished,FETCHED,COMPLETE,FULL_MATCH,0,0
2026-08-01,2026-08-01,1,0,2026-08-01T14:00:00+00:00,ISL,Island,215,Besta deildin,calendar-2026-27,2026/27,5225694,8299,IBV Vestmannaeyjar,6291,Fram Reykjavik,17,finished,FETCHED,COMPLETE,FULL_MATCH,1,1
2026-08-01,2026-08-01,1,0,2026-08-01T14:00:00+00:00,DEN,Dänemark,85,1. Division,calendar-2026-27,2026/27,5764566,6308,Kolding IF,10240,Hvidovre,2,finished,FETCHED,COMPLETE,FULL_MATCH,0,0
2026-08-01,2026-08-01,1,0,2026-08-01T14:00:00+00:00,SCO,Schottland,64,Premiership,calendar-2026-27,2026/27,5793899,8596,Falkirk,9800,St. Mirren,1,finished,FETCHED,COMPLETE,FULL_MATCH,1,1
2026-08-01,2026-08-01,1,0,2026-08-01T14:00:00+00:00,ENG,England,12889,EFL Cup Qualifikation,calendar-2026-27,2026/27,5820079,8313,Tranmere,8493,Rochdale,final,finished,FETCHED,COMPLETE,FULL_MATCH,2,2_PLUS
2026-08-01,2026-08-01,1,0,2026-08-01T14:00:00+00:00,INT,International,489,Vereins-Freundschaftsspiele,calendar-2026-27,2026/27,5874658,8344,Cardiff,8686,Roma,1,finished,FETCHED,COMPLETE,FULL_MATCH,2,2_PLUS
2026-08-01,2026-08-01,1,0,2026-08-01T15:00:00+00:00,FIN,Finnland,51,Veikkausliiga,calendar-2026-27,2026/27,5147612,8424,FC Lahti,8473,FF Jaro,18,finished,FETCHED,COMPLETE,FULL_MATCH,1,1
2026-08-01,2026-08-01,1,0,2026-08-01T15:00:00+00:00,CZE,Tschechien,122,1. Liga,calendar-2026-27,2026/27,5831119,10245,Slovan Liberec,4721,Teplice,2,finished,FETCHED,COMPLETE,FULL_MATCH,1,1
2026-08-01,2026-08-01,1,0,2026-08-01T15:00:00+00:00,CZE,Tschechien,122,1. Liga,calendar-2026-27,2026/27,5831120,6362,Banik Ostrava,7787,Slavia Prague,2,finished,FETCHED,COMPLETE,FULL_MATCH,1,1
2026-08-01,2026-08-01,1,0,2026-08-01T15:00:00+00:00,AUT,Österreich,38,Bundesliga,calendar-2026-27,2026/27,5845952,1583,WSG Tirol,10014,Sturm Graz,1,finished,FETCHED,COMPLETE,FULL_MATCH,0,0
2026-08-01,2026-08-01,1,0,2026-08-01T15:00:00+00:00,CZE,Tschechien,122,1. Liga,calendar-2026-27,2026/27,5943686,2021,Slovacko,106189,Artis Brno,2,finished,FETCHED,COMPLETE,FULL_MATCH,2,2_PLUS
2026-08-01,2026-08-01,1,0,2026-08-01T15:30:00+00:00,POL,Polen,196,Ekstraklasa,calendar-2026-27,2026/27,5803930,1286895,Wieczysta Kraków,2182,Lech Poznań,2,finished,FETCHED,COMPLETE,FULL_MATCH,1,1
2026-08-01,2026-08-01,1,0,2026-08-01T15:30:00+00:00,RUS,Russland,63,Premier League,calendar-2026-27,2026/27,5847131,1068353,Dynamo Makhachkala,8710,Lokomotiv,2,finished,FETCHED,COMPLETE,FULL_MATCH,2,2_PLUS
2026-08-01,2026-08-01,1,0,2026-08-01T15:30:00+00:00,ROU,Rumänien,189,Liga I,calendar-2026-27,2026/27,5853452,405332,FC Voluntari,584663,UTA Arad,3,finished,FETCHED,COMPLETE,FULL_MATCH,1,1
2026-08-01,2026-08-01,1,0,2026-08-01T15:30:00+00:00,RSA,Südafrika,537,Premier Soccer League,calendar-2026-27,2026/27,5955049,612014,Sekhukhune United,149599,Durban City,1,finished,FETCHED,COMPLETE,FULL_MATCH,0,0
2026-08-01,2026-08-01,1,0,2026-08-01T16:00:00+00:00,NOR,Norwegen,59,Eliteserien,calendar-2026-27,2026/27,5104963,9919,Start,8478,Viking,16,finished,FETCHED,COMPLETE,FULL_MATCH,0,0
2026-08-01,2026-08-01,1,0,2026-08-01T16:00:00+00:00,FIN,Finnland,51,Veikkausliiga,calendar-2026-27,2026/27,5147613,2361,IF Gnistan,1693,KuPS,18,finished,FETCHED,COMPLETE,FULL_MATCH,0,0
2026-08-01,2026-08-01,1,0,2026-08-01T16:00:00+00:00,DEN,Dänemark,46,Superligaen,calendar-2026-27,2026/27,5739469,9907,Lyngby,8071,AGF,2,finished,FETCHED,COMPLETE,FULL_MATCH,3,2_PLUS
2026-08-01,2026-08-01,1,0,2026-08-01T16:00:00+00:00,SVK,Slowakei,176,1. liga,calendar-2026-27,2026/27,5772144,6019,Slovan Bratislava,2437,Zeleziarne Podbrezova,2,finished,FETCHED,COMPLETE,FULL_MATCH,2,2_PLUS
2026-08-01,2026-08-01,1,0,2026-08-01T16:00:00+00:00,SVK,Slowakei,176,1. liga,calendar-2026-27,2026/27,5772146,555292,Skalica,10186,Ruzomberok,2,finished,FETCHED,COMPLETE,FULL_MATCH,0,0
2026-08-01,2026-08-01,1,0,2026-08-01T16:00:00+00:00,SUI,Schweiz,69,Super League,calendar-2026-27,2026/27,5804226,9931,Basel,7730,Lausanne,2,finished,FETCHED,COMPLETE,FULL_MATCH,1,1
2026-08-01,2026-08-01,1,0,2026-08-01T16:00:00+00:00,SUI,Schweiz,69,Super League,calendar-2026-27,2026/27,5804227,10243,FC Zürich,9777,Servette,2,finished,FETCHED,COMPLETE,FULL_MATCH,2,2_PLUS
2026-08-01,2026-08-01,1,0,2026-08-01T16:00:00+00:00,SUI,Schweiz,163,Challenge League,calendar-2026-27,2026/27,5804561,9930,Aarau,289334,FC Stade Lausanne-Ouchy,2,finished,FETCHED,COMPLETE,FULL_MATCH,1,1
2026-08-01,2026-08-01,1,0,2026-08-01T16:00:00+00:00,INT,International,489,Vereins-Freundschaftsspiele,calendar-2026-27,2026/27,5909892,8633,Real Madrid,8535,Fiorentina,1,finished,FETCHED,COMPLETE,FULL_MATCH,1,1
2026-08-01,2026-08-01,1,0,2026-08-01T16:30:00+00:00,CHI,Chile,273,Liga de Primera,calendar-2026-27,2026/27,1000013181,4055,Cobresal,192435,Union La Calera,17,finished,FETCHED,COMPLETE,FULL_MATCH,3,2_PLUS
2026-08-01,2026-08-01,1,0,2026-08-01T16:30:00+00:00,CRO,Kroatien,252,HNL,calendar-2026-27,2026/27,5765893,6038,NK Istra 1961,175388,NK Lokomotiva,1,finished,FETCHED,COMPLETE,FULL_MATCH,2,2_PLUS
2026-08-01,2026-08-01,1,0,2026-08-01T16:30:00+00:00,SCO,Schottland,64,Premiership,calendar-2026-27,2026/27,5793900,8485,Aberdeen,9860,Hearts,1,finished,FETCHED,COMPLETE,FULL_MATCH,2,2_PLUS
2026-08-01,2026-08-01,1,0,2026-08-01T17:00:00+00:00,INT,International,10371,Women's Africa Cup of Nations,calendar-2026-27,2026/27,1000005784,1353680,Egypt,1302798,Malawi,2,finished,FETCHED,COMPLETE,FULL_MATCH,2,2_PLUS
2026-08-01,2026-08-01,1,0,2026-08-01T17:30:00+00:00,AUT,Österreich,38,Bundesliga,calendar-2026-27,2026/27,5845953,10013,Salzburg,10056,Hartberg,1,finished,FETCHED,COMPLETE,FULL_MATCH,1,1
2026-08-01,2026-08-01,1,0,2026-08-01T17:45:00+00:00,RUS,Russland,63,Premier League,calendar-2026-27,2026/27,5847129,49694,Baltika,9763,Dinamo,2,finished,FETCHED,COMPLETE,FULL_MATCH,3,2_PLUS
2026-08-01,2026-08-01,1,0,2026-08-01T18:00:00+00:00,SRB,Serbien,182,Super Liga,calendar-2026-27,2026/27,1000015085,187854,Novi Pazar,8692,OFK Beograd,3,finished,FETCHED,COMPLETE,FULL_MATCH,2,2_PLUS
2026-08-01,2026-08-01,1,0,2026-08-01T18:00:00+00:00,CZE,Tschechien,122,1. Liga,calendar-2026-27,2026/27,5831121,6033,Viktoria Plzen,1673,FC Zbrojovka Brno,2,finished,FETCHED,COMPLETE,FULL_MATCH,1,1
2026-08-01,2026-08-01,1,0,2026-08-01T18:00:00+00:00,PER,Peru,131,Liga 1,calendar-2026-27,2026/27,5851067,1696744,FC Cajamarca,165148,Sport Huancayo,Clausura - Round 3,finished,FETCHED,COMPLETE,FULL_MATCH,0,0
2026-08-01,2026-08-01,1,0,2026-08-01T18:00:00+00:00,INT,International,489,Vereins-Freundschaftsspiele,calendar-2026-27,2026/27,5874664,7732,Girona,9825,Arsenal,1,finished,FETCHED,COMPLETE,FULL_MATCH,3,2_PLUS
2026-08-01,2026-08-01,1,0,2026-08-01T18:15:00+00:00,RSA,Südafrika,537,Premier Soccer League,calendar-2026-27,2026/27,5955050,1704814,Kruger United,6279,Kaizer Chiefs,1,finished,FETCHED,COMPLETE,FULL_MATCH,2,2_PLUS
2026-08-01,2026-08-01,1,0,2026-08-01T18:30:00+00:00,SRB,Serbien,182,Super Liga,calendar-2026-27,2026/27,1000015087,6374,Cukaricki,1675,FK Radnicki 1923,3,finished,FETCHED,COMPLETE,FULL_MATCH,0,0
2026-08-01,2026-08-01,1,0,2026-08-01T18:30:00+00:00,ARG,Argentinien,112,Liga Profesional,calendar-2026-27,2026/27,5115908,213591,Estudiantes de Rio Cuarto,10087,Banfield,3,finished,FETCHED,COMPLETE,FULL_MATCH,0,0
2026-08-01,2026-08-01,1,0,2026-08-01T18:30:00+00:00,ARG,Argentinien,112,Liga Profesional,calendar-2026-27,2026/27,5115909,568727,Gimnasia Mendoza,10096,Union,3,finished,FETCHED,COMPLETE,FULL_MATCH,1,1
2026-08-01,2026-08-01,1,0,2026-08-01T18:30:00+00:00,SVK,Slowakei,176,1. liga,calendar-2026-27,2026/27,5772145,969268,FC Kosice,6496,Trencin,2,finished,FETCHED,COMPLETE,FULL_MATCH,4,2_PLUS
2026-08-01,2026-08-01,1,0,2026-08-01T18:30:00+00:00,SUI,Schweiz,69,Super League,calendar-2026-27,2026/27,5804228,10191,Thun,10192,Young Boys,2,finished,FETCHED,COMPLETE,FULL_MATCH,3,2_PLUS
2026-08-01,2026-08-01,1,0,2026-08-01T18:30:00+00:00,ROU,Rumänien,189,Liga I,calendar-2026-27,2026/27,5853455,480286,Universitatea Craiova,188187,Petrolul Ploiesti,3,finished,FETCHED,COMPLETE,FULL_MATCH,2,2_PLUS
2026-08-01,2026-08-01,1,0,2026-08-01T18:30:00+00:00,INT,International,489,Vereins-Freundschaftsspiele,calendar-2026-27,2026/27,5959430,8197,Leicester,10233,Genoa,1,finished,FETCHED,COMPLETE,FULL_MATCH,1,1
2026-08-01,2026-08-01,1,0,2026-08-01T19:00:00+00:00,ECU,Ecuador,246,Serie A,calendar-2026-27,2026/27,1000009053,162922,Manta,304929,Mushuc Runa,23,finished,FETCHED,COMPLETE,FULL_MATCH,0,0
2026-08-01,2026-08-01,1,0,2026-08-01T19:00:00+00:00,BOL,Bolivien,144,Primera Division,calendar-2026-27,2026/27,1000011170,1504766,CDT Real Oruro,958325,Independiente Petrolero,12,finished,FETCHED,COMPLETE,FULL_MATCH,3,2_PLUS
2026-08-01,2026-08-01,1,0,2026-08-01T19:00:00+00:00,CHI,Chile,273,Liga de Primera,calendar-2026-27,2026/27,1000013183,1890,Everton CD,7815,Colo Colo,17,finished,FETCHED,COMPLETE,FULL_MATCH,3,2_PLUS
2026-08-01,2026-08-01,1,0,2026-08-01T19:00:00+00:00,COL,Kolumbien,274,Primera A,calendar-2026-27,2026/27,1000014065,4405,Deportivo Pasto,193025,Aguilas Doradas,Clausura - Round 2,finished,FETCHED,COMPLETE,FULL_MATCH,1,1
2026-08-01,2026-08-01,1,0,2026-08-01T19:00:00+00:00,PAR,Paraguay,199,Division Profesional,calendar-2026-27,2026/27,1000017368,1242560,Sportivo Ameliano,49688,2 de Mayo,Clausura - Round 3,finished,FETCHED,COMPLETE,FULL_MATCH,1,1
2026-08-01,2026-08-01,1,0,2026-08-01T19:00:00+00:00,CRO,Kroatien,252,HNL,calendar-2026-27,2026/27,5765892,206560,HNK Gorica,10157,Osijek,1,finished,FETCHED,COMPLETE,FULL_MATCH,0,0
2026-08-01,2026-08-01,1,0,2026-08-01T19:15:00+00:00,POR,Portugal,188,Super Cup,calendar-2026-27,2026/27,5886251,9773,FC Porto,212820,Torreense,final,finished,FETCHED,COMPLETE,FULL_MATCH,0,0
2026-08-01,2026-08-01,1,0,2026-08-01T20:00:00+00:00,INT,International,10371,Women's Africa Cup of Nations,calendar-2026-27,2026/27,1000005783,5908,Nigeria,1202714,Zambia,2,finished,FETCHED,COMPLETE,FULL_MATCH,0,0
2026-08-01,2026-08-01,1,0,2026-08-01T20:00:00+00:00,CAN,Kanada,10872,Northern Super League,calendar-2026-27,2026/27,1000009198,1739712,Calgary Wild FC,1739721,AFC Toronto,Regular Season,finished,FETCHED,COMPLETE,FULL_MATCH,2,2_PLUS
2026-08-01,2026-08-01,1,0,2026-08-01T20:00:00+00:00,INT,International,9656,CONCACAF Championship U20,calendar-2026-27,2026/27,1000011116,5869,Canada U20,608073,Jamaica U20,3,finished,FETCHED,COMPLETE,FULL_MATCH,3,2_PLUS
2026-08-01,2026-08-01,1,0,2026-08-01T20:00:00+00:00,USA,USA,9134,NWSL,calendar-2026-27,2026/27,5161582,1237244,Racing Louisville (W),189393,Chicago Stars (W),0,finished,FETCHED,COMPLETE,FULL_MATCH,3,2_PLUS
2026-08-01,2026-08-01,1,0,2026-08-01T20:30:00+00:00,BRA,Brasilien,9067,Copa do Brasil,calendar-2026-27,2026/27,1000012451,10276,Vasco da Gama,9863,Fluminense,8th Finals,finished,FETCHED,COMPLETE,FULL_MATCH,0,0
2026-08-01,2026-08-01,1,0,2026-08-01T20:30:00+00:00,PER,Peru,131,Liga 1,calendar-2026-27,2026/27,5851068,920789,Atletico Grau,4412,Sport Boys,Clausura - Round 3,finished,FETCHED,COMPLETE,FULL_MATCH,0,0
2026-08-01,2026-08-01,1,0,2026-08-01T21:00:00+00:00,VEN,Venezuela,339,Primera Division,calendar-2026-27,2026/27,1000018667,49685,Trujillanos FC,188213,Universidad Central,Clausura - Round 1,finished,FETCHED,COMPLETE,FULL_MATCH,1,1
2026-08-01,2026-08-01,1,0,2026-08-01T21:00:00+00:00,VEN,Venezuela,339,Primera Division,calendar-2026-27,2026/27,1000018668,49683,Monagas SC,176496,Deportivo La Guaira,Clausura - Round 1,finished,FETCHED,COMPLETE,FULL_MATCH,2,2_PLUS
2026-08-01,2026-08-01,1,0,2026-08-01T21:00:00+00:00,ARG,Argentinien,112,Liga Profesional,calendar-2026-27,2026/27,5115904,10092,Belgrano,10086,Argentinos Juniors,3,finished,FETCHED,COMPLETE,FULL_MATCH,0,0
2026-08-01,2026-08-01,1,0,2026-08-01T21:00:00+00:00,ARG,Argentinien,112,Liga Profesional,calendar-2026-27,2026/27,5115907,10094,Estudiantes,161730,Defensa y Justicia,3,finished,FETCHED,COMPLETE,FULL_MATCH,0,0
2026-08-01,2026-08-01,1,0,2026-08-01T21:05:00+00:00,COL,Kolumbien,274,Primera A,calendar-2026-27,2026/27,1000014059,193029,Alianza FC,1894,Tolima,Clausura - Round 2,finished,FETCHED,COMPLETE,FULL_MATCH,1,1
2026-08-01,2026-08-01,1,0,2026-08-01T21:15:00+00:00,BOL,Bolivien,144,Primera Division,calendar-2026-27,2026/27,1000011166,1297060,San Antonio Bulo Bulo,49678,Blooming,12,finished,FETCHED,COMPLETE,FULL_MATCH,1,1
2026-08-01,2026-08-01,1,0,2026-08-01T21:30:00+00:00,ECU,Ecuador,246,Serie A,calendar-2026-27,2026/27,1000009052,113053,Universidad Catolica,113054,Tecnico Universitario,23,finished,FETCHED,COMPLETE,FULL_MATCH,2,2_PLUS
2026-08-01,2026-08-01,1,0,2026-08-01T21:30:00+00:00,CHI,Chile,273,Liga de Primera,calendar-2026-27,2026/27,1000013185,6455,Palestino,4062,Coquimbo Unido,17,finished,FETCHED,COMPLETE,FULL_MATCH,1,1
2026-08-01,2026-08-01,1,0,2026-08-01T21:30:00+00:00,PAR,Paraguay,199,Division Profesional,calendar-2026-27,2026/27,1000017363,6295,Cerro Porteno,49687,Luqueno,Clausura - Round 3,finished,FETCHED,COMPLETE,FULL_MATCH,1,1
2026-08-01,"2026-08-01,2026-08-02",2,1,2026-08-01T22:00:00+00:00,CAN,Kanada,9986,Premier League,calendar-2026-27,2026/27,1000008682,1436202,Vancouver FC,1135780,Atlético Ottawa,15,finished,FETCHED,COMPLETE,FULL_MATCH,1,1
2026-08-01,"2026-08-01,2026-08-02",2,1,2026-08-01T22:30:00+00:00,BRA,Brasilien,9067,Copa do Brasil,calendar-2026-27,2026/27,1000012455,10272,Atletico MG,10274,Juventude,8th Finals,finished,FETCHED,COMPLETE,FULL_MATCH,0,0
2026-08-01,"2026-08-01,2026-08-02",2,1,2026-08-01T22:30:00+00:00,USA,USA,9134,NWSL,calendar-2026-27,2026/27,5161583,1237561,Kansas City Current (W),1335914,Angel City FC (W),0,finished,FETCHED,COMPLETE,FULL_MATCH,0,0
2026-08-01,"2026-08-01,2026-08-02",2,1,2026-08-01T23:00:00+00:00,USA,USA,10282,MLS Next Pro,calendar-2026-27,2026/27,1000007684,1348108,New York City FC II,722264,Philadelphia Union II,23,finished,FETCHED,COMPLETE,FULL_MATCH,2,2_PLUS
2026-08-01,"2026-08-01,2026-08-02",2,1,2026-08-01T23:00:00+00:00,USA,USA,10282,MLS Next Pro,calendar-2026-27,2026/27,1000008069,1880719,Connecticut United,722266,Orlando City B,23,finished,FETCHED,COMPLETE,FULL_MATCH,3,2_PLUS
2026-08-01,"2026-08-01,2026-08-02",2,1,2026-08-01T23:00:00+00:00,MEX,Mexiko,230,Liga MX,calendar-2026-27,2026/27,1000014520,1943,Querétaro,8561,Tigres,3,finished,FETCHED,COMPLETE,FULL_MATCH,2,2_PLUS
2026-08-01,"2026-08-01,2026-08-02",2,1,2026-08-01T23:00:00+00:00,USA,USA,9296,USL League One,calendar-2026-27,2026/27,5109480,614315,Charlotte Independence,1358088,One Knoxville SC,22,finished,FETCHED,COMPLETE,FULL_MATCH,3,2_PLUS
2026-08-01,"2026-08-01,2026-08-02",2,1,2026-08-01T23:00:00+00:00,USA,USA,9296,USL League One,calendar-2026-27,2026/27,5109483,1004920,Greenville Triumph SC,1701883,Portland Hearts of Pine,22,finished,FETCHED,COMPLETE,FULL_MATCH,2,2_PLUS
2026-08-01,"2026-08-01,2026-08-02",2,1,2026-08-01T23:00:00+00:00,USA,USA,9296,USL League One,calendar-2026-27,2026/27,5109484,267811,Richmond Kickers,1701876,AV Alta,22,finished,FETCHED,COMPLETE,FULL_MATCH,4,2_PLUS
2026-08-01,"2026-08-01,2026-08-02",2,1,2026-08-01T23:00:00+00:00,USA,USA,8972,USL Championship,calendar-2026-27,2026/27,5109861,1430405,Lexington SC,915808,Monterey Bay FC,1,finished,FETCHED,COMPLETE,FULL_MATCH,1,1
2026-08-01,"2026-08-01,2026-08-02",2,1,2026-08-01T23:00:00+00:00,USA,USA,8972,USL Championship,calendar-2026-27,2026/27,5109862,1003205,Loudoun United FC,1003206,Hartford Athletic,1,finished,FETCHED,COMPLETE,FULL_MATCH,1,1
2026-08-01,"2026-08-01,2026-08-02",2,1,2026-08-01T23:00:00+00:00,PER,Peru,131,Liga 1,calendar-2026-27,2026/27,5851066,305171,Cusco FC,425692,CD UT Cajamarca,Clausura - Round 3,finished,FETCHED,COMPLETE,FULL_MATCH,4,2_PLUS
2026-08-01,"2026-08-01,2026-08-02",2,1,2026-08-01T23:10:00+00:00,COL,Kolumbien,274,Primera A,calendar-2026-27,2026/27,1000014058,2528,Independiente Medellin,6387,Deportivo Cali,Clausura - Round 2,finished,FETCHED,COMPLETE,FULL_MATCH,1,1
2026-08-01,"2026-08-01,2026-08-02",2,1,2026-08-01T23:30:00+00:00,USA,USA,130,MLS,calendar-2026-27,2026/27,5071248,6602,DC United,915807,Nashville SC,18,finished,FETCHED,COMPLETE,FULL_MATCH,2,2_PLUS
2026-08-01,"2026-08-01,2026-08-02",2,1,2026-08-01T23:30:00+00:00,USA,USA,130,MLS,calendar-2026-27,2026/27,5071250,161195,Montreal,6580,New England,18,finished,FETCHED,COMPLETE,FULL_MATCH,2,2_PLUS
2026-08-01,"2026-08-01,2026-08-02",2,1,2026-08-01T23:30:00+00:00,USA,USA,130,MLS,calendar-2026-27,2026/27,5071251,6514,NY Red Bulls,267810,Orlando,18,finished,FETCHED,COMPLETE,FULL_MATCH,3,2_PLUS
2026-08-01,"2026-08-01,2026-08-02",2,1,2026-08-01T23:30:00+00:00,USA,USA,130,MLS,calendar-2026-27,2026/27,5071252,191716,Philadelphia,773958,Atlanta United,18,finished,FETCHED,COMPLETE,FULL_MATCH,4,2_PLUS
2026-08-01,"2026-08-01,2026-08-02",2,1,2026-08-01T23:30:00+00:00,USA,USA,130,MLS,calendar-2026-27,2026/27,5071253,307691,Vancouver,867280,LAFC,18,finished,FETCHED,COMPLETE,FULL_MATCH,1,1
2026-08-01,"2026-08-01,2026-08-02",2,1,2026-08-01T23:30:00+00:00,USA,USA,9296,USL League One,calendar-2026-27,2026/27,5109486,1358072,Fort Wayne,1121685,Union Omaha,22,finished,FETCHED,COMPLETE,FULL_MATCH,2,2_PLUS
2026-08-01,"2026-08-01,2026-08-02",2,1,2026-08-01T23:30:00+00:00,USA,USA,8972,USL Championship,calendar-2026-27,2026/27,5109859,162183,Charleston Battery,1877733,Brooklyn,1,finished,FETCHED,COMPLETE,FULL_MATCH,3,2_PLUS
2026-08-01,"2026-08-01,2026-08-02",2,1,2026-08-01T23:30:00+00:00,ARG,Argentinien,112,Liga Profesional,calendar-2026-27,2026/27,5115914,10080,Racing Club,89396,Tigre,3,finished,FETCHED,COMPLETE,FULL_MATCH,2,2_PLUS
2026-08-01,"2026-08-01,2026-08-02",2,1,2026-08-02T00:00:00+00:00,ECU,Ecuador,246,Serie A,calendar-2026-27,2026/27,1000009051,1850,Emelec,6608,Aucas,23,finished,FETCHED,COMPLETE,FULL_MATCH,1,1
2026-08-01,"2026-08-01,2026-08-02",2,1,2026-08-02T00:00:00+00:00,BRA,Brasilien,9067,Copa do Brasil,calendar-2026-27,2026/27,1000012448,8514,Santos FC,1626,Remo,8th Finals,finished,FETCHED,COMPLETE,FULL_MATCH,0,0
2026-08-01,"2026-08-01,2026-08-02",2,1,2026-08-02T00:00:00+00:00,USA,USA,9296,USL League One,calendar-2026-27,2026/27,5109482,1004919,Forward Madison FC,1706430,Westchester SC,22,finished,FETCHED,COMPLETE,FULL_MATCH,1,1
2026-08-01,"2026-08-01,2026-08-02",2,1,2026-08-02T00:00:00+00:00,USA,USA,8972,USL Championship,calendar-2026-27,2026/27,5109869,197328,Tampa Bay Rowdies,614316,Louisville City FC,1,finished,FETCHED,COMPLETE,FULL_MATCH,6,2_PLUS
2026-08-01,"2026-08-01,2026-08-02",2,1,2026-08-02T00:00:00+00:00,USA,USA,9134,NWSL,calendar-2026-27,2026/27,5161584,521233,Houston Dash (W),189397,Gotham FC (W),0,finished,FETCHED,COMPLETE,FULL_MATCH,1,1
2026-08-01,"2026-08-01,2026-08-02",2,1,2026-08-02T00:10:00+00:00,USA,USA,130,MLS,calendar-2026-27,2026/27,5071249,960720,Inter Miami CF,6001,Columbus,18,finished,FETCHED,COMPLETE,FULL_MATCH,1,1
2026-08-01,"2026-08-01,2026-08-02",2,1,2026-08-02T00:28:00+00:00,USA,USA,8972,USL Championship,calendar-2026-27,2026/27,5109863,721896,Miami FC,540855,Detroit City FC,1,finished,FETCHED,COMPLETE,FULL_MATCH,3,2_PLUS
2026-08-01,"2026-08-01,2026-08-02",2,1,2026-08-02T00:30:00+00:00,USA,USA,10282,MLS Next Pro,calendar-2026-27,2026/27,1000007685,1445755,Huntsville City FC,1451868,Crown Legacy FC,23,finished,FETCHED,COMPLETE,FULL_MATCH,2,2_PLUS
2026-08-01,"2026-08-01,2026-08-02",2,1,2026-08-02T00:30:00+00:00,USA,USA,130,MLS,calendar-2026-27,2026/27,5071254,6397,Chicago,1323940,Charlotte FC,18,finished,FETCHED,COMPLETE,FULL_MATCH,1,1
2026-08-01,"2026-08-01,2026-08-02",2,1,2026-08-02T00:30:00+00:00,USA,USA,130,MLS,calendar-2026-27,2026/27,5071256,6604,Sporting KC,8259,Houston,18,finished,FETCHED,COMPLETE,FULL_MATCH,2,2_PLUS
2026-08-01,"2026-08-01,2026-08-02",2,1,2026-08-02T00:30:00+00:00,USA,USA,130,MLS,calendar-2026-27,2026/27,5071258,207242,Minnesota,1701119,San Diego FC,18,finished,FETCHED,COMPLETE,FULL_MATCH,1,1
2026-08-01,"2026-08-01,2026-08-02",2,1,2026-08-02T00:30:00+00:00,USA,USA,130,MLS,calendar-2026-27,2026/27,5071260,1427963,St. Louis City,6606,Salt Lake,18,finished,FETCHED,COMPLETE,FULL_MATCH,2,2_PLUS
2026-08-01,"2026-08-01,2026-08-02",2,1,2026-08-02T00:45:00+00:00,USA,USA,9134,NWSL,calendar-2026-27,2026/27,5161585,1607273,Bay FC (W),433031,Seattle Reign FC (W),0,finished,FETCHED,COMPLETE,FULL_MATCH,2,2_PLUS
2026-08-01,"2026-08-01,2026-08-02",2,1,2026-08-02T01:00:00+00:00,CAN,Kanada,9986,Premier League,calendar-2026-27,2026/27,1000008681,1022952,Cavalry FC,1022954,Inter Toronto FC,15,finished,FETCHED,COMPLETE,FULL_MATCH,4,2_PLUS
2026-08-01,"2026-08-01,2026-08-02",2,1,2026-08-02T01:00:00+00:00,INT,International,9656,CONCACAF Championship U20,calendar-2026-27,2026/27,1000011117,5950,Honduras U20,5862,Panama U20,3,finished,FETCHED,COMPLETE,FULL_MATCH,1,1
2026-08-01,"2026-08-01,2026-08-02",2,1,2026-08-02T01:05:00+00:00,MEX,Mexiko,230,Liga MX,calendar-2026-27,2026/27,1000014522,6577,Atlas,7849,Monterrey,3,finished,FETCHED,COMPLETE,FULL_MATCH,1,1
2026-08-01,"2026-08-01,2026-08-02",2,1,2026-08-02T01:06:00+00:00,MEX,Mexiko,230,Liga MX,calendar-2026-27,2026/27,1000014521,1841,León,7848,Pachuca,3,finished,FETCHED,COMPLETE,FULL_MATCH,0,0
2026-08-01,"2026-08-01,2026-08-02",2,1,2026-08-02T01:15:00+00:00,COL,Kolumbien,274,Primera A,calendar-2026-27,2026/27,1000014064,2254,Junior FC,4403,Millonarios,Clausura - Round 2,finished,FETCHED,COMPLETE,FULL_MATCH,1,1
2026-08-01,"2026-08-01,2026-08-02",2,1,2026-08-02T01:30:00+00:00,USA,USA,130,MLS,calendar-2026-27,2026/27,5071255,8314,Colorado,1218886,Austin FC,18,finished,FETCHED,COMPLETE,FULL_MATCH,1,1
2026-08-01,"2026-08-01,2026-08-02",2,1,2026-08-02T01:30:00+00:00,USA,USA,9296,USL League One,calendar-2026-27,2026/27,5109488,1877675,Boise,1128317,Corpus Christi,22,finished,FETCHED,COMPLETE,FULL_MATCH,0,0
2026-08-01,"2026-08-01,2026-08-02",2,1,2026-08-02T01:30:00+00:00,USA,USA,8972,USL Championship,calendar-2026-27,2026/27,5109864,1003208,New Mexico United,614321,Colorado Springs Switchbacks FC,1,finished,FETCHED,COMPLETE,FULL_MATCH,1,1
2026-08-01,"2026-08-01,2026-08-02",2,1,2026-08-02T01:30:00+00:00,PER,Peru,131,Liga 1,calendar-2026-27,2026/27,5851064,6398,Alianza Lima,4410,Alianza Atletico,Clausura - Round 3,finished,FETCHED,COMPLETE,FULL_MATCH,2,2_PLUS
2026-08-01,"2026-08-01,2026-08-02",2,1,2026-08-02T01:46:00+00:00,USA,USA,130,MLS,calendar-2026-27,2026/27,5071247,722265,Cincinnati,6603,San Jose,18,finished,FETCHED,COMPLETE,FULL_MATCH,4,2_PLUS
2026-08-01,"2026-08-01,2026-08-02",2,1,2026-08-02T02:00:00+00:00,USA,USA,10282,MLS Next Pro,calendar-2026-27,2026/27,1000007686,614327,Tacoma Defiance,614326,Vancouver Whitecaps 2,23,finished,FETCHED,COMPLETE,FULL_MATCH,3,2_PLUS
2026-08-01,"2026-08-01,2026-08-02",2,1,2026-08-02T02:00:00+00:00,USA,USA,8972,USL Championship,calendar-2026-27,2026/27,5109865,1130413,Oakland Roots SC,267816,Pittsburgh Riverhounds SC,1,finished,FETCHED,COMPLETE,FULL_MATCH,0,0
2026-08-01,"2026-08-01,2026-08-02",2,1,2026-08-02T02:00:00+00:00,USA,USA,8972,USL Championship,calendar-2026-27,2026/27,5109866,267813,Orange County SC,1003209,El Paso Locomotive FC,1,finished,FETCHED,COMPLETE,FULL_MATCH,1,1
2026-08-01,"2026-08-01,2026-08-02",2,1,2026-08-02T02:30:00+00:00,USA,USA,130,MLS,calendar-2026-27,2026/27,5071257,6637,LA Galaxy,6399,Dallas,18,finished,FETCHED,COMPLETE,FULL_MATCH,0,0
2026-08-01,"2026-08-01,2026-08-02",2,1,2026-08-02T02:30:00+00:00,USA,USA,8972,USL Championship,calendar-2026-27,2026/27,5109860,915809,Las Vegas Lights FC,424268,Phoenix Rising FC,1,finished,FETCHED,COMPLETE,FULL_MATCH,0,0
2026-08-01,"2026-08-01,2026-08-02",2,1,2026-08-02T02:45:00+00:00,USA,USA,130,MLS,calendar-2026-27,2026/27,5071259,307690,Portland,130394,Seattle Sounders,18,finished,FETCHED,COMPLETE,FULL_MATCH,1,1
2026-08-01,"2026-08-01,2026-08-02",2,1,2026-08-02T03:00:00+00:00,MEX,Mexiko,230,Liga MX,calendar-2026-27,2026/27,1000014523,6578,Cruz Azul,1942,Atlante,3,finished,FETCHED,COMPLETE,FULL_MATCH,4,2_PLUS
2026-08-01,"2026-08-01,2026-08-02",2,1,2026-08-02T03:00:00+00:00,USA,USA,8972,USL Championship,calendar-2026-27,2026/27,5109867,521004,Sacramento Republic FC,1737991,Sporting JAX,1,finished,FETCHED,COMPLETE,FULL_MATCH,1,1
2026-08-02,2026-08-02,1,0,2026-08-02T10:00:00+00:00,CHN,China,120,Super League,calendar-2026-27,2026/27,5186571,1283248,Qingdao West Coast,4183,Qingdao Hainiu,21,finished,FETCHED,COMPLETE,FULL_MATCH,1,1
2026-08-02,2026-08-02,1,0,2026-08-02T10:30:00+00:00,KOR,Südkorea,9080,K League 1,calendar-2026-27,2026/27,5139985,133900,Daejeon Hana Citizen,245905,Gwangju FC,21,finished,FETCHED,COMPLETE,FULL_MATCH,2,2_PLUS
2026-08-02,2026-08-02,1,0,2026-08-02T10:30:00+00:00,KOR,Südkorea,9080,K League 1,calendar-2026-27,2026/27,5139986,133898,Jeju SK,133895,Incheon United,21,finished,FETCHED,COMPLETE,FULL_MATCH,2,2_PLUS
2026-08-02,2026-08-02,1,0,2026-08-02T10:30:00+00:00,KOR,Südkorea,9080,K League 1,calendar-2026-27,2026/27,5139987,133896,Ulsan HD FC,429440,FC Anyang,21,finished,FETCHED,COMPLETE,FULL_MATCH,4,2_PLUS
2026-08-02,2026-08-02,1,0,2026-08-02T10:30:00+00:00,KOR,Südkorea,9116,K League 2,calendar-2026-27,2026/27,5155860,821875,Ansan Greeners,187953,Gimhae FC 2008,20,finished,FETCHED,COMPLETE,FULL_MATCH,1,1
2026-08-02,2026-08-02,1,0,2026-08-02T10:30:00+00:00,KOR,Südkorea,9116,K League 2,calendar-2026-27,2026/27,5155861,6092,Busan I'Park,616212,Seoul E-Land FC,20,finished,FETCHED,COMPLETE,FULL_MATCH,3,2_PLUS
2026-08-02,2026-08-02,1,0,2026-08-02T10:30:00+00:00,KOR,Südkorea,9116,K League 2,calendar-2026-27,2026/27,5155862,833649,Gimpo FC,133899,Gyeongnam FC,20,finished,FETCHED,COMPLETE,FULL_MATCH,0,0
2026-08-02,2026-08-02,1,0,2026-08-02T10:30:00+00:00,KOR,Südkorea,9116,K League 2,calendar-2026-27,2026/27,5155863,109377,Jeonnam Dragons,739803,Paju Frontier,20,finished,FETCHED,COMPLETE,FULL_MATCH,3,2_PLUS
2026-08-02,2026-08-02,1,0,2026-08-02T11:35:00+00:00,CHN,China,120,Super League,calendar-2026-27,2026/27,5186572,737054,Liaoning Tieren,6628,Shanghai Shenhua,21,finished,FETCHED,COMPLETE,FULL_MATCH,2,2_PLUS
2026-08-02,2026-08-02,1,0,2026-08-02T12:00:00+00:00,SCO,Schottland,11019,SWPL Cup,calendar-2026-27,2026/27,1000014478,1716180,Aberdeen,1798971,St. Johnstone,2,finished,FETCHED,COMPLETE,FULL_MATCH,5,2_PLUS
2026-08-02,2026-08-02,1,0,2026-08-02T12:00:00+00:00,SCO,Schottland,11019,SWPL Cup,calendar-2026-27,2026/27,1000014482,1716183,Montrose,1822286,Falkirk,2,finished,FETCHED,COMPLETE,FULL_MATCH,4,2_PLUS
2026-08-02,2026-08-02,1,0,2026-08-02T12:00:00+00:00,SCO,Schottland,11019,SWPL Cup,calendar-2026-27,2026/27,1000014484,1716184,Spartans FC,1798967,Boroughmuir Thistle,2,finished,FETCHED,COMPLETE,FULL_MATCH,0,0
2026-08-02,2026-08-02,1,0,2026-08-02T12:00:00+00:00,SWE,Schweden,67,Allsvenskan,calendar-2026-27,2026/27,5107551,9893,IFK Göteborg,6544,Degerfors,15,finished,FETCHED,COMPLETE,FULL_MATCH,1,1
2026-08-02,2026-08-02,1,0,2026-08-02T12:00:00+00:00,SWE,Schweden,67,Allsvenskan,calendar-2026-27,2026/27,5107555,8501,Brommapojkarna,10237,Malmö FF,15,finished,FETCHED,COMPLETE,FULL_MATCH,3,2_PLUS
2026-08-02,2026-08-02,1,0,2026-08-02T12:00:00+00:00,FIN,Finnland,51,Veikkausliiga,calendar-2026-27,2026/27,5147610,6597,VPS,6550,FC Inter Turku,18,finished,FETCHED,COMPLETE,FULL_MATCH,0,0
2026-08-02,2026-08-02,1,0,2026-08-02T12:00:00+00:00,CHN,China,120,Super League,calendar-2026-27,2026/27,5186570,930027,Shenzhen Peng City,1477050,Chongqing Tongliang Long,21,finished,FETCHED,COMPLETE,FULL_MATCH,2,2_PLUS
2026-08-02,2026-08-02,1,0,2026-08-02T12:00:00+00:00,DEN,Dänemark,46,Superligaen,calendar-2026-27,2026/27,5739470,8113,FC Midtjylland,9814,AC Horsens,2,finished,FETCHED,COMPLETE,FULL_MATCH,1,1
2026-08-02,2026-08-02,1,0,2026-08-02T12:00:00+00:00,DEN,Dänemark,46,Superligaen,calendar-2026-27,2026/27,5739471,10202,Nordsjælland,8410,Randers FC,2,finished,FETCHED,COMPLETE,FULL_MATCH,1,1
2026-08-02,2026-08-02,1,0,2026-08-02T12:00:00+00:00,DEN,Dänemark,85,1. Division,calendar-2026-27,2026/27,5764567,8615,Vendsyssel FF,9950,Hobro,2,finished,FETCHED,COMPLETE,FULL_MATCH,0,0
2026-08-02,2026-08-02,1,0,2026-08-02T12:00:00+00:00,SUI,Schweiz,69,Super League,calendar-2026-27,2026/27,5804229,9824,FC Vaduz,10190,St. Gallen,2,finished,FETCHED,COMPLETE,FULL_MATCH,3,2_PLUS
2026-08-02,2026-08-02,1,0,2026-08-02T12:30:00+00:00,INT,International,489,Vereins-Freundschaftsspiele,calendar-2026-27,2026/27,5900436,6601,FC Volendam,8593,Ajax,1,finished,FETCHED,COMPLETE,FULL_MATCH,2,2_PLUS
2026-08-02,2026-08-02,1,0,2026-08-02T12:45:00+00:00,POL,Polen,196,Ekstraklasa,calendar-2026-27,2026/27,5803926,8673,Legia Warszawa,8021,Zagłębie Lubin,2,finished,FETCHED,COMPLETE,FULL_MATCH,2,2_PLUS
2026-08-02,2026-08-02,1,0,2026-08-02T13:00:00+00:00,SCO,Schottland,11019,SWPL Cup,calendar-2026-27,2026/27,1000014479,1798966,Gartcairn,1716181,Queen's Park,2,finished,FETCHED,COMPLETE,FULL_MATCH,3,2_PLUS
2026-08-02,2026-08-02,1,0,2026-08-02T13:00:00+00:00,LVA,Lettland,226,Virsliga,calendar-2026-27,2026/27,5162083,197870,FK Tukums 2000,8016,FK Liepaja,25,finished,FETCHED,COMPLETE,FULL_MATCH,1,1
2026-08-02,2026-08-02,1,0,2026-08-02T13:00:00+00:00,SCO,Schottland,64,Premiership,calendar-2026-27,2026/27,5793901,8467,St. Johnstone,8597,Kilmarnock,1,finished,FETCHED,COMPLETE,FULL_MATCH,5,2_PLUS
2026-08-02,2026-08-02,1,0,2026-08-02T13:00:00+00:00,CZE,Tschechien,122,1. Liga,calendar-2026-27,2026/27,5831122,6461,Sigma Olomouc,10180,Mlada Boleslav,2,finished,FETCHED,COMPLETE,FULL_MATCH,2,2_PLUS
2026-08-02,2026-08-02,1,0,2026-08-02T13:00:00+00:00,RUS,Russland,63,Premier League,calendar-2026-27,2026/27,5847133,132286,Orenburg,8698,Zenit,2,finished,FETCHED,COMPLETE,FULL_MATCH,2,2_PLUS
2026-08-02,2026-08-02,1,0,2026-08-02T13:00:00+00:00,INT,International,489,Vereins-Freundschaftsspiele,calendar-2026-27,2026/27,5874667,10235,Feyenoord,8524,Atalanta,1,finished,FETCHED,COMPLETE,FULL_MATCH,1,1
2026-08-02,2026-08-02,1,0,2026-08-02T13:00:00+00:00,RSA,Südafrika,537,Premier Soccer League,calendar-2026-27,2026/27,5955051,866690,Richards Bay,149600,Polokwane City,1,finished,FETCHED,COMPLETE,FULL_MATCH,2,2_PLUS
2026-08-02,2026-08-02,1,0,2026-08-02T14:00:00+00:00,SCO,Schottland,11019,SWPL Cup,calendar-2026-27,2026/27,1000014483,1822279,Renfrew Ladies FC,1798937,Hamilton Academical,2,finished,FETCHED,COMPLETE,FULL_MATCH,5,2_PLUS
2026-08-02,2026-08-02,1,0,2026-08-02T14:00:00+00:00,IRL,Irland,126,Premier Liga,calendar-2026-27,2026/27,5100941,6042,Waterford FC,5751,Shelbourne,26,finished,FETCHED,COMPLETE,FULL_MATCH,1,1
2026-08-02,2026-08-02,1,0,2026-08-02T14:00:00+00:00,FIN,Finnland,51,Veikkausliiga,calendar-2026-27,2026/27,5147611,4449,AC Oulu,162146,Ilves,18,finished,FETCHED,COMPLETE,FULL_MATCH,1,1
2026-08-02,2026-08-02,1,0,2026-08-02T14:00:00+00:00,ISL,Island,215,Besta deildin,calendar-2026-27,2026/27,5225695,8004,IA Akranes,6017,Vikingur Reykjavik,17,finished,FETCHED,COMPLETE,FULL_MATCH,2,2_PLUS
2026-08-02,2026-08-02,1,0,2026-08-02T14:00:00+00:00,DEN,Dänemark,46,Superligaen,calendar-2026-27,2026/27,5739472,8595,Brøndby IF,9939,Viborg,2,finished,FETCHED,COMPLETE,FULL_MATCH,1,1
2026-08-02,2026-08-02,1,0,2026-08-02T14:30:00+00:00,SWE,Schweden,67,Allsvenskan,calendar-2026-27,2026/27,5107549,8349,AIK,10002,Örgryte,15,finished,FETCHED,COMPLETE,FULL_MATCH,1,1
2026-08-02,2026-08-02,1,0,2026-08-02T14:30:00+00:00,SUI,Schweiz,69,Super League,calendar-2026-27,2026/27,5804230,9956,Grasshopper,7896,Lugano,2,finished,FETCHED,COMPLETE,FULL_MATCH,4,2_PLUS
2026-08-02,2026-08-02,1,0,2026-08-02T14:30:00+00:00,SUI,Schweiz,69,Super League,calendar-2026-27,2026/27,5804231,10179,Sion,10199,Luzern,2,finished,FETCHED,COMPLETE,FULL_MATCH,2,2_PLUS
2026-08-02,2026-08-02,1,0,2026-08-02T14:30:00+00:00,INT,International,489,Vereins-Freundschaftsspiele,calendar-2026-27,2026/27,5981398,9752,Trabzonspor,8600,Udinese,1,finished,FETCHED,COMPLETE,FULL_MATCH,0,0
2026-08-02,2026-08-02,1,0,2026-08-02T15:00:00+00:00,SCO,Schottland,11019,SWPL Cup,calendar-2026-27,2026/27,1000014480,1798962,FC Kilmarnock Ladies,1716182,Dundee United,2,finished,FETCHED,COMPLETE,FULL_MATCH,2,2_PLUS
2026-08-02,2026-08-02,1,0,2026-08-02T15:00:00+00:00,SCO,Schottland,11019,SWPL Cup,calendar-2026-27,2026/27,1000014481,1798965,Livingston,1716179,Motherwell,2,finished,FETCHED,COMPLETE,FULL_MATCH,3,2_PLUS
2026-08-02,2026-08-02,1,0,2026-08-02T15:00:00+00:00,NOR,Norwegen,59,Eliteserien,calendar-2026-27,2026/27,5104965,2305,KFUM,8605,Kristiansund,16,finished,FETCHED,COMPLETE,FULL_MATCH,1,1
2026-08-02,2026-08-02,1,0,2026-08-02T15:00:00+00:00,NOR,Norwegen,59,Eliteserien,calendar-2026-27,2026/27,5104966,9917,Molde,8509,Sarpsborg 08,16,finished,FETCHED,COMPLETE,FULL_MATCH,4,2_PLUS
2026-08-02,2026-08-02,1,0,2026-08-02T15:00:00+00:00,NOR,Norwegen,59,Eliteserien,calendar-2026-27,2026/27,5104967,8404,Aalesund,8608,Tromsø,16,finished,FETCHED,COMPLETE,FULL_MATCH,6,2_PLUS
2026-08-02,2026-08-02,1,0,2026-08-02T15:00:00+00:00,LVA,Lettland,226,Virsliga,calendar-2026-27,2026/27,5162039,624924,Riga FC,662738,Grobina,25,finished,FETCHED,COMPLETE,FULL_MATCH,4,2_PLUS
2026-08-02,2026-08-02,1,0,2026-08-02T15:00:00+00:00,SVK,Slowakei,176,1. liga,calendar-2026-27,2026/27,5772147,9899,Zemplin Michalovce,6022,Zilina,2,finished,FETCHED,COMPLETE,FULL_MATCH,1,1
2026-08-02,2026-08-02,1,0,2026-08-02T15:00:00+00:00,SVK,Slowakei,176,1. liga,calendar-2026-27,2026/27,5772149,103598,DAC 1904 Dunajska Streda,2169,Dukla Banska Bystrica,2,finished,FETCHED,COMPLETE,FULL_MATCH,1,1
2026-08-02,2026-08-02,1,0,2026-08-02T15:00:00+00:00,AUT,Österreich,38,Bundesliga,calendar-2026-27,2026/27,5845954,9982,Austria Lustenau,10017,Ried,1,finished,FETCHED,COMPLETE,FULL_MATCH,0,0
2026-08-02,2026-08-02,1,0,2026-08-02T15:00:00+00:00,AUT,Österreich,38,Bundesliga,calendar-2026-27,2026/27,5845955,1954,Wolfsberger AC,10011,Austria Wien,1,finished,FETCHED,COMPLETE,FULL_MATCH,2,2_PLUS
2026-08-02,2026-08-02,1,0,2026-08-02T15:15:00+00:00,RUS,Russland,63,Premier League,calendar-2026-27,2026/27,5847132,168719,Krasnodar,1692,Fakel,2,finished,FETCHED,COMPLETE,FULL_MATCH,3,2_PLUS
2026-08-02,2026-08-02,1,0,2026-08-02T15:30:00+00:00,SCO,Schottland,64,Premiership,calendar-2026-27,2026/27,5793902,10251,Hibernian,9927,Motherwell,1,finished,FETCHED,COMPLETE,FULL_MATCH,2,2_PLUS
2026-08-02,2026-08-02,1,0,2026-08-02T15:30:00+00:00,POL,Polen,196,Ekstraklasa,calendar-2026-27,2026/27,5803929,8025,Śląsk Wrocław,4024,Raków Częstochowa,2,finished,FETCHED,COMPLETE,FULL_MATCH,3,2_PLUS
2026-08-02,2026-08-02,1,0,2026-08-02T15:30:00+00:00,CZE,Tschechien,122,1. Liga,calendar-2026-27,2026/27,5831117,1670,Bohemians 1905,1712,Hradec Kralove,2,finished,FETCHED,COMPLETE,FULL_MATCH,0,0
2026-08-02,2026-08-02,1,0,2026-08-02T15:30:00+00:00,ROU,Rumänien,189,Liga I,calendar-2026-27,2026/27,5853448,1515102,Corvinul Hunedoara,583706,Sepsi OSK,3,finished,FETCHED,COMPLETE,FULL_MATCH,0,0
2026-08-02,2026-08-02,1,0,2026-08-02T15:30:00+00:00,RSA,Südafrika,537,Premier Soccer League,calendar-2026-27,2026/27,5955052,102099,Siwelele,953498,TS Galaxy,1,finished,FETCHED,COMPLETE,FULL_MATCH,3,2_PLUS
2026-08-02,2026-08-02,1,0,2026-08-02T16:00:00+00:00,PER,Peru,131,Liga 1,calendar-2026-27,2026/27,1000017175,1848,Sporting Cristal,1573153,ADC Juan Pablo II,Clausura - Round 3,finished,FETCHED,COMPLETE,FULL_MATCH,2,2_PLUS
2026-08-02,2026-08-02,1,0,2026-08-02T16:00:00+00:00,IRL,Irland,126,Premier Liga,calendar-2026-27,2026/27,5100940,1854,St. Patrick's Athletic,8338,Derry City,26,finished,FETCHED,COMPLETE,FULL_MATCH,1,1
2026-08-02,2026-08-02,1,0,2026-08-02T16:00:00+00:00,DEN,Dänemark,46,Superligaen,calendar-2026-27,2026/27,5739473,8415,Silkeborg,8391,FC København,2,finished,FETCHED,COMPLETE,FULL_MATCH,1,1
2026-08-02,2026-08-02,1,0,2026-08-02T16:00:00+00:00,NED,Niederlande,237,Super Cup,calendar-2026-27,2026/27,5846426,8640,PSV Eindhoven,10229,AZ Alkmaar,final,finished,FETCHED,COMPLETE,FULL_MATCH,3,2_PLUS
2026-08-02,2026-08-02,1,0,2026-08-02T16:30:00+00:00,CHI,Chile,273,Liga de Primera,calendar-2026-27,2026/27,1000013186,4134,Deportes Concepcion,6458,Universidad Catolica,17,finished,FETCHED,COMPLETE,FULL_MATCH,1,1
2026-08-02,2026-08-02,1,0,2026-08-02T16:30:00+00:00,CRO,Kroatien,252,HNL,calendar-2026-27,2026/27,5765895,10165,NK Varazdin,10154,Hajduk Split,1,finished,FETCHED,COMPLETE,FULL_MATCH,3,2_PLUS
2026-08-02,2026-08-02,1,0,2026-08-02T17:00:00+00:00,INT,International,10371,Women's Africa Cup of Nations,calendar-2026-27,2026/27,1000005789,74875,Ghana,316116,Cameroon,2,finished,FETCHED,COMPLETE,FULL_MATCH,0,0
2026-08-02,2026-08-02,1,0,2026-08-02T17:00:00+00:00,SVK,Slowakei,176,1. liga,calendar-2026-27,2026/27,5772148,611956,Komarno,4662,Spartak Trnava,2,finished,FETCHED,COMPLETE,FULL_MATCH,2,2_PLUS
2026-08-02,2026-08-02,1,0,2026-08-02T17:00:00+00:00,AUT,Österreich,38,Bundesliga,calendar-2026-27,2026/27,5845956,10015,Rapid Wien,10008,Altach,1,finished,FETCHED,COMPLETE,FULL_MATCH,0,0
2026-08-02,2026-08-02,1,0,2026-08-02T17:15:00+00:00,NOR,Norwegen,59,Eliteserien,calendar-2026-27,2026/27,5104964,8468,Brann,8422,Rosenborg,16,finished,FETCHED,COMPLETE,FULL_MATCH,4,2_PLUS
2026-08-02,2026-08-02,1,0,2026-08-02T17:30:00+00:00,ARG,Argentinien,112,Liga Profesional,calendar-2026-27,2026/27,5115903,161728,Aldosivi,10103,Gimnasia LP,3,finished,FETCHED,COMPLETE,FULL_MATCH,2,2_PLUS
2026-08-02,2026-08-02,1,0,2026-08-02T17:30:00+00:00,ARG,Argentinien,112,Liga Profesional,calendar-2026-27,2026/27,5115906,298629,Deportivo Riestra,213534,Barracas Central,3,finished,FETCHED,COMPLETE,FULL_MATCH,1,1
2026-08-02,2026-08-02,1,0,2026-08-02T17:30:00+00:00,RUS,Russland,63,Premier League,calendar-2026-27,2026/27,5847127,8708,Akhmat,8643,Spartak,2,finished,FETCHED,COMPLETE,FULL_MATCH,1,1
2026-08-02,2026-08-02,1,0,2026-08-02T18:00:00+00:00,ECU,Ecuador,246,Serie A,calendar-2026-27,2026/27,1000009056,192875,Independiente del Valle,4144,Deportivo Cuenca,23,finished,FETCHED,COMPLETE,FULL_MATCH,1,1
2026-08-02,2026-08-02,1,0,2026-08-02T18:00:00+00:00,SRB,Serbien,182,Super Liga,calendar-2026-27,2026/27,1000015088,6231,FK Zemun,6410,Radnicki Nis,3,finished,FETCHED,COMPLETE,FULL_MATCH,1,1
2026-08-02,2026-08-02,1,0,2026-08-02T18:00:00+00:00,SRB,Serbien,182,Super Liga,calendar-2026-27,2026/27,1000015089,7998,Partizan Beograd,568569,FK IMT Beograd,3,finished,FETCHED,COMPLETE,FULL_MATCH,3,2_PLUS
2026-08-02,2026-08-02,1,0,2026-08-02T18:00:00+00:00,IRL,Irland,126,Premier Liga,calendar-2026-27,2026/27,5100937,4594,Bohemian FC,520517,Galway United FC,26,finished,FETCHED,COMPLETE,FULL_MATCH,0,0
2026-08-02,2026-08-02,1,0,2026-08-02T18:00:00+00:00,CZE,Tschechien,122,1. Liga,calendar-2026-27,2026/27,5831118,2406,Pardubice,7758,Jablonec,2,finished,FETCHED,COMPLETE,FULL_MATCH,0,0
2026-08-02,2026-08-02,1,0,2026-08-02T18:00:00+00:00,INT,International,489,Vereins-Freundschaftsspiele,calendar-2026-27,2026/27,5981399,8637,Galatasaray,9851,Rennes,1,finished,FETCHED,COMPLETE,FULL_MATCH,4,2_PLUS
2026-08-02,2026-08-02,1,0,2026-08-02T18:15:00+00:00,PER,Peru,131,Liga 1,calendar-2026-27,2026/27,1000017177,1104719,Asociacion Deportiva Tarma,920788,Deportivo Garcilaso,Clausura - Round 3,finished,FETCHED,COMPLETE,FULL_MATCH,1,1
2026-08-02,2026-08-02,1,0,2026-08-02T18:15:00+00:00,POL,Polen,196,Ekstraklasa,calendar-2026-27,2026/27,5803924,4023,GKS Katowice,5769,Radomiak Radom,2,finished,FETCHED,COMPLETE,FULL_MATCH,3,2_PLUS
2026-08-02,2026-08-02,1,0,2026-08-02T18:30:00+00:00,ROU,Rumänien,189,Liga I,calendar-2026-27,2026/27,5853450,9738,Rapid Bucuresti,9731,CFR Cluj,3,finished,FETCHED,COMPLETE,FULL_MATCH,1,1
2026-08-02,2026-08-02,1,0,2026-08-02T19:00:00+00:00,BOL,Bolivien,144,Primera Division,calendar-2026-27,2026/27,1000011164,1846,Real Potosi,1504770,GV San Jose,12,finished,FETCHED,COMPLETE,FULL_MATCH,0,0
2026-08-02,2026-08-02,1,0,2026-08-02T19:00:00+00:00,BRA,Brasilien,9067,Copa do Brasil,calendar-2026-27,2026/27,1000012450,10283,Palmeiras,8287,Fortaleza,8th Finals,finished,FETCHED,COMPLETE,FULL_MATCH,3,2_PLUS
2026-08-02,2026-08-02,1,0,2026-08-02T19:00:00+00:00,CHI,Chile,273,Liga de Primera,calendar-2026-27,2026/27,1000013182,1891,La Serena,6296,O'Higgins,17,finished,FETCHED,COMPLETE,FULL_MATCH,2,2_PLUS
2026-08-02,2026-08-02,1,0,2026-08-02T19:00:00+00:00,PAR,Paraguay,199,Division Profesional,calendar-2026-27,2026/27,1000017367,6619,Olimpia,162557,Rubio Nu,Clausura - Round 3,finished,FETCHED,COMPLETE,FULL_MATCH,3,2_PLUS
2026-08-02,2026-08-02,1,0,2026-08-02T19:00:00+00:00,CRO,Kroatien,252,HNL,calendar-2026-27,2026/27,5765894,10162,Rijeka,187866,Rudes,1,finished,FETCHED,COMPLETE,FULL_MATCH,2,2_PLUS
2026-08-02,2026-08-02,1,0,2026-08-02T20:00:00+00:00,INT,International,10371,Women's Africa Cup of Nations,calendar-2026-27,2026/27,1000005790,1263978,Mali,1375373,Cape Verde,2,finished,FETCHED,COMPLETE,FULL_MATCH,3,2_PLUS
2026-08-02,2026-08-02,1,0,2026-08-02T20:00:00+00:00,USA,USA,10282,MLS Next Pro,calendar-2026-27,2026/27,1000007687,1348118,Chicago Fire FC II,1348109,FC Cincinnati 2,23,finished,FETCHED,COMPLETE,FULL_MATCH,3,2_PLUS
2026-08-02,2026-08-02,1,0,2026-08-02T20:00:00+00:00,ARG,Argentinien,112,Liga Profesional,calendar-2026-27,2026/27,5115912,10201,Newell's Old Boys,10077,Boca Juniors,3,finished,FETCHED,COMPLETE,FULL_MATCH,3,2_PLUS
2026-08-02,2026-08-02,1,0,2026-08-02T20:00:00+00:00,USA,USA,9134,NWSL,calendar-2026-27,2026/27,5161586,433030,Washington Spirit (W),1335917,San Diego Wave FC (W),0,finished,FETCHED,COMPLETE,FULL_MATCH,1,1
2026-08-02,2026-08-02,1,0,2026-08-02T20:00:00+00:00,INT,International,489,Vereins-Freundschaftsspiele,calendar-2026-27,2026/27,5498880,8650,Liverpool,8463,Leeds,1,finished,FETCHED,COMPLETE,FULL_MATCH,4,2_PLUS
2026-08-02,2026-08-02,1,0,2026-08-02T20:30:00+00:00,ECU,Ecuador,246,Serie A,calendar-2026-27,2026/27,1000009050,6609,CSD Macara,194754,Guayaquil City,23,finished,FETCHED,COMPLETE,FULL_MATCH,1,1
2026-08-02,2026-08-02,1,0,2026-08-02T20:30:00+00:00,PER,Peru,131,Liga 1,calendar-2026-27,2026/27,1000017176,1573140,Club Deportivo Moquegua,4417,FBC Melgar,Clausura - Round 3,finished,FETCHED,COMPLETE,FULL_MATCH,0,0
2026-08-02,2026-08-02,1,0,2026-08-02T20:45:00+00:00,COL,Kolumbien,274,Primera A,calendar-2026-27,2026/27,1000014061,424270,CD Jaguares,6368,Atletico Nacional,Clausura - Round 2,finished,FETCHED,COMPLETE,FULL_MATCH,0,0
2026-08-02,2026-08-02,1,0,2026-08-02T21:00:00+00:00,USA,USA,10282,MLS Next Pro,calendar-2026-27,2026/27,1000007690,614318,Red Bull New York  II,1121686,New England Revolution II,23,finished,FETCHED,COMPLETE,FULL_MATCH,3,2_PLUS
2026-08-02,2026-08-02,1,0,2026-08-02T21:00:00+00:00,BRA,Brasilien,9067,Copa do Brasil,calendar-2026-27,2026/27,1000012453,163782,Mirassol,9769,Gremio,8th Finals,finished,FETCHED,COMPLETE,FULL_MATCH,1,1
2026-08-02,2026-08-02,1,0,2026-08-02T21:00:00+00:00,VEN,Venezuela,339,Primera Division,calendar-2026-27,2026/27,1000018669,49686,Zamora FC,1267963,Rayo Zuliano,Clausura - Round 1,finished,FETCHED,COMPLETE,FULL_MATCH,1,1
2026-08-02,2026-08-02,1,0,2026-08-02T21:15:00+00:00,BOL,Bolivien,144,Primera Division,calendar-2026-27,2026/27,1000011169,805913,Always Ready,5983,Bolivar,12,finished,FETCHED,COMPLETE,FULL_MATCH,1,1
2026-08-02,2026-08-02,1,0,2026-08-02T21:30:00+00:00,BRA,Brasilien,9067,Copa do Brasil,calendar-2026-27,2026/27,1000012449,197693,Chapecoense AF,9781,Cruzeiro,8th Finals,finished,FETCHED,COMPLETE,FULL_MATCH,0,0
2026-08-02,2026-08-02,1,0,2026-08-02T21:30:00+00:00,CHI,Chile,273,Liga de Primera,calendar-2026-27,2026/27,1000013180,6310,Universidad de Chile,4056,Huachipato,17,finished,FETCHED,COMPLETE,FULL_MATCH,2,2_PLUS
2026-08-02,2026-08-02,1,0,2026-08-02T21:30:00+00:00,PAR,Paraguay,199,Division Profesional,calendar-2026-27,2026/27,1000017365,1893,Guarani,6620,Libertad,Clausura - Round 3,finished,FETCHED,COMPLETE,FULL_MATCH,2,2_PLUS
2026-08-02,"2026-08-02,2026-08-03",2,1,2026-08-02T22:00:00+00:00,CAN,Kanada,9986,Premier League,calendar-2026-27,2026/27,1000008683,1022948,HFX Wanderers FC,1022955,Forge FC,15,finished,FETCHED,COMPLETE,FULL_MATCH,0,0
2026-08-02,"2026-08-02,2026-08-03",2,1,2026-08-02T22:15:00+00:00,ARG,Argentinien,112,Liga Profesional,calendar-2026-27,2026/27,5115915,10076,River Plate,10084,Rosario Central,3,finished,FETCHED,COMPLETE,FULL_MATCH,0,0
2026-08-02,"2026-08-02,2026-08-03",2,1,2026-08-02T22:30:00+00:00,BRA,Brasilien,9067,Copa do Brasil,calendar-2026-27,2026/27,1000012452,8702,Internacional,9808,Corinthians,8th Finals,finished,FETCHED,COMPLETE,FULL_MATCH,2,2_PLUS
2026-08-02,"2026-08-02,2026-08-03",2,1,2026-08-02T22:30:00+00:00,VEN,Venezuela,339,Primera Division,calendar-2026-27,2026/27,1000018670,365280,Metropolitanos FC,657277,Academia Puerto Cabello,Clausura - Round 1,finished,FETCHED,COMPLETE,FULL_MATCH,1,1
2026-08-02,"2026-08-02,2026-08-03",2,1,2026-08-02T22:45:00+00:00,COL,Kolumbien,274,Primera A,calendar-2026-27,2026/27,1000014066,10280,America de Cali,6255,Chico FC,Clausura - Round 2,finished,FETCHED,COMPLETE,FULL_MATCH,4,2_PLUS
2026-08-02,"2026-08-02,2026-08-03",2,1,2026-08-02T23:00:00+00:00,USA,USA,10282,MLS Next Pro,calendar-2026-27,2026/27,1000007689,1346404,St. Louis City 2,614324,Real Monarchs SLC,23,finished,FETCHED,COMPLETE,FULL_MATCH,3,2_PLUS
2026-08-02,"2026-08-02,2026-08-03",2,1,2026-08-02T23:00:00+00:00,MEX,Mexiko,230,Liga MX,calendar-2026-27,2026/27,1000014524,6576,América,7857,Santos,3,finished,FETCHED,COMPLETE,FULL_MATCH,2,2_PLUS
2026-08-02,"2026-08-02,2026-08-03",2,1,2026-08-02T23:00:00+00:00,USA,USA,8972,USL Championship,calendar-2026-27,2026/27,5109858,1003207,Birmingham Legion FC,1597140,Rhode Island FC,1,finished,FETCHED,COMPLETE,FULL_MATCH,1,1
2026-08-02,"2026-08-02,2026-08-03",2,1,2026-08-02T23:00:00+00:00,USA,USA,9134,NWSL,calendar-2026-27,2026/27,5161587,923654,Utah Royals (W),433029,Portland Thorns (W),0,finished,FETCHED,COMPLETE,FULL_MATCH,4,2_PLUS
2026-08-02,"2026-08-02,2026-08-03",2,1,2026-08-02T23:10:00+00:00,ECU,Ecuador,246,Serie A,calendar-2026-27,2026/27,1000009049,1370528,Leones del Norte,6453,Barcelona SC,23,finished,FETCHED,COMPLETE,FULL_MATCH,1,1
2026-08-02,"2026-08-02,2026-08-03",2,1,2026-08-02T23:30:00+00:00,BOL,Bolivien,144,Primera Division,calendar-2026-27,2026/27,1000011171,1844,Oriente Petrolero,164353,Nacional Potosi,12,finished,FETCHED,COMPLETE,FULL_MATCH,1,1
2026-08-02,"2026-08-02,2026-08-03",2,1,2026-08-02T23:30:00+00:00,PER,Peru,131,Liga 1,calendar-2026-27,2026/27,1000017178,1845,Cienciano,4409,Universitario de Deportes,Clausura - Round 3,finished,FETCHED,COMPLETE,FULL_MATCH,1,1
2026-08-02,"2026-08-02,2026-08-03",2,1,2026-08-03T00:30:00+00:00,ARG,Argentinien,112,Liga Profesional,calendar-2026-27,2026/27,5115911,10082,Lanus,10090,Instituto,3,finished,FETCHED,COMPLETE,FULL_MATCH,1,1
2026-08-02,"2026-08-02,2026-08-03",2,1,2026-08-03T01:00:00+00:00,COL,Kolumbien,274,Primera A,calendar-2026-27,2026/27,1000014062,7818,Santa Fe,6024,Once Caldas,Clausura - Round 2,finished,FETCHED,COMPLETE,FULL_MATCH,3,2_PLUS
2026-08-02,"2026-08-02,2026-08-03",2,1,2026-08-03T01:00:00+00:00,USA,USA,9134,NWSL,calendar-2026-27,2026/27,5161588,1795705,Denver Summit FC (W),1795723,Boston Legacy FC (W),0,finished,FETCHED,COMPLETE,FULL_MATCH,1,1
2026-08-02,"2026-08-02,2026-08-03",2,1,2026-08-03T01:05:00+00:00,MEX,Mexiko,230,Liga MX,calendar-2026-27,2026/27,1000014525,6618,Toluca,1842,Necaxa,3,finished,FETCHED,COMPLETE,FULL_MATCH,1,1
2026-08-02,"2026-08-02,2026-08-03",2,1,2026-08-03T02:30:00+00:00,USA,USA,10282,MLS Next Pro,calendar-2026-27,2026/27,1000007688,1348115,San Jose Earthquakes II,1451870,Austin FC II,23,finished,FETCHED,COMPLETE,FULL_MATCH,1,1
2026-08-03,2026-08-03,1,0,2026-08-03T10:30:00+00:00,INT,International,9265,ASEAN Championship,calendar-2026-27,2026/27,5844740,6332,Cambodia,95801,Timor-Leste,4,finished,FETCHED,COMPLETE,FULL_MATCH,2,2_PLUS
2026-08-03,2026-08-03,1,0,2026-08-03T13:30:00+00:00,INT,International,9265,ASEAN Championship,calendar-2026-27,2026/27,5844741,6324,Indonesia,5894,Vietnam,4,finished,FETCHED,COMPLETE,FULL_MATCH,1,1
2026-08-03,2026-08-03,1,0,2026-08-03T15:30:00+00:00,ROU,Rumänien,189,Liga I,calendar-2026-27,2026/27,5853454,89022,Universitatea Cluj,188191,Botosani,3,finished,FETCHED,COMPLETE,FULL_MATCH,2,2_PLUS
2026-08-03,2026-08-03,1,0,2026-08-03T16:00:00+00:00,FIN,Finnland,51,Veikkausliiga,calendar-2026-27,2026/27,5147614,162162,SJK,9861,HJK,18,finished,FETCHED,COMPLETE,FULL_MATCH,3,2_PLUS
2026-08-03,2026-08-03,1,0,2026-08-03T17:00:00+00:00,SRB,Serbien,182,Super Liga,calendar-2026-27,2026/27,1000015083,6406,Vojvodina,563180,Macva Sabac,3,finished,FETCHED,COMPLETE,FULL_MATCH,2,2_PLUS
2026-08-03,2026-08-03,1,0,2026-08-03T17:00:00+00:00,SWE,Schweden,67,Allsvenskan,calendar-2026-27,2026/27,5107550,9802,Djurgården,6194,Västerås SK,15,finished,FETCHED,COMPLETE,FULL_MATCH,3,2_PLUS
2026-08-03,2026-08-03,1,0,2026-08-03T17:00:00+00:00,SWE,Schweden,67,Allsvenskan,calendar-2026-27,2026/27,5107556,8310,Halmstads BK,6694,Sirius,15,finished,FETCHED,COMPLETE,FULL_MATCH,0,0
2026-08-03,2026-08-03,1,0,2026-08-03T17:00:00+00:00,DEN,Dänemark,46,Superligaen,calendar-2026-27,2026/27,5739474,8414,OB,8487,Sønderjyske,2,finished,FETCHED,COMPLETE,FULL_MATCH,1,1
2026-08-03,2026-08-03,1,0,2026-08-03T17:00:00+00:00,POL,Polen,196,Ekstraklasa,calendar-2026-27,2026/27,5803923,2186,Cracovia,8023,Pogoń Szczecin,2,finished,FETCHED,COMPLETE,FULL_MATCH,2,2_PLUS
2026-08-03,2026-08-03,1,0,2026-08-03T18:00:00+00:00,CAN,Kanada,10872,Northern Super League,calendar-2026-27,2026/27,1000009199,1739714,Halifax Tides FC,1739719,Ottawa Rapid FC,Regular Season,finished,FETCHED,COMPLETE,FULL_MATCH,5,2_PLUS
2026-08-03,2026-08-03,1,0,2026-08-03T18:30:00+00:00,SCO,Schottland,64,Premiership,calendar-2026-27,2026/27,5793903,9925,Celtic,8284,Dundee FC,1,finished,FETCHED,COMPLETE,FULL_MATCH,1,1
2026-08-03,2026-08-03,1,0,2026-08-03T18:30:00+00:00,ENG,England,12889,EFL Cup Qualifikation,calendar-2026-27,2026/27,5820080,9916,York City,8647,Crawley,final,finished,FETCHED,COMPLETE,FULL_MATCH,1,1
2026-08-03,2026-08-03,1,0,2026-08-03T18:30:00+00:00,ROU,Rumänien,189,Liga I,calendar-2026-27,2026/27,5853451,9723,FCSB,210132,FCV Farul Constanta,3,finished,FETCHED,COMPLETE,FULL_MATCH,2,2_PLUS
2026-08-03,2026-08-03,1,0,2026-08-03T19:00:00+00:00,SRB,Serbien,182,Super Liga,calendar-2026-27,2026/27,1000015086,676141,Zeleznicar Pancevo,1739,Mladost Lucani,3,finished,FETCHED,COMPLETE,FULL_MATCH,0,0
2026-08-03,2026-08-03,1,0,2026-08-03T19:00:00+00:00,PAR,Paraguay,199,Division Profesional,calendar-2026-27,2026/27,1000017364,59844,Sportivo Trinidense,198186,Sportivo San Lorenzo,Clausura - Round 3,finished,FETCHED,COMPLETE,FULL_MATCH,2,2_PLUS
2026-08-03,2026-08-03,1,0,2026-08-03T19:15:00+00:00,ISL,Island,215,Besta deildin,calendar-2026-27,2026/27,5225697,8064,Valur,6343,Stjarnan,17,finished,FETCHED,COMPLETE,FULL_MATCH,3,2_PLUS
2026-08-03,2026-08-03,1,0,2026-08-03T19:45:00+00:00,ARG,Argentinien,112,Liga Profesional,calendar-2026-27,2026/27,5115916,202757,Sarmiento,161729,Independiente Rivadavia,3,finished,FETCHED,COMPLETE,FULL_MATCH,0,0
2026-08-03,2026-08-03,1,0,2026-08-03T20:00:00+00:00,INT,International,10371,Women's Africa Cup of Nations,calendar-2026-27,2026/27,1000005773,1121168,Senegal,1129300,Morocco,3,finished,FETCHED,COMPLETE,FULL_MATCH,0,0
2026-08-03,2026-08-03,1,0,2026-08-03T20:00:00+00:00,INT,International,10371,Women's Africa Cup of Nations,calendar-2026-27,2026/27,1000005774,1137920,Kenya,1316257,Algeria,3,finished,FETCHED,COMPLETE,FULL_MATCH,0,0
2026-08-03,2026-08-03,1,0,2026-08-03T21:30:00+00:00,PAR,Paraguay,199,Division Profesional,calendar-2026-27,2026/27,1000017366,1427854,Recoleta,49689,Nacional,Clausura - Round 3,finished,FETCHED,COMPLETE,FULL_MATCH,3,2_PLUS
2026-08-03,"2026-08-03,2026-08-04",2,1,2026-08-03T22:00:00+00:00,ARG,Argentinien,112,Liga Profesional,calendar-2026-27,2026/27,5115913,10089,Club Atletico Platense,10101,Talleres,3,finished,FETCHED,COMPLETE,FULL_MATCH,3,2_PLUS
2026-08-03,"2026-08-03,2026-08-04",2,1,2026-08-03T22:00:00+00:00,ARG,Argentinien,112,Liga Profesional,calendar-2026-27,2026/27,5115917,10079,Velez Sarsfield,10078,Independiente,3,finished,FETCHED,COMPLETE,FULL_MATCH,1,1
2026-08-03,"2026-08-03,2026-08-04",2,1,2026-08-03T22:30:00+00:00,VEN,Venezuela,339,Primera Division,calendar-2026-27,2026/27,1000018671,7850,Caracas,93061,Estudiantes Merida,Clausura - Round 1,finished,FETCHED,COMPLETE,FULL_MATCH,3,2_PLUS
2026-08-03,"2026-08-03,2026-08-04",2,1,2026-08-04T00:00:00+00:00,ECU,Ecuador,246,Serie A,calendar-2026-27,2026/27,1000009054,6721,LDU de Quito,519457,Delfin,23,finished,FETCHED,COMPLETE,FULL_MATCH,3,2_PLUS
2026-08-03,"2026-08-03,2026-08-04",2,1,2026-08-04T00:00:00+00:00,BRA,Brasilien,9067,Copa do Brasil,calendar-2026-27,2026/27,1000012454,10273,Athletico Paranaense,7733,Vitoria,8th Finals,finished,FETCHED,COMPLETE,FULL_MATCH,1,1
2026-08-03,"2026-08-03,2026-08-04",2,1,2026-08-04T00:15:00+00:00,ARG,Argentinien,112,Liga Profesional,calendar-2026-27,2026/27,5115905,213596,Central Cordoba de Santiago,10083,San Lorenzo,3,finished,FETCHED,COMPLETE,FULL_MATCH,0,0
2026-08-03,"2026-08-03,2026-08-04",2,1,2026-08-04T00:15:00+00:00,ARG,Argentinien,112,Liga Profesional,calendar-2026-27,2026/27,5115910,10081,Huracan,161727,Atletico Tucuman,3,finished,FETCHED,COMPLETE,FULL_MATCH,0,0
2026-08-03,"2026-08-03,2026-08-04",2,1,2026-08-04T01:00:00+00:00,COL,Kolumbien,274,Primera A,calendar-2026-27,2026/27,1000014075,4401,Bucaramanga,6254,Cucuta,Clausura - Round 3,finished,FETCHED,COMPLETE,FULL_MATCH,0,0
2026-08-04,2026-08-04,1,0,2026-08-04T10:00:00+00:00,INT,International,9265,ASEAN Championship,calendar-2026-27,2026/27,5844755,8307,Myanmar,5891,Laos,4,finished,FETCHED,COMPLETE,FULL_MATCH,3,2_PLUS
2026-08-04,2026-08-04,1,0,2026-08-04T11:00:00+00:00,INT,International,489,Vereins-Freundschaftsspiele,calendar-2026-27,2026/27,5449689,9823,Bayern München,133898,Jeju SK,1,finished,FETCHED,COMPLETE,FULL_MATCH,0,0
2026-08-04,2026-08-04,1,0,2026-08-04T13:00:00+00:00,INT,International,9265,ASEAN Championship,calendar-2026-27,2026/27,5844756,230139,Philippines,5788,Thailand,4,finished,FETCHED,COMPLETE,FULL_MATCH,1,1
2026-08-04,2026-08-04,1,0,2026-08-04T18:00:00+00:00,INT,International,489,Vereins-Freundschaftsspiele,calendar-2026-27,2026/27,5901303,10262,Newport,8686,Roma,1,finished,FETCHED,COMPLETE,FULL_MATCH,4,2_PLUS
2026-08-04,2026-08-04,1,0,2026-08-04T18:00:00+00:00,INT,International,10611,Champions League Qualifikation,calendar-2026-27,2026/27,5954868,8638,Olympiacos,8464,NEC Nijmegen,3,finished,FETCHED,COMPLETE,FULL_MATCH,0,0
2026-08-04,2026-08-04,1,0,2026-08-04T18:00:00+00:00,INT,International,10611,Champions League Qualifikation,calendar-2026-27,2026/27,5954871,10247,Sparta Prague,9748,Lyon,3,finished,FETCHED,COMPLETE,FULL_MATCH,2,2_PLUS
2026-08-04,2026-08-04,1,0,2026-08-04T18:30:00+00:00,ISL,Island,215,Besta deildin,calendar-2026-27,2026/27,5225696,4496,Thor Akureyri,8332,Breidablik,17,finished,FETCHED,COMPLETE,FULL_MATCH,0,0
2026-08-04,2026-08-04,1,0,2026-08-04T19:00:00+00:00,BOL,Bolivien,144,Primera Division,calendar-2026-27,2026/27,1000011172,1297346,ABB,1504766,CDT Real Oruro,13,finished,FETCHED,COMPLETE,FULL_MATCH,4,2_PLUS
2026-08-04,2026-08-04,1,0,2026-08-04T20:00:00+00:00,INT,International,10371,Women's Africa Cup of Nations,calendar-2026-27,2026/27,1000005779,1459480,Burkina Faso,316118,South Africa,3,finished,FETCHED,COMPLETE,FULL_MATCH,0,0
2026-08-04,2026-08-04,1,0,2026-08-04T20:00:00+00:00,INT,International,10371,Women's Africa Cup of Nations,calendar-2026-27,2026/27,1000005780,1459525,Tanzania,604108,Ivory Coast,3,finished,FETCHED,COMPLETE,FULL_MATCH,2,2_PLUS
2026-08-04,2026-08-04,1,0,2026-08-04T20:00:00+00:00,INT,International,9656,CONCACAF Championship U20,calendar-2026-27,2026/27,1000018945,67326,Costa Rica U20,608074,Haiti U20,Quarter-finals,finished,FETCHED,COMPLETE,FULL_MATCH,1,1
2026-08-04,2026-08-04,1,0,2026-08-04T21:00:00+00:00,VEN,Venezuela,339,Primera Division,calendar-2026-27,2026/27,1000018862,49681,Carabobo FC,49685,Trujillanos FC,Clausura - Round 2,finished,FETCHED,COMPLETE,FULL_MATCH,1,1
2026-08-04,2026-08-04,1,0,2026-08-04T21:10:00+00:00,COL,Kolumbien,274,Primera A,calendar-2026-27,2026/27,1000014072,348397,Llaneros FC,244167,Fortaleza FC,Clausura - Round 3,finished,FETCHED,COMPLETE,FULL_MATCH,1,1
2026-08-04,"2026-08-04,2026-08-05",2,1,2026-08-04T22:00:00+00:00,BOL,Bolivien,144,Primera Division,calendar-2026-27,2026/27,1000011178,958325,Independiente Petrolero,49720,Aurora,13,finished,FETCHED,COMPLETE,FULL_MATCH,1,1
2026-08-04,"2026-08-04,2026-08-05",2,1,2026-08-04T22:00:00+00:00,VEN,Venezuela,339,Primera Division,calendar-2026-27,2026/27,1000018861,188213,Universidad Central,49683,Monagas SC,Clausura - Round 2,finished,FETCHED,COMPLETE,FULL_MATCH,1,1
2026-08-04,"2026-08-04,2026-08-05",2,1,2026-08-04T22:30:00+00:00,BRA,Brasilien,9067,Copa do Brasil,calendar-2026-27,2026/27,1000012447,10274,Juventude,10272,Atletico MG,8th Finals,finished,FETCHED,COMPLETE,FULL_MATCH,1,1
2026-08-04,"2026-08-04,2026-08-05",2,1,2026-08-04T22:30:00+00:00,VEN,Venezuela,339,Primera Division,calendar-2026-27,2026/27,1000018866,1896,Deportivo Tachira,49682,Portuguesa FC,Clausura - Round 2,finished,FETCHED,COMPLETE,FULL_MATCH,0,0
2026-08-04,"2026-08-04,2026-08-05",2,1,2026-08-04T23:15:00+00:00,COL,Kolumbien,274,Primera A,calendar-2026-27,2026/27,1000014069,1894,Tolima,2528,Independiente Medellin,Clausura - Round 3,finished,FETCHED,COMPLETE,FULL_MATCH,3,2_PLUS
2026-08-04,"2026-08-04,2026-08-05",2,1,2026-08-05T00:00:00+00:00,BOL,Bolivien,144,Primera Division,calendar-2026-27,2026/27,1000011179,114830,Guabira,1074622,Real Tomayapo,13,finished,FETCHED,COMPLETE,FULL_MATCH,2,2_PLUS
2026-08-04,"2026-08-04,2026-08-05",2,1,2026-08-05T00:30:00+00:00,BRA,Brasilien,9067,Copa do Brasil,calendar-2026-27,2026/27,1000012456,1626,Remo,8514,Santos FC,8th Finals,finished,FETCHED,COMPLETE,FULL_MATCH,1,1
2026-08-04,"2026-08-04,2026-08-05",2,1,2026-08-05T00:30:00+00:00,INT,International,10043,Leagues Cup,calendar-2026-27,2026/27,5844825,207242,Minnesota,649424,Juárez,1,finished,FETCHED,COMPLETE,FULL_MATCH,0,0
2026-08-04,"2026-08-04,2026-08-05",2,1,2026-08-05T01:00:00+00:00,INT,International,9656,CONCACAF Championship U20,calendar-2026-27,2026/27,1000018944,5876,USA U20,263042,Guatemala U20,Quarter-finals,finished,FETCHED,COMPLETE,FULL_MATCH,2,2_PLUS
2026-08-04,"2026-08-04,2026-08-05",2,1,2026-08-05T01:20:00+00:00,COL,Kolumbien,274,Primera A,calendar-2026-27,2026/27,1000014070,4403,Millonarios,4405,Deportivo Pasto,Clausura - Round 3,finished,FETCHED,COMPLETE,FULL_MATCH,1,1
2026-08-04,"2026-08-04,2026-08-05",2,1,2026-08-05T01:22:00+00:00,INT,International,10043,Leagues Cup,calendar-2026-27,2026/27,5844824,1323940,Charlotte FC,1946,Pumas,1,finished,FETCHED,COMPLETE,FULL_MATCH,2,2_PLUS
2026-08-04,"2026-08-04,2026-08-05",2,1,2026-08-05T02:00:00+00:00,INT,International,10043,Leagues Cup,calendar-2026-27,2026/27,5844826,8561,Tigres,6606,Salt Lake,1,finished,FETCHED,COMPLETE,FULL_MATCH,0,0
2026-08-04,"2026-08-04,2026-08-05",2,1,2026-08-05T02:30:00+00:00,INT,International,10043,Leagues Cup,calendar-2026-27,2026/27,5844827,307691,Vancouver,1942,Atlante,1,finished,FETCHED,COMPLETE,FULL_MATCH,0,0
2026-08-05,2026-08-05,1,0,2026-08-05T11:10:00+00:00,INT,International,489,Vereins-Freundschaftsspiele,calendar-2026-27,2026/27,5449691,8564,Milan,8636,Inter,1,finished,FETCHED,COMPLETE,FULL_MATCH,2,2_PLUS
2026-08-05,2026-08-05,1,0,2026-08-05T11:30:00+00:00,INT,International,489,Vereins-Freundschaftsspiele,calendar-2026-27,2026/27,5406268,8455,Chelsea,9885,Juventus,1,finished,FETCHED,COMPLETE,FULL_MATCH,1,1
2026-08-05,2026-08-05,1,0,2026-08-05T17:10:00+00:00,INT,International,10611,Champions League Qualifikation,calendar-2026-27,2026/27,5954865,8071,AGF,951893,Sabah FK,3,finished,FETCHED,COMPLETE,FULL_MATCH,2,2_PLUS
2026-08-05,2026-08-05,1,0,2026-08-05T18:00:00+00:00,ISL,Island,215,Besta deildin,calendar-2026-27,2026/27,5225698,4472,Keflavik,2165,KA Akureyri,17,finished,FETCHED,COMPLETE,FULL_MATCH,0,0
2026-08-05,2026-08-05,1,0,2026-08-05T18:00:00+00:00,INT,International,10611,Champions League Qualifikation,calendar-2026-27,2026/27,5954870,8695,Fenerbahçe,10014,Sturm Graz,3,finished,FETCHED,COMPLETE,FULL_MATCH,0,0
2026-08-05,2026-08-05,1,0,2026-08-05T18:15:00+00:00,INT,International,10613,Europa League Qualifikation,calendar-2026-27,2026/27,5955040,8222,Ferencvaros,8020,Górnik Zabrze,3,finished,FETCHED,COMPLETE,FULL_MATCH,1,1
2026-08-05,2026-08-05,1,0,2026-08-05T18:30:00+00:00,SCO,Schottland,11019,SWPL Cup,calendar-2026-27,2026/27,1000014485,1798967,Boroughmuir Thistle,1716181,Queen's Park,3,finished,FETCHED,COMPLETE,FULL_MATCH,1,1
2026-08-05,2026-08-05,1,0,2026-08-05T18:30:00+00:00,SCO,Schottland,11019,SWPL Cup,calendar-2026-27,2026/27,1000014486,1716182,Dundee United,1716180,Aberdeen,3,finished,FETCHED,COMPLETE,FULL_MATCH,0,0
2026-08-05,2026-08-05,1,0,2026-08-05T18:30:00+00:00,SCO,Schottland,11019,SWPL Cup,calendar-2026-27,2026/27,1000014487,1822286,Falkirk,1798962,FC Kilmarnock Ladies,3,finished,FETCHED,COMPLETE,FULL_MATCH,2,2_PLUS
2026-08-05,2026-08-05,1,0,2026-08-05T18:30:00+00:00,INT,International,10615,Conference League Qualifikation,calendar-2026-27,2026/27,5955326,10200,Panathinaikos,944215,CSKA 1948,3,finished,FETCHED,COMPLETE,FULL_MATCH,0,0
2026-08-05,2026-08-05,1,0,2026-08-05T18:45:00+00:00,SCO,Schottland,11019,SWPL Cup,calendar-2026-27,2026/27,1000014488,1798937,Hamilton Academical,1798965,Livingston,3,finished,FETCHED,COMPLETE,FULL_MATCH,1,1
2026-08-05,2026-08-05,1,0,2026-08-05T18:45:00+00:00,SCO,Schottland,11019,SWPL Cup,calendar-2026-27,2026/27,1000014489,1716179,Motherwell,1798966,Gartcairn,3,finished,FETCHED,COMPLETE,FULL_MATCH,2,2_PLUS
2026-08-05,2026-08-05,1,0,2026-08-05T18:45:00+00:00,SCO,Schottland,11019,SWPL Cup,calendar-2026-27,2026/27,1000014490,1716184,Spartans FC,1822279,Renfrew Ladies FC,3,finished,FETCHED,COMPLETE,FULL_MATCH,2,2_PLUS
2026-08-05,2026-08-05,1,0,2026-08-05T18:45:00+00:00,INT,International,489,Vereins-Freundschaftsspiele,calendar-2026-27,2026/27,5274629,9825,Arsenal,8603,Real Betis,1,finished,FETCHED,COMPLETE,FULL_MATCH,0,0
2026-08-05,2026-08-05,1,0,2026-08-05T19:00:00+00:00,BOL,Bolivien,144,Primera Division,calendar-2026-27,2026/27,1000011177,1504770,GV San Jose,1297060,San Antonio Bulo Bulo,13,finished,FETCHED,COMPLETE,FULL_MATCH,0,0
2026-08-05,2026-08-05,1,0,2026-08-05T19:00:00+00:00,SCO,Schottland,11019,SWPL Cup,calendar-2026-27,2026/27,1000014491,1798971,St. Johnstone,1716183,Montrose,3,finished,FETCHED,COMPLETE,FULL_MATCH,7,2_PLUS
2026-08-05,2026-08-05,1,0,2026-08-05T19:00:00+00:00,INT,International,489,Vereins-Freundschaftsspiele,calendar-2026-27,2026/27,5874665,8661,Mallorca,9847,PSG,1,finished,FETCHED,COMPLETE,FULL_MATCH,1,1
2026-08-05,2026-08-05,1,0,2026-08-05T19:15:00+00:00,ISL,Island,215,Besta deildin,calendar-2026-27,2026/27,5225699,8151,FH Hafnarfjordur,8130,KR Reykjavik,17,finished,FETCHED,COMPLETE,FULL_MATCH,1,1
2026-08-05,2026-08-05,1,0,2026-08-05T20:00:00+00:00,INT,International,10371,Women's Africa Cup of Nations,calendar-2026-27,2026/27,1000005785,1353680,Egypt,5908,Nigeria,3,finished,FETCHED,COMPLETE,FULL_MATCH,5,2_PLUS
2026-08-05,2026-08-05,1,0,2026-08-05T20:00:00+00:00,INT,International,10371,Women's Africa Cup of Nations,calendar-2026-27,2026/27,1000005786,1302798,Malawi,1202714,Zambia,3,finished,FETCHED,COMPLETE,FULL_MATCH,1,1
2026-08-05,"2026-08-05,2026-08-06",2,1,2026-08-05T22:00:00+00:00,BOL,Bolivien,144,Primera Division,calendar-2026-27,2026/27,1000011173,164353,Nacional Potosi,2527,The Strongest,13,finished,FETCHED,COMPLETE,FULL_MATCH,2,2_PLUS
2026-08-05,"2026-08-05,2026-08-06",2,1,2026-08-05T22:00:00+00:00,BRA,Brasilien,9067,Copa do Brasil,calendar-2026-27,2026/27,1000012457,9781,Cruzeiro,197693,Chapecoense AF,8th Finals,finished,FETCHED,COMPLETE,FULL_MATCH,1,1
2026-08-05,"2026-08-05,2026-08-06",2,1,2026-08-05T22:00:00+00:00,ARG,Argentinien,112,Liga Profesional,calendar-2026-27,2026/27,5115891,10077,Boca Juniors,10094,Estudiantes,2,finished,FETCHED,COMPLETE,FULL_MATCH,0,0
2026-08-05,"2026-08-05,2026-08-06",2,1,2026-08-05T22:30:00+00:00,BRA,Brasilien,9067,Copa do Brasil,calendar-2026-27,2026/27,1000012445,9769,Gremio,163782,Mirassol,8th Finals,finished,FETCHED,COMPLETE,FULL_MATCH,0,0
2026-08-05,"2026-08-05,2026-08-06",2,1,2026-08-05T22:30:00+00:00,VEN,Venezuela,339,Primera Division,calendar-2026-27,2026/27,1000018865,176496,Deportivo La Guaira,365280,Metropolitanos FC,Clausura - Round 2,finished,FETCHED,COMPLETE,FULL_MATCH,1,1
2026-08-05,"2026-08-05,2026-08-06",2,1,2026-08-05T22:30:00+00:00,INT,International,9656,CONCACAF Championship U20,calendar-2026-27,2026/27,1000018946,5869,Canada U20,608073,Jamaica U20,Quarter-finals,finished,FETCHED,COMPLETE,FULL_MATCH,4,2_PLUS
2026-08-05,"2026-08-05,2026-08-06",2,1,2026-08-05T23:00:00+00:00,USA,USA,9296,USL League One,calendar-2026-27,2026/27,5109489,267811,Richmond Kickers,422694,Cosmos,23,finished,FETCHED,COMPLETE,FULL_MATCH,1,1
2026-08-05,"2026-08-05,2026-08-06",2,1,2026-08-05T23:15:00+00:00,COL,Kolumbien,274,Primera A,calendar-2026-27,2026/27,1000014068,47240,Internacional de Bogota,424270,CD Jaguares,Clausura - Round 3,finished,FETCHED,COMPLETE,FULL_MATCH,1,1
2026-08-05,"2026-08-05,2026-08-06",2,1,2026-08-05T23:30:00+00:00,USA,USA,9296,USL League One,calendar-2026-27,2026/27,5109490,1701877,FC Naples,1701876,AV Alta,23,finished,FETCHED,COMPLETE,FULL_MATCH,2,2_PLUS
2026-08-05,"2026-08-05,2026-08-06",2,1,2026-08-05T23:30:00+00:00,INT,International,10043,Leagues Cup,calendar-2026-27,2026/27,5844828,960720,Inter Miami CF,6358,San Luis,1,finished,FETCHED,COMPLETE,FULL_MATCH,1,1
2026-08-05,"2026-08-05,2026-08-06",2,1,2026-08-05T23:30:00+00:00,INT,International,10043,Leagues Cup,calendar-2026-27,2026/27,5844829,7849,Monterrey,267810,Orlando,1,finished,FETCHED,COMPLETE,FULL_MATCH,2,2_PLUS
2026-08-05,"2026-08-05,2026-08-06",2,1,2026-08-06T00:00:00+00:00,BOL,Bolivien,144,Primera Division,calendar-2026-27,2026/27,1000011174,5983,Bolivar,1844,Oriente Petrolero,13,finished,FETCHED,COMPLETE,FULL_MATCH,1,1
2026-08-05,"2026-08-05,2026-08-06",2,1,2026-08-06T00:15:00+00:00,ARG,Argentinien,112,Liga Profesional,calendar-2026-27,2026/27,5115901,89396,Tigre,10092,Belgrano,2,finished,FETCHED,COMPLETE,FULL_MATCH,0,0
2026-08-05,"2026-08-05,2026-08-06",2,1,2026-08-06T00:30:00+00:00,BRA,Brasilien,9067,Copa do Brasil,calendar-2026-27,2026/27,1000012443,9863,Fluminense,10276,Vasco da Gama,8th Finals,finished,FETCHED,COMPLETE,FULL_MATCH,3,2_PLUS
2026-08-05,"2026-08-05,2026-08-06",2,1,2026-08-06T00:30:00+00:00,BRA,Brasilien,9067,Copa do Brasil,calendar-2026-27,2026/27,1000012458,8287,Fortaleza,10283,Palmeiras,8th Finals,finished,FETCHED,COMPLETE,FULL_MATCH,2,2_PLUS
2026-08-05,"2026-08-05,2026-08-06",2,1,2026-08-06T00:30:00+00:00,INT,International,10043,Leagues Cup,calendar-2026-27,2026/27,5844830,6399,Dallas,1943,Querétaro,1,finished,FETCHED,COMPLETE,FULL_MATCH,2,2_PLUS
2026-08-05,"2026-08-05,2026-08-06",2,1,2026-08-06T00:30:00+00:00,INT,International,10043,Leagues Cup,calendar-2026-27,2026/27,5844831,915807,Nashville SC,1841,León,1,finished,FETCHED,COMPLETE,FULL_MATCH,1,1
2026-08-05,"2026-08-05,2026-08-06",2,1,2026-08-06T01:00:00+00:00,USA,USA,8972,USL Championship,calendar-2026-27,2026/27,5109870,1003209,El Paso Locomotive FC,915808,Monterey Bay FC,1,finished,FETCHED,COMPLETE,FULL_MATCH,0,0
2026-08-05,"2026-08-05,2026-08-06",2,1,2026-08-06T01:30:00+00:00,COL,Kolumbien,274,Primera A,calendar-2026-27,2026/27,1000014073,6024,Once Caldas,10280,America de Cali,Clausura - Round 3,finished,FETCHED,COMPLETE,FULL_MATCH,1,1
2026-08-05,"2026-08-05,2026-08-06",2,1,2026-08-06T02:00:00+00:00,INT,International,9656,CONCACAF Championship U20,calendar-2026-27,2026/27,1000018947,5880,Mexico U20,5862,Panama U20,Quarter-finals,finished,FETCHED,COMPLETE,FULL_MATCH,3,2_PLUS
2026-08-05,"2026-08-05,2026-08-06",2,1,2026-08-06T02:00:00+00:00,USA,USA,9134,NWSL,calendar-2026-27,2026/27,5161589,1795705,Denver Summit FC (W),243295,North Carolina Courage (W),0,finished,FETCHED,COMPLETE,FULL_MATCH,2,2_PLUS
2026-08-05,"2026-08-05,2026-08-06",2,1,2026-08-06T02:00:00+00:00,INT,International,10043,Leagues Cup,calendar-2026-27,2026/27,5844832,6618,Toluca,130394,Seattle Sounders,1,finished,FETCHED,COMPLETE,FULL_MATCH,2,2_PLUS
2026-08-05,"2026-08-05,2026-08-06",2,1,2026-08-06T02:30:00+00:00,USA,USA,8972,USL Championship,calendar-2026-27,2026/27,5109871,915809,Las Vegas Lights FC,1130413,Oakland Roots SC,1,finished,FETCHED,COMPLETE,FULL_MATCH,0,0
2026-08-05,"2026-08-05,2026-08-06",2,1,2026-08-06T02:30:00+00:00,INT,International,10043,Leagues Cup,calendar-2026-27,2026/27,5844833,867280,LAFC,7807,Chivas,1,finished,FETCHED,COMPLETE,FULL_MATCH,0,0
2026-08-06,2026-08-06,1,0,2026-08-06T16:00:00+00:00,INT,International,10615,Conference League Qualifikation,calendar-2026-27,2026/27,5955329,866111,FC Noah,10179,Sion,3,finished,FETCHED,COMPLETE,FULL_MATCH,1,1
2026-08-06,2026-08-06,1,0,2026-08-06T16:00:00+00:00,INT,International,10615,Conference League Qualifikation,calendar-2026-27,2026/27,5955343,163540,Paide Linnameeskond,10015,Rapid Wien,3,finished,FETCHED,COMPLETE,FULL_MATCH,3,2_PLUS
2026-08-06,2026-08-06,1,0,2026-08-06T17:00:00+00:00,INT,International,10613,Europa League Qualifikation,calendar-2026-27,2026/27,5955030,1712,Hradec Kralove,10188,Beşiktaş,3,finished,FETCHED,COMPLETE,FULL_MATCH,1,1
2026-08-06,2026-08-06,1,0,2026-08-06T17:00:00+00:00,INT,International,10613,Europa League Qualifikation,calendar-2026-27,2026/27,5955037,10013,Salzburg,2137,Pafos FC,3,finished,FETCHED,COMPLETE,FULL_MATCH,1,1
2026-08-06,2026-08-06,1,0,2026-08-06T17:00:00+00:00,INT,International,10615,Conference League Qualifikation,calendar-2026-27,2026/27,5955322,624924,Riga FC,5755,Györi ETO,3,finished,FETCHED,COMPLETE,FULL_MATCH,0,0
2026-08-06,2026-08-06,1,0,2026-08-06T17:00:00+00:00,INT,International,10615,Conference League Qualifikation,calendar-2026-27,2026/27,5955332,9729,FC Sheriff,10190,St. Gallen,3,finished,FETCHED,COMPLETE,FULL_MATCH,4,2_PLUS
2026-08-06,2026-08-06,1,0,2026-08-06T17:00:00+00:00,INT,International,10615,Conference League Qualifikation,calendar-2026-27,2026/27,5955336,8688,Dynamo Kyiv,7981,Qarabag FK,3,finished,FETCHED,COMPLETE,FULL_MATCH,0,0
2026-08-06,2026-08-06,1,0,2026-08-06T17:00:00+00:00,INT,International,10615,Conference League Qualifikation,calendar-2026-27,2026/27,5955345,8369,Debrecen,8391,FC København,3,finished,FETCHED,COMPLETE,FULL_MATCH,1,1
2026-08-06,2026-08-06,1,0,2026-08-06T17:30:00+00:00,INT,International,10615,Conference League Qualifikation,calendar-2026-27,2026/27,5955334,8173,Beitar Jerusalem,10011,Austria Wien,3,finished,FETCHED,COMPLETE,FULL_MATCH,1,1
2026-08-06,2026-08-06,1,0,2026-08-06T17:45:00+00:00,INT,International,10613,Europa League Qualifikation,calendar-2026-27,2026/27,5955034,8619,PAOK Thessaloniki,8635,Anderlecht,3,finished,FETCHED,COMPLETE,FULL_MATCH,0,0
2026-08-06,2026-08-06,1,0,2026-08-06T18:00:00+00:00,INT,International,10613,Europa League Qualifikation,calendar-2026-27,2026/27,5955028,10191,Thun,6017,Vikingur Reykjavik,3,finished,FETCHED,COMPLETE,FULL_MATCH,1,1
2026-08-06,2026-08-06,1,0,2026-08-06T18:00:00+00:00,INT,International,10615,Conference League Qualifikation,calendar-2026-27,2026/27,5955327,8593,Ajax,5751,Shelbourne,3,finished,FETCHED,COMPLETE,FULL_MATCH,2,2_PLUS
2026-08-06,2026-08-06,1,0,2026-08-06T18:00:00+00:00,INT,International,10615,Conference League Qualifikation,calendar-2026-27,2026/27,5955348,8611,FC Twente,103598,DAC 1904 Dunajska Streda,3,finished,FETCHED,COMPLETE,FULL_MATCH,4,2_PLUS
2026-08-06,2026-08-06,1,0,2026-08-06T18:30:00+00:00,INT,International,10615,Conference League Qualifikation,calendar-2026-27,2026/27,5955331,8064,Valur,10202,Nordsjælland,3,finished,FETCHED,COMPLETE,FULL_MATCH,1,1
2026-08-06,2026-08-06,1,0,2026-08-06T18:30:00+00:00,INT,International,10615,Conference League Qualifikation,calendar-2026-27,2026/27,5955338,7896,Lugano,8110,NSI Runavik,3,finished,FETCHED,COMPLETE,FULL_MATCH,1,1
2026-08-06,2026-08-06,1,0,2026-08-06T18:45:00+00:00,ENG,England,133,EFL Cup,calendar-2026-27,2026/27,5840307,8427,Bristol City,10006,Walsall,1,finished,FETCHED,COMPLETE,FULL_MATCH,1,1
2026-08-06,2026-08-06,1,0,2026-08-06T18:45:00+00:00,INT,International,10615,Conference League Qualifikation,calendar-2026-27,2026/27,5955344,4594,Bohemian FC,8113,FC Midtjylland,3,finished,FETCHED,COMPLETE,FULL_MATCH,1,1
2026-08-06,2026-08-06,1,0,2026-08-06T19:00:00+00:00,BOL,Bolivien,144,Primera Division,calendar-2026-27,2026/27,1000011176,879029,Universitario de Vinto,1846,Real Potosi,13,finished,FETCHED,COMPLETE,FULL_MATCH,1,1
2026-08-06,2026-08-06,1,0,2026-08-06T19:00:00+00:00,INT,International,10613,Europa League Qualifikation,calendar-2026-27,2026/27,5955038,9772,Benfica,9860,Hearts,3,finished,FETCHED,COMPLETE,FULL_MATCH,4,2_PLUS
2026-08-06,2026-08-06,1,0,2026-08-06T19:30:00+00:00,VEN,Venezuela,339,Primera Division,calendar-2026-27,2026/27,1000018863,1267963,Rayo Zuliano,1349498,Anzoategui FC,Clausura - Round 2,finished,FETCHED,COMPLETE,FULL_MATCH,1,1
2026-08-06,2026-08-06,1,0,2026-08-06T20:00:00+00:00,INT,International,10371,Women's Africa Cup of Nations,calendar-2026-27,2026/27,1000005791,1263978,Mali,74875,Ghana,3,finished,FETCHED,COMPLETE,FULL_MATCH,1,1
2026-08-06,2026-08-06,1,0,2026-08-06T20:00:00+00:00,INT,International,10371,Women's Africa Cup of Nations,calendar-2026-27,2026/27,1000005792,1375373,Cape Verde,316116,Cameroon,3,finished,FETCHED,COMPLETE,FULL_MATCH,1,1
2026-08-06,2026-08-06,1,0,2026-08-06T20:00:00+00:00,PER,Peru,131,Liga 1,calendar-2026-27,2026/27,1000017183,4410,Alianza Atletico,1845,Cienciano,Clausura - Round 4,finished,FETCHED,COMPLETE,FULL_MATCH,1,1
2026-08-06,2026-08-06,1,0,2026-08-06T20:00:00+00:00,VEN,Venezuela,339,Primera Division,calendar-2026-27,2026/27,1000018864,93061,Estudiantes Merida,49686,Zamora FC,Clausura - Round 2,finished,FETCHED,COMPLETE,FULL_MATCH,1,1
2026-08-06,"2026-08-06,2026-08-07",2,1,2026-08-06T22:00:00+00:00,ARG,Argentinien,112,Liga Profesional,calendar-2026-27,2026/27,5115902,10096,Union,10082,Lanus,2,finished,FETCHED,COMPLETE,FULL_MATCH,3,2_PLUS
2026-08-06,"2026-08-06,2026-08-07",2,1,2026-08-06T22:30:00+00:00,VEN,Venezuela,339,Primera Division,calendar-2026-27,2026/27,1000018860,657277,Academia Puerto Cabello,7850,Caracas,Clausura - Round 2,finished,FETCHED,COMPLETE,FULL_MATCH,3,2_PLUS
2026-08-06,"2026-08-06,2026-08-07",2,1,2026-08-06T23:00:00+00:00,BRA,Brasilien,9067,Copa do Brasil,calendar-2026-27,2026/27,1000012444,9808,Corinthians,8702,Internacional,8th Finals,finished,FETCHED,COMPLETE,FULL_MATCH,2,2_PLUS
2026-08-06,"2026-08-06,2026-08-07",2,1,2026-08-06T23:00:00+00:00,BRA,Brasilien,9067,Copa do Brasil,calendar-2026-27,2026/27,1000012446,7733,Vitoria,10273,Athletico Paranaense,8th Finals,finished,FETCHED,COMPLETE,FULL_MATCH,2,2_PLUS
2026-08-06,"2026-08-06,2026-08-07",2,1,2026-08-06T23:30:00+00:00,BOL,Bolivien,144,Primera Division,calendar-2026-27,2026/27,1000011175,49678,Blooming,805913,Always Ready,13,finished,FETCHED,COMPLETE,FULL_MATCH,0,0
2026-08-06,"2026-08-06,2026-08-07",2,1,2026-08-06T23:30:00+00:00,INT,International,10043,Leagues Cup,calendar-2026-27,2026/27,5844834,546238,NYCFC,7857,Santos,1,finished,FETCHED,COMPLETE,FULL_MATCH,2,2_PLUS
2026-08-06,"2026-08-06,2026-08-07",2,1,2026-08-07T00:00:00+00:00,INT,International,10043,Leagues Cup,calendar-2026-27,2026/27,5844835,6578,Cruz Azul,191716,Philadelphia,1,finished,FETCHED,COMPLETE,FULL_MATCH,0,0
2026-08-06,"2026-08-06,2026-08-07",2,1,2026-08-07T00:30:00+00:00,INT,International,10043,Leagues Cup,calendar-2026-27,2026/27,5844836,6397,Chicago,1842,Necaxa,1,finished,FETCHED,COMPLETE,FULL_MATCH,1,1
2026-08-06,"2026-08-06,2026-08-07",2,1,2026-08-07T01:00:00+00:00,INT,International,10043,Leagues Cup,calendar-2026-27,2026/27,5844837,1218886,Austin FC,162418,Tijuana,1,finished,FETCHED,COMPLETE,FULL_MATCH,0,0
2026-08-06,"2026-08-06,2026-08-07",2,1,2026-08-07T02:00:00+00:00,INT,International,10043,Leagues Cup,calendar-2026-27,2026/27,5844838,6576,América,1701119,San Diego FC,1,finished,FETCHED,COMPLETE,FULL_MATCH,1,1
2026-08-06,"2026-08-06,2026-08-07",2,1,2026-08-07T02:30:00+00:00,INT,International,10043,Leagues Cup,calendar-2026-27,2026/27,5844839,307690,Portland,7847,Puebla,1,finished,FETCHED,COMPLETE,FULL_MATCH,2,2_PLUS
2026-08-07,2026-08-07,1,0,2026-08-07T10:25:00+00:00,JPN,Japan,223,J. League,calendar-2026-27,2026/27,5803519,6581,Yokohama F.Marinos,4397,Kashima Antlers,1,finished,FETCHED,COMPLETE,FULL_MATCH,4,2_PLUS
2026-08-07,2026-08-07,1,0,2026-08-07T10:30:00+00:00,JPN,Japan,223,J. League,calendar-2026-27,2026/27,5803518,6582,Gamba Osaka,6244,Urawa Red Diamonds,1,finished,FETCHED,COMPLETE,FULL_MATCH,4,2_PLUS
2026-08-07,2026-08-07,1,0,2026-08-07T11:00:00+00:00,KOR,Südkorea,9116,K League 2,calendar-2026-27,2026/27,5155864,429442,Chungnam Asan FC,821875,Ansan Greeners,21,finished,FETCHED,COMPLETE,FULL_MATCH,1,1
2026-08-07,2026-08-07,1,0,2026-08-07T11:00:00+00:00,KOR,Südkorea,9116,K League 2,calendar-2026-27,2026/27,5155865,833649,Gimpo FC,833651,Cheongju FC,21,finished,FETCHED,COMPLETE,FULL_MATCH,1,1
2026-08-07,2026-08-07,1,0,2026-08-07T11:00:00+00:00,KOR,Südkorea,9116,K League 2,calendar-2026-27,2026/27,5155866,133899,Gyeongnam FC,133897,Daegu FC,21,finished,FETCHED,COMPLETE,FULL_MATCH,1,1
2026-08-07,2026-08-07,1,0,2026-08-07T11:00:00+00:00,KOR,Südkorea,9116,K League 2,calendar-2026-27,2026/27,5155867,739800,Hwaseong FC,616212,Seoul E-Land FC,21,finished,FETCHED,COMPLETE,FULL_MATCH,0,0
2026-08-07,2026-08-07,1,0,2026-08-07T11:00:00+00:00,KOR,Südkorea,9116,K League 2,calendar-2026-27,2026/27,5155868,88517,Suwon Samsung Bluewings,187953,Gimhae FC 2008,21,finished,FETCHED,COMPLETE,FULL_MATCH,1,1
2026-08-07,2026-08-07,1,0,2026-08-07T11:00:00+00:00,KOR,Südkorea,9116,K League 2,calendar-2026-27,2026/27,5155869,1897657,Yongin FC,6092,Busan I'Park,21,finished,FETCHED,COMPLETE,FULL_MATCH,2,2_PLUS
2026-08-07,2026-08-07,1,0,2026-08-07T11:35:00+00:00,CHN,China,120,Super League,calendar-2026-27,2026/27,5186573,4177,Beijing Guoan,930027,Shenzhen Peng City,22,finished,FETCHED,COMPLETE,FULL_MATCH,2,2_PLUS
2026-08-07,2026-08-07,1,0,2026-08-07T12:00:00+00:00,INT,International,489,Vereins-Freundschaftsspiele,calendar-2026-27,2026/27,5449690,9823,Bayern München,10252,Aston Villa,1,finished,FETCHED,COMPLETE,FULL_MATCH,2,2_PLUS
2026-08-07,2026-08-07,1,0,2026-08-07T13:00:00+00:00,INT,International,9265,ASEAN Championship,calendar-2026-27,2026/27,5844742,5894,Vietnam,6332,Cambodia,5,finished,FETCHED,COMPLETE,FULL_MATCH,3,2_PLUS
2026-08-07,2026-08-07,1,0,2026-08-07T13:00:00+00:00,INT,International,9265,ASEAN Championship,calendar-2026-27,2026/27,5844743,5825,Singapore,6324,Indonesia,5,finished,FETCHED,COMPLETE,FULL_MATCH,2,2_PLUS
2026-08-07,2026-08-07,1,0,2026-08-07T16:00:00+00:00,FIN,Finnland,51,Veikkausliiga,calendar-2026-27,2026/27,5147615,162162,SJK,2361,IF Gnistan,19,finished,FETCHED,COMPLETE,FULL_MATCH,1,1
2026-08-07,2026-08-07,1,0,2026-08-07T17:00:00+00:00,NOR,Norwegen,59,Eliteserien,calendar-2026-27,2026/27,5104970,8609,Sandefjord,2305,KFUM,17,finished,FETCHED,COMPLETE,FULL_MATCH,0,0
2026-08-07,2026-08-07,1,0,2026-08-07T17:00:00+00:00,DEN,Dänemark,46,Superligaen,calendar-2026-27,2026/27,5739475,8487,Sønderjyske,9939,Viborg,3,finished,FETCHED,COMPLETE,FULL_MATCH,0,0
2026-08-07,2026-08-07,1,0,2026-08-07T17:00:00+00:00,CZE,Tschechien,122,1. Liga,calendar-2026-27,2026/27,5831125,1673,FC Zbrojovka Brno,10245,Slovan Liberec,3,finished,FETCHED,COMPLETE,FULL_MATCH,1,1
2026-08-07,2026-08-07,1,0,2026-08-07T17:00:00+00:00,GER,Deutschland,208,3. Liga,calendar-2026-27,2026/27,5905848,9743,Waldhof Mannheim,8194,Düsseldorf,1,finished,FETCHED,COMPLETE,FULL_MATCH,2,2_PLUS
2026-08-07,2026-08-07,1,0,2026-08-07T17:30:00+00:00,SUI,Schweiz,163,Challenge League,calendar-2026-27,2026/27,5804562,6404,Kriens,6447,Yverdon,3,finished,FETCHED,COMPLETE,FULL_MATCH,1,1
2026-08-07,2026-08-07,1,0,2026-08-07T17:30:00+00:00,SUI,Schweiz,163,Challenge League,calendar-2026-27,2026/27,5804563,289334,FC Stade Lausanne-Ouchy,185504,FC Rapperswil-Jona,3,finished,FETCHED,COMPLETE,FULL_MATCH,1,1
2026-08-07,2026-08-07,1,0,2026-08-07T17:30:00+00:00,SUI,Schweiz,163,Challenge League,calendar-2026-27,2026/27,5804564,7894,Winterthur,10175,Wil,3,finished,FETCHED,COMPLETE,FULL_MATCH,2,2_PLUS
2026-08-07,2026-08-07,1,0,2026-08-07T17:30:00+00:00,AUT,Österreich,38,Bundesliga,calendar-2026-27,2026/27,5845957,10008,Altach,1583,WSG Tirol,2,finished,FETCHED,COMPLETE,FULL_MATCH,2,2_PLUS
2026-08-07,2026-08-07,1,0,2026-08-07T18:00:00+00:00,PER,Peru,131,Liga 1,calendar-2026-27,2026/27,1000017184,165148,Sport Huancayo,741328,Los Chankas,Clausura - Round 4,finished,FETCHED,COMPLETE,FULL_MATCH,1,1
2026-08-07,2026-08-07,1,0,2026-08-07T18:00:00+00:00,NED,Niederlande,57,Eredivisie,calendar-2026-27,2026/27,5781701,7788,Cambuur,10218,Excelsior,1,finished,FETCHED,COMPLETE,FULL_MATCH,1,1
2026-08-07,2026-08-07,1,0,2026-08-07T18:00:00+00:00,NED,Niederlande,111,Eerste Divisie,calendar-2026-27,2026/27,5832799,6631,FC Dordrecht,163363,Jong Ajax,1,finished,FETCHED,COMPLETE,FULL_MATCH,0,0
2026-08-07,2026-08-07,1,0,2026-08-07T18:00:00+00:00,NED,Niederlande,111,Eerste Divisie,calendar-2026-27,2026/27,5832800,6660,FC Emmen,9803,Roda JC Kerkrade,1,finished,FETCHED,COMPLETE,FULL_MATCH,1,1
2026-08-07,2026-08-07,1,0,2026-08-07T18:00:00+00:00,NED,Niederlande,111,Eerste Divisie,calendar-2026-27,2026/27,5832801,7781,TOP Oss,9761,NAC Breda,1,finished,FETCHED,COMPLETE,FULL_MATCH,2,2_PLUS
2026-08-07,2026-08-07,1,0,2026-08-07T18:00:00+00:00,NED,Niederlande,111,Eerste Divisie,calendar-2026-27,2026/27,5832802,9839,VVV-Venlo,9791,Heracles,1,finished,FETCHED,COMPLETE,FULL_MATCH,5,2_PLUS
2026-08-07,2026-08-07,1,0,2026-08-07T18:00:00+00:00,NED,Niederlande,111,Eerste Divisie,calendar-2026-27,2026/27,5832803,8277,Vitesse,10219,RKC Waalwijk,1,finished,FETCHED,COMPLETE,FULL_MATCH,1,1
2026-08-07,2026-08-07,1,0,2026-08-07T18:00:00+00:00,ROU,Rumänien,189,Liga I,calendar-2026-27,2026/27,5853463,584663,UTA Arad,9738,Rapid Bucuresti,4,finished,FETCHED,COMPLETE,FULL_MATCH,0,0
2026-08-07,2026-08-07,1,0,2026-08-07T18:15:00+00:00,SUI,Schweiz,163,Challenge League,calendar-2026-27,2026/27,5804565,9930,Aarau,2442,Stade Nyonnais,3,finished,FETCHED,COMPLETE,FULL_MATCH,2,2_PLUS
2026-08-07,2026-08-07,1,0,2026-08-07T18:15:00+00:00,SUI,Schweiz,163,Challenge League,calendar-2026-27,2026/27,5804566,1594,Etoile Carouge,7955,Xamax,3,finished,FETCHED,COMPLETE,FULL_MATCH,0,0
2026-08-07,2026-08-07,1,0,2026-08-07T18:30:00+00:00,POL,Polen,196,Ekstraklasa,calendar-2026-27,2026/27,5803940,10265,Wisła Kraków,8243,Wisła Płock,3,finished,FETCHED,COMPLETE,FULL_MATCH,0,0
2026-08-07,2026-08-07,1,0,2026-08-07T18:30:00+00:00,GER,Deutschland,146,2. Bundesliga,calendar-2026-27,2026/27,5881627,9911,Bochum,8177,Hertha BSC,1,finished,FETCHED,COMPLETE,FULL_MATCH,0,0
2026-08-07,2026-08-07,1,0,2026-08-07T18:30:00+00:00,TUR,Türkei,165,1. Lig,calendar-2026-27,2026/27,5908580,4675,Boluspor,658812,Manisa Futbol Kulübü,1,finished,FETCHED,COMPLETE,FULL_MATCH,0,0
2026-08-07,2026-08-07,1,0,2026-08-07T18:45:00+00:00,IRL,Irland,126,Premier Liga,calendar-2026-27,2026/27,5100942,8338,Derry City,6361,Sligo Rovers,27,finished,FETCHED,COMPLETE,FULL_MATCH,2,2_PLUS
2026-08-07,2026-08-07,1,0,2026-08-07T18:45:00+00:00,IRL,Irland,126,Premier Liga,calendar-2026-27,2026/27,5100943,520517,Galway United FC,8339,Drogheda United,27,finished,FETCHED,COMPLETE,FULL_MATCH,0,0
2026-08-07,2026-08-07,1,0,2026-08-07T18:45:00+00:00,BEL,Belgien,40,First Division A,calendar-2026-27,2026/27,5811710,8342,Club Brugge,8571,Kortrijk,1,finished,FETCHED,COMPLETE,FULL_MATCH,2,2_PLUS
2026-08-07,2026-08-07,1,0,2026-08-07T18:45:00+00:00,ENG,England,133,EFL Cup,calendar-2026-27,2026/27,5840295,8602,Wolves,9799,Port Vale,1,finished,FETCHED,COMPLETE,FULL_MATCH,0,0
2026-08-07,2026-08-07,1,0,2026-08-07T18:45:00+00:00,ENG,England,133,EFL Cup,calendar-2026-27,2026/27,5840315,8676,Wycombe,10253,Stevenage,1,finished,FETCHED,COMPLETE,FULL_MATCH,1,1
2026-08-07,2026-08-07,1,0,2026-08-07T19:00:00+00:00,IRL,Irland,126,Premier Liga,calendar-2026-27,2026/27,5100946,4131,Shamrock Rovers,1853,Dundalk,27,finished,FETCHED,COMPLETE,FULL_MATCH,0,0
2026-08-07,2026-08-07,1,0,2026-08-07T19:00:00+00:00,ENG,England,133,EFL Cup,calendar-2026-27,2026/27,5840286,8549,Middlesbrough,9841,Wrexham,1,finished,FETCHED,COMPLETE,FULL_MATCH,1,1
2026-08-07,2026-08-07,1,0,2026-08-07T19:15:00+00:00,POR,Portugal,61,Liga Portugal,calendar-2026-27,2026/27,5887559,7842,Estoril,1634,Famalicao,1,finished,FETCHED,COMPLETE,FULL_MATCH,1,1
2026-08-07,2026-08-07,1,0,2026-08-07T20:15:00+00:00,PER,Peru,131,Liga 1,calendar-2026-27,2026/27,1000017186,536945,Comerciantes Unidos,305171,Cusco FC,Clausura - Round 4,finished,FETCHED,COMPLETE,FULL_MATCH,3,2_PLUS
2026-08-07,2026-08-07,1,0,2026-08-07T21:00:00+00:00,INT,International,9656,CONCACAF Championship U20,calendar-2026-27,2026/27,1000018955,67326,Costa Rica U20,5876,USA U20,Semi-finals,finished,FETCHED,COMPLETE,FULL_MATCH,1,1
2026-08-07,2026-08-07,1,0,2026-08-07T21:15:00+00:00,BOL,Bolivien,144,Primera Division,calendar-2026-27,2026/27,1000016446,1297346,ABB,114830,Guabira,14,finished,FETCHED,COMPLETE,FULL_MATCH,1,1
2026-08-07,2026-08-07,1,0,2026-08-07T21:30:00+00:00,PAR,Paraguay,199,Division Profesional,calendar-2026-27,2026/27,1000017371,162557,Rubio Nu,1427854,Recoleta,Clausura - Round 4,finished,FETCHED,COMPLETE,FULL_MATCH,3,2_PLUS
2026-08-07,"2026-08-07,2026-08-08",2,1,2026-08-07T22:30:00+00:00,ARG,Argentinien,112,Liga Profesional,calendar-2026-27,2026/27,5115928,10084,Rosario Central,161728,Aldosivi,4,finished,FETCHED,COMPLETE,FULL_MATCH,3,2_PLUS
2026-08-07,"2026-08-07,2026-08-08",2,1,2026-08-07T22:30:00+00:00,BRA,Brasilien,8814,Serie B,calendar-2026-27,2026/27,5190642,197429,Operario Ferroviario,231931,Sao Bernardo,21,finished,FETCHED,COMPLETE,FULL_MATCH,3,2_PLUS
2026-08-07,"2026-08-07,2026-08-08",2,1,2026-08-07T23:00:00+00:00,USA,USA,10282,MLS Next Pro,calendar-2026-27,2026/27,1000007697,1348111,Inter Miami CF II,1451868,Crown Legacy FC,24,finished,FETCHED,COMPLETE,FULL_MATCH,1,1
2026-08-07,"2026-08-07,2026-08-08",2,1,2026-08-07T23:00:00+00:00,CAN,Kanada,9986,Premier League,calendar-2026-27,2026/27,1000008684,1022955,Forge FC,1436202,Vancouver FC,16,finished,FETCHED,COMPLETE,FULL_MATCH,0,0
2026-08-07,"2026-08-07,2026-08-08",2,1,2026-08-07T23:00:00+00:00,CAN,Kanada,10872,Northern Super League,calendar-2026-27,2026/27,1000009200,1739717,Montreal Roses FC,1739714,Halifax Tides FC,Regular Season,finished,FETCHED,COMPLETE,FULL_MATCH,0,0
2026-08-07,"2026-08-07,2026-08-08",2,1,2026-08-07T23:00:00+00:00,USA,USA,9134,NWSL,calendar-2026-27,2026/27,5161593,728922,Orlando Pride (W),1237244,Racing Louisville (W),0,finished,FETCHED,COMPLETE,FULL_MATCH,3,2_PLUS
2026-08-07,"2026-08-07,2026-08-08",2,1,2026-08-07T23:30:00+00:00,BOL,Bolivien,144,Primera Division,calendar-2026-27,2026/27,1000016447,1074622,Real Tomayapo,1504766,CDT Real Oruro,14,finished,FETCHED,COMPLETE,FULL_MATCH,1,1
2026-08-07,"2026-08-07,2026-08-08",2,1,2026-08-07T23:30:00+00:00,BRA,Brasilien,8814,Serie B,calendar-2026-27,2026/27,5190643,172341,Ceara,8630,Ponte Preta,21,finished,FETCHED,COMPLETE,FULL_MATCH,1,1
2026-08-07,"2026-08-07,2026-08-08",2,1,2026-08-07T23:30:00+00:00,INT,International,10043,Leagues Cup,calendar-2026-27,2026/27,5844840,1323940,Charlotte FC,6577,Atlas,2,finished,FETCHED,COMPLETE,FULL_MATCH,2,2_PLUS
2026-08-07,"2026-08-07,2026-08-08",2,1,2026-08-07T23:30:00+00:00,INT,International,10043,Leagues Cup,calendar-2026-27,2026/27,5844841,6001,Columbus,7848,Pachuca,2,finished,FETCHED,COMPLETE,FULL_MATCH,1,1
2026-08-07,"2026-08-07,2026-08-08",2,1,2026-08-08T00:00:00+00:00,ECU,Ecuador,246,Serie A,calendar-2026-27,2026/27,1000009059,6721,LDU de Quito,192875,Independiente del Valle,24,finished,FETCHED,COMPLETE,FULL_MATCH,1,1
2026-08-07,"2026-08-07,2026-08-08",2,1,2026-08-08T00:25:00+00:00,USA,USA,9134,NWSL,calendar-2026-27,2026/27,5161590,189397,Gotham FC (W),1335917,San Diego Wave FC (W),0,finished,FETCHED,COMPLETE,FULL_MATCH,0,0
2026-08-07,"2026-08-07,2026-08-08",2,1,2026-08-08T00:27:00+00:00,INT,International,10043,Leagues Cup,calendar-2026-27,2026/27,5844842,722265,Cincinnati,1946,Pumas,2,finished,FETCHED,COMPLETE,FULL_MATCH,1,1
2026-08-07,"2026-08-07,2026-08-08",2,1,2026-08-08T00:30:00+00:00,CHI,Chile,273,Liga de Primera,calendar-2026-27,2026/27,1000013189,6458,Universidad Catolica,4055,Cobresal,18,finished,FETCHED,COMPLETE,FULL_MATCH,2,2_PLUS
2026-08-07,"2026-08-07,2026-08-08",2,1,2026-08-08T00:45:00+00:00,ARG,Argentinien,112,Liga Profesional,calendar-2026-27,2026/27,5115926,161729,Independiente Rivadavia,213591,Estudiantes de Rio Cuarto,4,finished,FETCHED,COMPLETE,FULL_MATCH,3,2_PLUS
2026-08-07,"2026-08-07,2026-08-08",2,1,2026-08-08T01:00:00+00:00,INT,International,10043,Leagues Cup,calendar-2026-27,2026/27,5844843,8561,Tigres,207242,Minnesota,2,finished,FETCHED,COMPLETE,FULL_MATCH,0,0
2026-08-07,"2026-08-07,2026-08-08",2,1,2026-08-08T01:30:00+00:00,PER,Peru,131,Liga 1,calendar-2026-27,2026/27,1000017185,4409,Universitario de Deportes,1848,Sporting Cristal,Clausura - Round 4,finished,FETCHED,COMPLETE,FULL_MATCH,2,2_PLUS
2026-08-07,"2026-08-07,2026-08-08",2,1,2026-08-08T02:30:00+00:00,INT,International,10043,Leagues Cup,calendar-2026-27,2026/27,5844844,307691,Vancouver,649424,Juárez,2,finished,FETCHED,COMPLETE,FULL_MATCH,2,2_PLUS
2026-08-07,"2026-08-07,2026-08-08",2,1,2026-08-08T03:00:00+00:00,INT,International,9656,CONCACAF Championship U20,calendar-2026-27,2026/27,1000018956,5869,Canada U20,5880,Mexico U20,Semi-finals,finished,FETCHED,COMPLETE,FULL_MATCH,2,2_PLUS
2026-08-08,2026-08-08,1,0,2026-08-08T09:30:00+00:00,AUS,Australien,9471,Australia Cup,calendar-2026-27,2026/27,5982130,323834,Western Sydney,6230,Melbourne Victory,1/8,finished,FETCHED,COMPLETE,FULL_MATCH,2,2_PLUS
2026-08-08,2026-08-08,1,0,2026-08-08T10:00:00+00:00,JPN,Japan,223,J. League,calendar-2026-27,2026/27,5803520,8270,Avispa Fukuoka,4688,Vissel Kobe,1,finished,FETCHED,COMPLETE,FULL_MATCH,0,0
2026-08-08,2026-08-08,1,0,2026-08-08T10:00:00+00:00,JPN,Japan,223,J. League,calendar-2026-27,2026/27,5803521,4692,Cerezo Osaka,164739,Fagiano Okayama FC,1,finished,FETCHED,COMPLETE,FULL_MATCH,0,0
2026-08-08,2026-08-08,1,0,2026-08-08T10:00:00+00:00,JPN,Japan,223,J. League,calendar-2026-27,2026/27,5803522,4399,FC Tokyo,194011,Machida Zelvia,1,finished,FETCHED,COMPLETE,FULL_MATCH,3,2_PLUS
2026-08-08,2026-08-08,1,0,2026-08-08T10:00:00+00:00,JPN,Japan,223,J. League,calendar-2026-27,2026/27,5803523,8699,Kashiwa Reysol,162195,Mito Hollyhock,1,finished,FETCHED,COMPLETE,FULL_MATCH,1,1
2026-08-08,2026-08-08,1,0,2026-08-08T10:00:00+00:00,JPN,Japan,223,J. League,calendar-2026-27,2026/27,5803524,8006,Nagoya Grampus,4426,Shimizu S-Pulse,1,finished,FETCHED,COMPLETE,FULL_MATCH,0,0
2026-08-08,2026-08-08,1,0,2026-08-08T10:15:00+00:00,JPN,Japan,223,J. League,calendar-2026-27,2026/27,5803525,6224,Sanfrecce,9756,JEF United Chiba,1,finished,FETCHED,COMPLETE,FULL_MATCH,2,2_PLUS
2026-08-08,2026-08-08,1,0,2026-08-08T11:00:00+00:00,KOR,Südkorea,9080,K League 1,calendar-2026-27,2026/27,5139988,429440,FC Anyang,133900,Daejeon Hana Citizen,22,finished,FETCHED,COMPLETE,FULL_MATCH,1,1
2026-08-08,2026-08-08,1,0,2026-08-08T11:00:00+00:00,KOR,Südkorea,9080,K League 1,calendar-2026-27,2026/27,5139989,429441,Bucheon FC 1995,245905,Gwangju FC,22,finished,FETCHED,COMPLETE,FULL_MATCH,0,0
2026-08-08,2026-08-08,1,0,2026-08-08T11:00:00+00:00,KOR,Südkorea,9080,K League 1,calendar-2026-27,2026/27,5139991,133901,Gimcheon Sangmu,92630,FC Seoul,22,finished,FETCHED,COMPLETE,FULL_MATCH,0,0
2026-08-08,2026-08-08,1,0,2026-08-08T11:00:00+00:00,KOR,Südkorea,9080,K League 1,calendar-2026-27,2026/27,5139992,46038,Jeonbuk Hyundai Motors FC,133898,Jeju SK,22,finished,FETCHED,COMPLETE,FULL_MATCH,3,2_PLUS
2026-08-08,2026-08-08,1,0,2026-08-08T11:00:00+00:00,KOR,Südkorea,9080,K League 1,calendar-2026-27,2026/27,5139993,109373,Pohang Steelers,133896,Ulsan HD FC,22,finished,FETCHED,COMPLETE,FULL_MATCH,2,2_PLUS
2026-08-08,2026-08-08,1,0,2026-08-08T11:00:00+00:00,KOR,Südkorea,9116,K League 2,calendar-2026-27,2026/27,5155870,739803,Paju Frontier,187951,Suwon FC,21,finished,FETCHED,COMPLETE,FULL_MATCH,1,1
2026-08-08,2026-08-08,1,0,2026-08-08T11:00:00+00:00,KOR,Südkorea,9116,K League 2,calendar-2026-27,2026/27,5155871,6614,Seongnam FC,187960,Cheonan City,21,finished,FETCHED,COMPLETE,FULL_MATCH,2,2_PLUS
2026-08-08,2026-08-08,1,0,2026-08-08T11:00:00+00:00,CHN,China,120,Super League,calendar-2026-27,2026/27,5186574,4183,Qingdao Hainiu,6628,Shanghai Shenhua,22,finished,FETCHED,COMPLETE,FULL_MATCH,1,1
2026-08-08,2026-08-08,1,0,2026-08-08T11:00:00+00:00,GER,Deutschland,146,2. Bundesliga,calendar-2026-27,2026/27,5881629,8262,Darmstadt,8150,Holstein Kiel,1,finished,FETCHED,COMPLETE,FULL_MATCH,2,2_PLUS
2026-08-08,2026-08-08,1,0,2026-08-08T11:00:00+00:00,GER,Deutschland,146,2. Bundesliga,calendar-2026-27,2026/27,5881630,94937,FC Heidenheim,9775,VfL Osnabrück,1,finished,FETCHED,COMPLETE,FULL_MATCH,2,2_PLUS
2026-08-08,2026-08-08,1,0,2026-08-08T11:00:00+00:00,GER,Deutschland,146,2. Bundesliga,calendar-2026-27,2026/27,5881631,8295,Karlsruher SC,9912,Arminia Bielefeld,1,finished,FETCHED,COMPLETE,FULL_MATCH,2,2_PLUS
2026-08-08,2026-08-08,1,0,2026-08-08T11:00:00+00:00,GER,Deutschland,146,2. Bundesliga,calendar-2026-27,2026/27,5881632,8188,Magdeburg,9776,Eintracht Braunschweig,1,finished,FETCHED,COMPLETE,FULL_MATCH,3,2_PLUS
2026-08-08,2026-08-08,1,0,2026-08-08T11:10:00+00:00,INT,International,489,Vereins-Freundschaftsspiele,calendar-2026-27,2026/27,5449692,9885,Juventus,8636,Inter,1,finished,FETCHED,COMPLETE,FULL_MATCH,2,2_PLUS
2026-08-08,2026-08-08,1,0,2026-08-08T11:35:00+00:00,CHN,China,120,Super League,calendar-2026-27,2026/27,5186575,1477043,Dalian Yingbo,737054,Liaoning Tieren,22,finished,FETCHED,COMPLETE,FULL_MATCH,0,0
2026-08-08,2026-08-08,1,0,2026-08-08T12:00:00+00:00,NOR,Norwegen,59,Eliteserien,calendar-2026-27,2026/27,5104972,8007,Vålerenga,8402,Bodø/Glimt,17,finished,FETCHED,COMPLETE,FULL_MATCH,2,2_PLUS
2026-08-08,2026-08-08,1,0,2026-08-08T12:00:00+00:00,CHN,China,120,Super League,calendar-2026-27,2026/27,5186577,1477056,Yunnan Yukun,737052,Chengdu Rongcheng FC,22,finished,FETCHED,COMPLETE,FULL_MATCH,1,1
2026-08-08,2026-08-08,1,0,2026-08-08T12:00:00+00:00,INT,International,489,Vereins-Freundschaftsspiele,calendar-2026-27,2026/27,5739312,8455,Chelsea,8564,Milan,1,finished,FETCHED,COMPLETE,FULL_MATCH,2,2_PLUS
2026-08-08,2026-08-08,1,0,2026-08-08T12:00:00+00:00,DEN,Dänemark,85,1. Division,calendar-2026-27,2026/27,5764568,8109,Aarhus Fremad,8289,HB Køge,3,finished,FETCHED,COMPLETE,FULL_MATCH,2,2_PLUS
2026-08-08,2026-08-08,1,0,2026-08-08T12:00:00+00:00,ENG,England,133,EFL Cup,calendar-2026-27,2026/27,5840311,9834,Cambridge,8175,Barnet,1,finished,FETCHED,COMPLETE,FULL_MATCH,3,2_PLUS
2026-08-08,2026-08-08,1,0,2026-08-08T12:00:00+00:00,GER,Deutschland,208,3. Liga,calendar-2026-27,2026/27,5905850,8293,MSV Duisburg,79904,Meppen,1,finished,FETCHED,COMPLETE,FULL_MATCH,2,2_PLUS
2026-08-08,2026-08-08,1,0,2026-08-08T12:00:00+00:00,GER,Deutschland,208,3. Liga,calendar-2026-27,2026/27,5905853,8234,Ingolstadt,145486,Würzburger Kickers,1,finished,FETCHED,COMPLETE,FULL_MATCH,0,0
2026-08-08,2026-08-08,1,0,2026-08-08T12:00:00+00:00,GER,Deutschland,208,3. Liga,calendar-2026-27,2026/27,5905855,89338,TSV Havelse,8458,VfB Stuttgart II,1,finished,FETCHED,COMPLETE,FULL_MATCH,3,2_PLUS
2026-08-08,2026-08-08,1,0,2026-08-08T12:00:00+00:00,GER,Deutschland,208,3. Liga,calendar-2026-27,2026/27,5905856,276267,Viktoria Köln 1904,7789,Jahn Regensburg,1,finished,FETCHED,COMPLETE,FULL_MATCH,5,2_PLUS
2026-08-08,2026-08-08,1,0,2026-08-08T12:00:00+00:00,GER,Deutschland,208,3. Liga,calendar-2026-27,2026/27,5905857,8196,Wehen Wiesbaden,8171,Preussen Münster,1,finished,FETCHED,COMPLETE,FULL_MATCH,2,2_PLUS
2026-08-08,2026-08-08,1,0,2026-08-08T12:30:00+00:00,RUS,Russland,63,Premier League,calendar-2026-27,2026/27,5847138,8709,Krylya Sovetov,49694,Baltika,3,finished,FETCHED,COMPLETE,FULL_MATCH,1,1
2026-08-08,2026-08-08,1,0,2026-08-08T12:45:00+00:00,POL,Polen,196,Ekstraklasa,calendar-2026-27,2026/27,5803937,5769,Radomiak Radom,8020,Górnik Zabrze,3,finished,FETCHED,COMPLETE,FULL_MATCH,2,2_PLUS
2026-08-08,2026-08-08,1,0,2026-08-08T13:00:00+00:00,SWE,Schweden,67,Allsvenskan,calendar-2026-27,2026/27,5107559,10002,Örgryte,8349,AIK,16,finished,FETCHED,COMPLETE,FULL_MATCH,4,2_PLUS
2026-08-08,2026-08-08,1,0,2026-08-08T13:00:00+00:00,LVA,Lettland,226,Virsliga,calendar-2026-27,2026/27,5162042,197864,BFC Daugavpils,197870,FK Tukums 2000,26,finished,FETCHED,COMPLETE,FULL_MATCH,2,2_PLUS
2026-08-08,2026-08-08,1,0,2026-08-08T13:00:00+00:00,ENG,England,133,EFL Cup,calendar-2026-27,2026/27,5840303,10172,QPR,10004,Millwall,1,finished,FETCHED,COMPLETE,FULL_MATCH,2,2_PLUS
2026-08-08,2026-08-08,1,0,2026-08-08T13:00:00+00:00,INT,International,9265,ASEAN Championship,calendar-2026-27,2026/27,5844757,5788,Thailand,8307,Myanmar,5,finished,FETCHED,COMPLETE,FULL_MATCH,1,1
2026-08-08,2026-08-08,1,0,2026-08-08T13:00:00+00:00,INT,International,9265,ASEAN Championship,calendar-2026-27,2026/27,5844758,5823,Malaysia,230139,Philippines,5,finished,FETCHED,COMPLETE,FULL_MATCH,0,0
2026-08-08,2026-08-08,1,0,2026-08-08T13:00:00+00:00,INT,International,489,Vereins-Freundschaftsspiele,calendar-2026-27,2026/27,5847099,8463,Leeds,178475,RB Leipzig,1,finished,FETCHED,COMPLETE,FULL_MATCH,1,1
2026-08-08,2026-08-08,1,0,2026-08-08T13:00:00+00:00,RSA,Südafrika,9474,South Africa 8 Cup,calendar-2026-27,2026/27,5954757,7866,Orlando Pirates,149599,Durban City,1/4,finished,FETCHED,COMPLETE,FULL_MATCH,2,2_PLUS
2026-08-08,2026-08-08,1,0,2026-08-08T14:00:00+00:00,NOR,Norwegen,59,Eliteserien,calendar-2026-27,2026/27,5104975,8478,Viking,8509,Sarpsborg 08,17,finished,FETCHED,COMPLETE,FULL_MATCH,2,2_PLUS
2026-08-08,2026-08-08,1,0,2026-08-08T14:00:00+00:00,DEN,Dänemark,85,1. Division,calendar-2026-27,2026/27,5764569,9950,Hobro,9805,AB,3,finished,FETCHED,COMPLETE,FULL_MATCH,1,1
2026-08-08,2026-08-08,1,0,2026-08-08T14:00:00+00:00,SCO,Schottland,64,Premiership,calendar-2026-27,2026/27,5793904,8284,Dundee FC,8485,Aberdeen,2,finished,FETCHED,COMPLETE,FULL_MATCH,1,1
2026-08-08,2026-08-08,1,0,2026-08-08T14:00:00+00:00,SCO,Schottland,64,Premiership,calendar-2026-27,2026/27,5793907,9800,St. Mirren,8467,St. Johnstone,2,finished,FETCHED,COMPLETE,FULL_MATCH,1,1
2026-08-08,2026-08-08,1,0,2026-08-08T14:00:00+00:00,ENG,England,133,EFL Cup,calendar-2026-27,2026/27,5840288,8283,Barnsley,8528,Wigan,1,finished,FETCHED,COMPLETE,FULL_MATCH,1,1
2026-08-08,2026-08-08,1,0,2026-08-08T14:00:00+00:00,ENG,England,133,EFL Cup,calendar-2026-27,2026/27,5840290,10007,Stockport County,9903,Doncaster,1,finished,FETCHED,COMPLETE,FULL_MATCH,2,2_PLUS
2026-08-08,2026-08-08,1,0,2026-08-08T14:00:00+00:00,ENG,England,133,EFL Cup,calendar-2026-27,2026/27,5840291,10163,Sheff Wed,8559,Bolton,1,finished,FETCHED,COMPLETE,FULL_MATCH,1,1
2026-08-08,2026-08-08,1,0,2026-08-08T14:00:00+00:00,ENG,England,133,EFL Cup,calendar-2026-27,2026/27,5840292,45723,Fleetwood,9786,Chesterfield,1,finished,FETCHED,COMPLETE,FULL_MATCH,0,0
2026-08-08,2026-08-08,1,0,2026-08-08T14:00:00+00:00,ENG,England,133,EFL Cup,calendar-2026-27,2026/27,5840293,9784,Crewe,8671,Accrington,1,finished,FETCHED,COMPLETE,FULL_MATCH,2,2_PLUS
2026-08-08,2026-08-08,1,0,2026-08-08T14:00:00+00:00,ENG,England,133,EFL Cup,calendar-2026-27,2026/27,5840294,10194,Stoke,9785,Oldham,1,finished,FETCHED,COMPLETE,FULL_MATCH,2,2_PLUS
2026-08-08,2026-08-08,1,0,2026-08-08T14:00:00+00:00,ENG,England,133,EFL Cup,calendar-2026-27,2026/27,5840296,8191,Burnley,9819,Notts County,1,finished,FETCHED,COMPLETE,FULL_MATCH,1,1
2026-08-08,2026-08-08,1,0,2026-08-08T14:00:00+00:00,ENG,England,133,EFL Cup,calendar-2026-27,2026/27,5840297,10170,Derby,8430,Lincoln,1,finished,FETCHED,COMPLETE,FULL_MATCH,0,0
2026-08-08,2026-08-08,1,0,2026-08-08T14:00:00+00:00,ENG,England,133,EFL Cup,calendar-2026-27,2026/27,5840298,8484,Bradford,8493,Rochdale,1,finished,FETCHED,COMPLETE,FULL_MATCH,1,1
2026-08-08,2026-08-08,1,0,2026-08-08T14:00:00+00:00,ENG,England,133,EFL Cup,calendar-2026-27,2026/27,5840299,9792,Burton,8655,Blackburn,1,finished,FETCHED,COMPLETE,FULL_MATCH,2,2_PLUS
2026-08-08,2026-08-08,1,0,2026-08-08T14:00:00+00:00,ENG,England,133,EFL Cup,calendar-2026-27,2026/27,5840300,282326,Salford,9896,Shrewsbury,1,finished,FETCHED,COMPLETE,FULL_MATCH,2,2_PLUS
2026-08-08,2026-08-08,1,0,2026-08-08T14:00:00+00:00,ENG,England,133,EFL Cup,calendar-2026-27,2026/27,5840301,10005,Grimsby,8483,Blackpool,1,finished,FETCHED,COMPLETE,FULL_MATCH,3,2_PLUS
2026-08-08,2026-08-08,1,0,2026-08-08T14:00:00+00:00,ENG,England,133,EFL Cup,calendar-2026-27,2026/27,5840302,8411,Preston,9796,Huddersfield,1,finished,FETCHED,COMPLETE,FULL_MATCH,1,1
2026-08-08,2026-08-08,1,0,2026-08-08T14:00:00+00:00,ENG,England,133,EFL Cup,calendar-2026-27,2026/27,5840305,10173,Gillingham,8346,Luton,1,finished,FETCHED,COMPLETE,FULL_MATCH,2,2_PLUS
2026-08-08,2026-08-08,1,0,2026-08-08T14:00:00+00:00,ENG,England,133,EFL Cup,calendar-2026-27,2026/27,5840306,8344,Cardiff,9795,Swindon,1,finished,FETCHED,COMPLETE,FULL_MATCH,2,2_PLUS
2026-08-08,2026-08-08,1,0,2026-08-08T14:00:00+00:00,ENG,England,133,EFL Cup,calendar-2026-27,2026/27,5840309,10104,Bristol Rovers,8677,Peterborough,1,finished,FETCHED,COMPLETE,FULL_MATCH,0,0
2026-08-08,2026-08-08,1,0,2026-08-08T14:00:00+00:00,ENG,England,133,EFL Cup,calendar-2026-27,2026/27,5840310,9817,Watford,8647,Crawley,1,finished,FETCHED,COMPLETE,FULL_MATCH,1,1
2026-08-08,2026-08-08,1,0,2026-08-08T14:00:00+00:00,ENG,England,133,EFL Cup,calendar-2026-27,2026/27,5840312,9850,Norwich,8645,MK Dons,1,finished,FETCHED,COMPLETE,FULL_MATCH,2,2_PLUS
2026-08-08,2026-08-08,1,0,2026-08-08T14:00:00+00:00,ENG,England,133,EFL Cup,calendar-2026-27,2026/27,5840314,8351,Leyton Orient,8653,Oxford Utd,1,finished,FETCHED,COMPLETE,FULL_MATCH,2,2_PLUS
2026-08-08,2026-08-08,1,0,2026-08-08T14:00:00+00:00,ENG,England,133,EFL Cup,calendar-2026-27,2026/27,5840316,45729,Bromley,9798,Reading,1,finished,FETCHED,COMPLETE,FULL_MATCH,0,0
2026-08-08,2026-08-08,1,0,2026-08-08T14:00:00+00:00,ENG,England,133,EFL Cup,calendar-2026-27,2026/27,5840317,10003,Swansea,8658,Birmingham,1,finished,FETCHED,COMPLETE,FULL_MATCH,0,0
2026-08-08,2026-08-08,1,0,2026-08-08T14:00:00+00:00,ENG,England,133,EFL Cup,calendar-2026-27,2026/27,5840318,8654,West Ham,8462,Portsmouth,1,finished,FETCHED,COMPLETE,FULL_MATCH,1,1
2026-08-08,2026-08-08,1,0,2026-08-08T14:00:00+00:00,ENG,England,133,EFL Cup,calendar-2026-27,2026/27,5840319,158319,Wimbledon,10262,Newport,1,finished,FETCHED,COMPLETE,FULL_MATCH,2,2_PLUS
2026-08-08,2026-08-08,1,0,2026-08-08T14:00:00+00:00,ENG,England,133,EFL Cup,calendar-2026-27,2026/27,5840320,8197,Leicester,8651,Northampton,1,finished,FETCHED,COMPLETE,FULL_MATCH,0,0
2026-08-08,2026-08-08,1,0,2026-08-08T14:00:00+00:00,INT,International,489,Vereins-Freundschaftsspiele,calendar-2026-27,2026/27,5874662,10204,Brighton,8686,Roma,1,finished,FETCHED,COMPLETE,FULL_MATCH,1,1
2026-08-08,2026-08-08,1,0,2026-08-08T14:00:00+00:00,TUR,Türkei,165,1. Lig,calendar-2026-27,2026/27,5908577,162975,Bandırmaspor,106560,Istanbulspor,1,finished,FETCHED,COMPLETE,FULL_MATCH,1,1
2026-08-08,2026-08-08,1,0,2026-08-08T14:30:00+00:00,NED,Niederlande,57,Eredivisie,calendar-2026-27,2026/27,5781698,8464,NEC Nijmegen,6414,Telstar,1,finished,FETCHED,COMPLETE,FULL_MATCH,1,1
2026-08-08,2026-08-08,1,0,2026-08-08T14:30:00+00:00,NED,Niederlande,111,Eerste Divisie,calendar-2026-27,2026/27,5832810,9835,FC Den Bosch,4116,Almere City FC,1,finished,FETCHED,COMPLETE,FULL_MATCH,2,2_PLUS
2026-08-08,2026-08-08,1,0,2026-08-08T14:30:00+00:00,POR,Portugal,61,Liga Portugal,calendar-2026-27,2026/27,5887561,10212,Maritimo,212821,Casa Pia AC,1,finished,FETCHED,COMPLETE,FULL_MATCH,1,1
2026-08-08,2026-08-08,1,0,2026-08-08T14:30:00+00:00,GER,Deutschland,208,3. Liga,calendar-2026-27,2026/27,5905851,94941,Sonnenhof Großaspach,7786,Fortuna Köln,1,finished,FETCHED,COMPLETE,FULL_MATCH,0,0
2026-08-08,2026-08-08,1,0,2026-08-08T15:00:00+00:00,INT,International,489,Vereins-Freundschaftsspiele,calendar-2026-27,2026/27,5449684,10260,Man United,9847,PSG,1,finished,FETCHED,COMPLETE,FULL_MATCH,0,0
2026-08-08,2026-08-08,1,0,2026-08-08T15:00:00+00:00,CZE,Tschechien,122,1. Liga,calendar-2026-27,2026/27,5831131,4721,Teplice,6033,Viktoria Plzen,3,finished,FETCHED,COMPLETE,FULL_MATCH,3,2_PLUS
2026-08-08,2026-08-08,1,0,2026-08-08T15:00:00+00:00,CZE,Tschechien,122,1. Liga,calendar-2026-27,2026/27,5831132,1860,FC Zlin,1670,Bohemians 1905,3,finished,FETCHED,COMPLETE,FULL_MATCH,1,1
2026-08-08,2026-08-08,1,0,2026-08-08T15:00:00+00:00,AUT,Österreich,38,Bundesliga,calendar-2026-27,2026/27,5845958,10012,Grazer AK,9982,Austria Lustenau,2,finished,FETCHED,COMPLETE,FULL_MATCH,2,2_PLUS
2026-08-08,2026-08-08,1,0,2026-08-08T15:00:00+00:00,RUS,Russland,63,Premier League,calendar-2026-27,2026/27,5847139,8710,Lokomotiv,1068364,Akron Togliatti,3,finished,FETCHED,COMPLETE,FULL_MATCH,0,0
2026-08-08,2026-08-08,1,0,2026-08-08T15:30:00+00:00,SWE,Schweden,67,Allsvenskan,calendar-2026-27,2026/27,5107560,8127,Mjällby,8014,Elfsborg,16,finished,FETCHED,COMPLETE,FULL_MATCH,0,0
2026-08-08,2026-08-08,1,0,2026-08-08T15:30:00+00:00,POL,Polen,196,Ekstraklasa,calendar-2026-27,2026/27,5803936,8023,Pogoń Szczecin,89466,Motor Lublin,3,finished,FETCHED,COMPLETE,FULL_MATCH,2,2_PLUS
2026-08-08,2026-08-08,1,0,2026-08-08T15:30:00+00:00,ROU,Rumänien,189,Liga I,calendar-2026-27,2026/27,5853458,210132,FCV Farul Constanta,583690,Csikszereda Miercurea Ciuc,4,finished,FETCHED,COMPLETE,FULL_MATCH,1,1
2026-08-08,2026-08-08,1,0,2026-08-08T16:00:00+00:00,USA,USA,10282,MLS Next Pro,calendar-2026-27,2026/27,1000007701,722264,Philadelphia Union II,1348109,FC Cincinnati 2,24,finished,FETCHED,COMPLETE,FULL_MATCH,1,1
2026-08-08,2026-08-08,1,0,2026-08-08T16:00:00+00:00,NOR,Norwegen,59,Eliteserien,calendar-2026-27,2026/27,5104971,9919,Start,8417,Fredrikstad,17,finished,FETCHED,COMPLETE,FULL_MATCH,0,0
2026-08-08,2026-08-08,1,0,2026-08-08T16:00:00+00:00,FIN,Finnland,51,Veikkausliiga,calendar-2026-27,2026/27,5147620,8473,FF Jaro,6597,VPS,19,finished,FETCHED,COMPLETE,FULL_MATCH,1,1
2026-08-08,2026-08-08,1,0,2026-08-08T16:00:00+00:00,SVK,Slowakei,176,1. liga,calendar-2026-27,2026/27,5772150,9899,Zemplin Michalovce,611956,Komarno,3,finished,FETCHED,COMPLETE,FULL_MATCH,1,1
2026-08-08,2026-08-08,1,0,2026-08-08T16:00:00+00:00,SVK,Slowakei,176,1. liga,calendar-2026-27,2026/27,5772155,10186,Ruzomberok,2437,Zeleziarne Podbrezova,3,finished,FETCHED,COMPLETE,FULL_MATCH,2,2_PLUS
2026-08-08,2026-08-08,1,0,2026-08-08T16:00:00+00:00,SUI,Schweiz,69,Super League,calendar-2026-27,2026/27,5804233,7730,Lausanne,10192,Young Boys,3,finished,FETCHED,COMPLETE,FULL_MATCH,4,2_PLUS
2026-08-08,2026-08-08,1,0,2026-08-08T16:00:00+00:00,TUR,Türkei,165,1. Lig,calendar-2026-27,2026/27,5908579,281460,Ümraniyespor,1088486,Mardin 1969 Spor,1,finished,FETCHED,COMPLETE,FULL_MATCH,0,0
2026-08-08,2026-08-08,1,0,2026-08-08T16:00:00+00:00,TUR,Türkei,165,1. Lig,calendar-2026-27,2026/27,5908582,6265,Sivasspor,863838,Esenler Erokspor,1,finished,FETCHED,COMPLETE,FULL_MATCH,0,0
2026-08-08,2026-08-08,1,0,2026-08-08T16:00:00+00:00,RSA,Südafrika,9474,South Africa 8 Cup,calendar-2026-27,2026/27,5954758,4530,Mamelodi Sundowns FC,149600,Polokwane City,1/4,finished,FETCHED,COMPLETE,FULL_MATCH,2,2_PLUS
2026-08-08,2026-08-08,1,0,2026-08-08T16:15:00+00:00,BEL,Belgien,40,First Division A,calendar-2026-27,2026/27,5811712,9985,Standard Liege,9984,Cercle Brugge,1,finished,FETCHED,COMPLETE,FULL_MATCH,2,2_PLUS
2026-08-08,2026-08-08,1,0,2026-08-08T16:30:00+00:00,CRO,Kroatien,252,HNL,calendar-2026-27,2026/27,5765902,187866,Rudes,10157,Osijek,2,finished,FETCHED,COMPLETE,FULL_MATCH,3,2_PLUS
2026-08-08,2026-08-08,1,0,2026-08-08T16:30:00+00:00,ENG,England,133,EFL Cup,calendar-2026-27,2026/27,5840287,8119,Rotherham,8659,West Brom,1,finished,FETCHED,COMPLETE,FULL_MATCH,3,2_PLUS
2026-08-08,2026-08-08,1,0,2026-08-08T16:30:00+00:00,ENG,England,133,EFL Cup,calendar-2026-27,2026/27,5840304,8680,Cheltenham,8451,Charlton,1,finished,FETCHED,COMPLETE,FULL_MATCH,1,1
2026-08-08,2026-08-08,1,0,2026-08-08T16:30:00+00:00,ENG,England,133,EFL Cup,calendar-2026-27,2026/27,5840313,8416,Colchester,8466,Southampton,1,finished,FETCHED,COMPLETE,FULL_MATCH,2,2_PLUS
2026-08-08,2026-08-08,1,0,2026-08-08T16:45:00+00:00,NED,Niederlande,57,Eredivisie,calendar-2026-27,2026/27,5781702,6433,Go Ahead Eagles,8525,Willem II,1,finished,FETCHED,COMPLETE,FULL_MATCH,3,2_PLUS
2026-08-08,2026-08-08,1,0,2026-08-08T17:00:00+00:00,CAN,Kanada,9986,Premier League,calendar-2026-27,2026/27,1000008685,1135780,Atlético Ottawa,1022948,HFX Wanderers FC,16,finished,FETCHED,COMPLETE,FULL_MATCH,2,2_PLUS
2026-08-08,2026-08-08,1,0,2026-08-08T17:00:00+00:00,INT,International,10371,Women's Africa Cup of Nations,calendar-2026-27,2026/27,1000018951,604108,Ivory Coast,1316257,Algeria,Quarter-finals,finished,FETCHED,COMPLETE,FULL_MATCH,2,2_PLUS
2026-08-08,2026-08-08,1,0,2026-08-08T17:00:00+00:00,POR,Portugal,61,Liga Portugal,calendar-2026-27,2026/27,5887566,7844,Vitoria de Guimaraes,158085,Arouca,1,finished,FETCHED,COMPLETE,FULL_MATCH,1,1
2026-08-08,2026-08-08,1,0,2026-08-08T17:00:00+00:00,INT,International,489,Vereins-Freundschaftsspiele,calendar-2026-27,2026/27,5970397,8222,Ferencvaros,8633,Real Madrid,1,finished,FETCHED,COMPLETE,FULL_MATCH,2,2_PLUS
2026-08-08,2026-08-08,1,0,2026-08-08T17:30:00+00:00,AUT,Österreich,38,Bundesliga,calendar-2026-27,2026/27,5845959,10056,Hartberg,10014,Sturm Graz,2,finished,FETCHED,COMPLETE,FULL_MATCH,2,2_PLUS
2026-08-08,2026-08-08,1,0,2026-08-08T17:30:00+00:00,RUS,Russland,63,Premier League,calendar-2026-27,2026/27,5847257,9760,CSKA,8705,Rostov,3,finished,FETCHED,COMPLETE,FULL_MATCH,0,0
2026-08-08,2026-08-08,1,0,2026-08-08T17:45:00+00:00,ARG,Argentinien,112,Liga Profesional,calendar-2026-27,2026/27,5115919,161727,Atletico Tucuman,202757,Sarmiento,4,finished,FETCHED,COMPLETE,FULL_MATCH,3,2_PLUS
2026-08-08,2026-08-08,1,0,2026-08-08T17:45:00+00:00,ARG,Argentinien,112,Liga Profesional,calendar-2026-27,2026/27,5115923,298629,Deportivo Riestra,10094,Estudiantes,4,finished,FETCHED,COMPLETE,FULL_MATCH,1,1
2026-08-08,2026-08-08,1,0,2026-08-08T18:00:00+00:00,SRB,Serbien,182,Super Liga,calendar-2026-27,2026/27,1000015092,1675,FK Radnicki 1923,6231,FK Zemun,4,finished,FETCHED,COMPLETE,FULL_MATCH,1,1
2026-08-08,2026-08-08,1,0,2026-08-08T18:00:00+00:00,SRB,Serbien,182,Super Liga,calendar-2026-27,2026/27,1000015095,8687,FK Crvena Zvezda,187854,Novi Pazar,4,finished,FETCHED,COMPLETE,FULL_MATCH,1,1
2026-08-08,2026-08-08,1,0,2026-08-08T18:00:00+00:00,NED,Niederlande,57,Eredivisie,calendar-2026-27,2026/27,5781700,8640,PSV Eindhoven,6422,Fortuna Sittard,1,finished,FETCHED,COMPLETE,FULL_MATCH,3,2_PLUS
2026-08-08,2026-08-08,1,0,2026-08-08T18:00:00+00:00,CZE,Tschechien,122,1. Liga,calendar-2026-27,2026/27,5831129,10180,Mlada Boleslav,10247,Sparta Prague,3,finished,FETCHED,COMPLETE,FULL_MATCH,0,0
2026-08-08,2026-08-08,1,0,2026-08-08T18:00:00+00:00,PER,Peru,131,Liga 1,calendar-2026-27,2026/27,5851073,425692,CD UT Cajamarca,1104719,Asociacion Deportiva Tarma,Clausura - Round 4,finished,FETCHED,COMPLETE,FULL_MATCH,2,2_PLUS
2026-08-08,2026-08-08,1,0,2026-08-08T18:00:00+00:00,INT,International,489,Vereins-Freundschaftsspiele,calendar-2026-27,2026/27,5900327,8637,Galatasaray,10205,Villarreal,1,finished,FETCHED,COMPLETE,FULL_MATCH,0,0
2026-08-08,2026-08-08,1,0,2026-08-08T18:15:00+00:00,POL,Polen,196,Ekstraklasa,calendar-2026-27,2026/27,5803934,8245,Korona Kielce,8673,Legia Warszawa,3,finished,FETCHED,COMPLETE,FULL_MATCH,1,1
2026-08-08,2026-08-08,1,0,2026-08-08T18:30:00+00:00,SVK,Slowakei,176,1. liga,calendar-2026-27,2026/27,5772152,4662,Spartak Trnava,2169,Dukla Banska Bystrica,3,finished,FETCHED,COMPLETE,FULL_MATCH,0,0
2026-08-08,2026-08-08,1,0,2026-08-08T18:30:00+00:00,SUI,Schweiz,69,Super League,calendar-2026-27,2026/27,5804234,9777,Servette,9956,Grasshopper,3,finished,FETCHED,COMPLETE,FULL_MATCH,1,1
2026-08-08,2026-08-08,1,0,2026-08-08T18:30:00+00:00,ROU,Rumänien,189,Liga I,calendar-2026-27,2026/27,5853457,10271,Dinamo Bucuresti,405332,FC Voluntari,4,finished,FETCHED,COMPLETE,FULL_MATCH,3,2_PLUS
2026-08-08,2026-08-08,1,0,2026-08-08T18:30:00+00:00,GER,Deutschland,146,2. Bundesliga,calendar-2026-27,2026/27,5881635,8721,Wolfsburg,8350,Kaiserslautern,1,finished,FETCHED,COMPLETE,FULL_MATCH,0,0
2026-08-08,2026-08-08,1,0,2026-08-08T18:30:00+00:00,TUR,Türkei,165,1. Lig,calendar-2026-27,2026/27,5908576,1931,Antalyaspor,8387,Keçiörengücü,1,finished,FETCHED,COMPLETE,FULL_MATCH,6,2_PLUS
2026-08-08,2026-08-08,1,0,2026-08-08T18:45:00+00:00,FRA,Frankreich,110,Ligue 2,calendar-2026-27,2026/27,5803209,4170,Boulogne,8481,Nancy,1,finished,FETCHED,COMPLETE,FULL_MATCH,0,0
2026-08-08,2026-08-08,1,0,2026-08-08T18:45:00+00:00,FRA,Frankreich,110,Ligue 2,calendar-2026-27,2026/27,5803210,8311,Clermont Foot,9837,Reims,1,finished,FETCHED,COMPLETE,FULL_MATCH,0,0
2026-08-08,2026-08-08,1,0,2026-08-08T18:45:00+00:00,FRA,Frankreich,110,Ligue 2,calendar-2026-27,2026/27,5803211,47214,Dunkerque,9855,Grenoble,1,finished,FETCHED,COMPLETE,FULL_MATCH,4,2_PLUS
2026-08-08,2026-08-08,1,0,2026-08-08T18:45:00+00:00,FRA,Frankreich,110,Ligue 2,calendar-2026-27,2026/27,5803212,8550,Metz,9747,Guingamp,1,finished,FETCHED,COMPLETE,FULL_MATCH,3,2_PLUS
2026-08-08,2026-08-08,1,0,2026-08-08T18:45:00+00:00,FRA,Frankreich,110,Ligue 2,calendar-2026-27,2026/27,5803213,10249,Montpellier,9836,Dijon,1,finished,FETCHED,COMPLETE,FULL_MATCH,2,2_PLUS
2026-08-08,2026-08-08,1,0,2026-08-08T18:45:00+00:00,FRA,Frankreich,110,Ligue 2,calendar-2026-27,2026/27,5803214,9830,Nantes,6390,Red Star,1,finished,FETCHED,COMPLETE,FULL_MATCH,1,1
2026-08-08,2026-08-08,1,0,2026-08-08T18:45:00+00:00,FRA,Frankreich,110,Ligue 2,calendar-2026-27,2026/27,5803215,6355,Pau,293352,Annecy FC,1,finished,FETCHED,COMPLETE,FULL_MATCH,0,0
2026-08-08,2026-08-08,1,0,2026-08-08T18:45:00+00:00,FRA,Frankreich,110,Ligue 2,calendar-2026-27,2026/27,5803216,4120,Rodez,7853,Laval,1,finished,FETCHED,COMPLETE,FULL_MATCH,4,2_PLUS
2026-08-08,2026-08-08,1,0,2026-08-08T18:45:00+00:00,FRA,Frankreich,110,Ligue 2,calendar-2026-27,2026/27,5803217,9874,Sochaux,9853,Saint-Etienne,1,finished,FETCHED,COMPLETE,FULL_MATCH,0,0
2026-08-08,2026-08-08,1,0,2026-08-08T18:45:00+00:00,BEL,Belgien,40,First Division A,calendar-2026-27,2026/27,5811713,9997,St.Truiden,6702,Lommel,1,finished,FETCHED,COMPLETE,FULL_MATCH,1,1
2026-08-08,2026-08-08,1,0,2026-08-08T18:45:00+00:00,BEL,Belgien,40,First Division A,calendar-2026-27,2026/27,5811714,10001,Westerlo,7978,Union St.Gilloise,1,finished,FETCHED,COMPLETE,FULL_MATCH,4,2_PLUS
2026-08-08,2026-08-08,1,0,2026-08-08T19:00:00+00:00,CHI,Chile,273,Liga de Primera,calendar-2026-27,2026/27,1000013194,4056,Huachipato,1890,Everton CD,18,finished,FETCHED,COMPLETE,FULL_MATCH,1,1
2026-08-08,2026-08-08,1,0,2026-08-08T19:00:00+00:00,COL,Kolumbien,274,Primera A,calendar-2026-27,2026/27,1000014082,7818,Santa Fe,6255,Chico FC,Clausura - Round 4,finished,FETCHED,COMPLETE,FULL_MATCH,2,2_PLUS
2026-08-08,2026-08-08,1,0,2026-08-08T19:00:00+00:00,BOL,Bolivien,144,Primera Division,calendar-2026-27,2026/27,1000016448,1297060,San Antonio Bulo Bulo,164353,Nacional Potosi,14,finished,FETCHED,COMPLETE,FULL_MATCH,2,2_PLUS
2026-08-08,2026-08-08,1,0,2026-08-08T19:00:00+00:00,PAR,Paraguay,199,Division Profesional,calendar-2026-27,2026/27,1000017369,1242560,Sportivo Ameliano,6295,Cerro Porteno,Clausura - Round 4,finished,FETCHED,COMPLETE,FULL_MATCH,1,1
2026-08-08,2026-08-08,1,0,2026-08-08T19:00:00+00:00,BRA,Brasilien,268,Serie A,calendar-2026-27,2026/27,5103580,9769,Gremio,10277,Sao Paulo,22,finished,FETCHED,COMPLETE,FULL_MATCH,2,2_PLUS
2026-08-08,2026-08-08,1,0,2026-08-08T19:00:00+00:00,BRA,Brasilien,8814,Serie B,calendar-2026-27,2026/27,5190648,109706,Vila Nova,6305,Sport Recife,21,finished,FETCHED,COMPLETE,FULL_MATCH,0,0
2026-08-08,2026-08-08,1,0,2026-08-08T19:00:00+00:00,CRO,Kroatien,252,HNL,calendar-2026-27,2026/27,5765900,175388,NK Lokomotiva,206560,HNK Gorica,2,finished,FETCHED,COMPLETE,FULL_MATCH,2,2_PLUS
2026-08-08,2026-08-08,1,0,2026-08-08T19:00:00+00:00,NED,Niederlande,57,Eredivisie,calendar-2026-27,2026/27,5781699,10229,AZ Alkmaar,10217,ADO Den Haag,1,finished,FETCHED,COMPLETE,FULL_MATCH,2,2_PLUS
2026-08-08,2026-08-08,1,0,2026-08-08T19:00:00+00:00,INT,International,489,Vereins-Freundschaftsspiele,calendar-2026-27,2026/27,5898826,10267,Valencia,10261,Newcastle,1,finished,FETCHED,COMPLETE,FULL_MATCH,2,2_PLUS
2026-08-08,2026-08-08,1,0,2026-08-08T19:30:00+00:00,POR,Portugal,61,Liga Portugal,calendar-2026-27,2026/27,5887558,1074320,Estrela da Amadora,9768,Sporting CP,1,finished,FETCHED,COMPLETE,FULL_MATCH,4,2_PLUS
2026-08-08,2026-08-08,1,0,2026-08-08T20:00:00+00:00,USA,USA,10282,MLS Next Pro,calendar-2026-27,2026/27,1000007693,614322,Portland Timbers 2,1451871,Los Angeles FC II,24,finished,FETCHED,COMPLETE,FULL_MATCH,0,0
2026-08-08,2026-08-08,1,0,2026-08-08T20:00:00+00:00,VEN,Venezuela,339,Primera Division,calendar-2026-27,2026/27,1000018868,49683,Monagas SC,49681,Carabobo FC,Clausura - Round 3,finished,FETCHED,COMPLETE,FULL_MATCH,1,1
2026-08-08,2026-08-08,1,0,2026-08-08T20:00:00+00:00,INT,International,10371,Women's Africa Cup of Nations,calendar-2026-27,2026/27,1000018950,1129300,Morocco,316118,South Africa,Quarter-finals,finished,FETCHED,COMPLETE,FULL_MATCH,2,2_PLUS
2026-08-08,2026-08-08,1,0,2026-08-08T20:00:00+00:00,ARG,Argentinien,112,Liga Profesional,calendar-2026-27,2026/27,5115931,89396,Tigre,10076,River Plate,4,finished,FETCHED,COMPLETE,FULL_MATCH,1,1
2026-08-08,2026-08-08,1,0,2026-08-08T20:30:00+00:00,USA,USA,130,MLS,calendar-2026-27,2026/27,5071021,6580,New England,8259,Houston,3,finished,FETCHED,COMPLETE,FULL_MATCH,1,1
2026-08-08,2026-08-08,1,0,2026-08-08T20:30:00+00:00,PER,Peru,131,Liga 1,calendar-2026-27,2026/27,5851077,1573153,ADC Juan Pablo II,920789,Atletico Grau,Clausura - Round 4,finished,FETCHED,COMPLETE,FULL_MATCH,0,0
2026-08-08,2026-08-08,1,0,2026-08-08T21:00:00+00:00,CAN,Kanada,9986,Premier League,calendar-2026-27,2026/27,1000008686,1022953,Pacific FC,1022954,Inter Toronto FC,16,finished,FETCHED,COMPLETE,FULL_MATCH,1,1
2026-08-08,2026-08-08,1,0,2026-08-08T21:15:00+00:00,BOL,Bolivien,144,Primera Division,calendar-2026-27,2026/27,1000016449,2527,The Strongest,958325,Independiente Petrolero,14,finished,FETCHED,COMPLETE,FULL_MATCH,2,2_PLUS
2026-08-08,2026-08-08,1,0,2026-08-08T21:20:00+00:00,COL,Kolumbien,274,Primera A,calendar-2026-27,2026/27,1000014080,244167,Fortaleza FC,6254,Cucuta,Clausura - Round 4,finished,FETCHED,COMPLETE,FULL_MATCH,1,1
2026-08-08,2026-08-08,1,0,2026-08-08T21:30:00+00:00,ECU,Ecuador,246,Serie A,calendar-2026-27,2026/27,1000009064,6608,Aucas,1370528,Leones del Norte,24,finished,FETCHED,COMPLETE,FULL_MATCH,1,1
2026-08-08,2026-08-08,1,0,2026-08-08T21:30:00+00:00,CHI,Chile,273,Liga de Primera,calendar-2026-27,2026/27,1000013190,4062,Coquimbo Unido,1891,La Serena,18,finished,FETCHED,COMPLETE,FULL_MATCH,2,2_PLUS
2026-08-08,2026-08-08,1,0,2026-08-08T21:30:00+00:00,PAR,Paraguay,199,Division Profesional,calendar-2026-27,2026/27,1000017370,49688,2 de Mayo,6619,Olimpia,Clausura - Round 4,finished,FETCHED,COMPLETE,FULL_MATCH,1,1
2026-08-08,2026-08-08,1,0,2026-08-08T21:30:00+00:00,BRA,Brasilien,268,Serie A,calendar-2026-27,2026/27,5103583,1626,Remo,10272,Atletico MG,22,finished,FETCHED,COMPLETE,FULL_MATCH,1,1
2026-08-08,2026-08-08,1,0,2026-08-08T21:30:00+00:00,BRA,Brasilien,8814,Serie B,calendar-2026-27,2026/27,5190639,8355,Botafogo SP,1757,America MG,21,finished,FETCHED,COMPLETE,FULL_MATCH,3,2_PLUS
2026-08-08,"2026-08-08,2026-08-09",2,1,2026-08-08T22:00:00+00:00,USA,USA,10282,MLS Next Pro,calendar-2026-27,2026/27,1000007694,1348126,Columbus Crew 2,614318,Red Bull New York  II,24,finished,FETCHED,COMPLETE,FULL_MATCH,1,1
2026-08-08,"2026-08-08,2026-08-09",2,1,2026-08-08T22:15:00+00:00,ARG,Argentinien,112,Liga Profesional,calendar-2026-27,2026/27,5115921,10077,Boca Juniors,10079,Velez Sarsfield,4,finished,FETCHED,COMPLETE,FULL_MATCH,0,0
2026-08-08,"2026-08-08,2026-08-09",2,1,2026-08-08T22:30:00+00:00,USA,USA,9134,NWSL,calendar-2026-27,2026/27,5161592,433030,Washington Spirit (W),243295,North Carolina Courage (W),0,finished,FETCHED,COMPLETE,FULL_MATCH,4,2_PLUS
2026-08-08,"2026-08-08,2026-08-09",2,1,2026-08-08T22:30:00+00:00,INT,International,10043,Leagues Cup,calendar-2026-27,2026/27,5844845,267810,Orlando,1841,León,2,finished,FETCHED,COMPLETE,FULL_MATCH,2,2_PLUS
2026-08-08,"2026-08-08,2026-08-09",2,1,2026-08-08T23:00:00+00:00,USA,USA,10282,MLS Next Pro,calendar-2026-27,2026/27,1000007695,540884,Chattanooga FC,915806,Atlanta United 2,24,finished,FETCHED,COMPLETE,FULL_MATCH,0,0
2026-08-08,"2026-08-08,2026-08-09",2,1,2026-08-08T23:00:00+00:00,CAN,Kanada,10872,Northern Super League,calendar-2026-27,2026/27,1000009201,1739724,Vancouver Rise FC,1739712,Calgary Wild FC,Regular Season,finished,FETCHED,COMPLETE,FULL_MATCH,5,2_PLUS
2026-08-08,"2026-08-08,2026-08-09",2,1,2026-08-08T23:00:00+00:00,USA,USA,9296,USL League One,calendar-2026-27,2026/27,5109492,614315,Charlotte Independence,1004920,Greenville Triumph SC,23,finished,FETCHED,COMPLETE,FULL_MATCH,1,1
2026-08-08,"2026-08-08,2026-08-09",2,1,2026-08-08T23:00:00+00:00,USA,USA,9296,USL League One,calendar-2026-27,2026/27,5109493,1004918,Chattanooga Red Wolves SC,1121685,Union Omaha,23,finished,FETCHED,COMPLETE,FULL_MATCH,3,2_PLUS
2026-08-08,"2026-08-08,2026-08-09",2,1,2026-08-08T23:00:00+00:00,USA,USA,8972,USL Championship,calendar-2026-27,2026/27,5109875,1430405,Lexington SC,424268,Phoenix Rising FC,1,finished,FETCHED,COMPLETE,FULL_MATCH,1,1
2026-08-08,"2026-08-08,2026-08-09",2,1,2026-08-08T23:00:00+00:00,USA,USA,8972,USL Championship,calendar-2026-27,2026/27,5109876,1003205,Loudoun United FC,162183,Charleston Battery,1,finished,FETCHED,COMPLETE,FULL_MATCH,1,1
2026-08-08,"2026-08-08,2026-08-09",2,1,2026-08-08T23:00:00+00:00,USA,USA,8972,USL Championship,calendar-2026-27,2026/27,5109878,721896,Miami FC,915809,Las Vegas Lights FC,1,finished,FETCHED,COMPLETE,FULL_MATCH,0,0
2026-08-08,"2026-08-08,2026-08-09",2,1,2026-08-08T23:00:00+00:00,USA,USA,8972,USL Championship,calendar-2026-27,2026/27,5109881,267816,Pittsburgh Riverhounds SC,521004,Sacramento Republic FC,1,finished,FETCHED,COMPLETE,FULL_MATCH,0,0
2026-08-08,"2026-08-08,2026-08-09",2,1,2026-08-08T23:25:00+00:00,COL,Kolumbien,274,Primera A,calendar-2026-27,2026/27,1000014077,1894,Tolima,47240,Internacional de Bogota,Clausura - Round 4,finished,FETCHED,COMPLETE,FULL_MATCH,2,2_PLUS
2026-08-08,"2026-08-08,2026-08-09",2,1,2026-08-08T23:30:00+00:00,BOL,Bolivien,144,Primera Division,calendar-2026-27,2026/27,1000016450,49720,Aurora,5983,Bolivar,14,finished,FETCHED,COMPLETE,FULL_MATCH,4,2_PLUS
2026-08-08,"2026-08-08,2026-08-09",2,1,2026-08-08T23:30:00+00:00,BRA,Brasilien,268,Serie A,calendar-2026-27,2026/27,5103581,9767,Coritiba,197693,Chapecoense AF,22,finished,FETCHED,COMPLETE,FULL_MATCH,2,2_PLUS
2026-08-08,"2026-08-08,2026-08-09",2,1,2026-08-08T23:30:00+00:00,USA,USA,9296,USL League One,calendar-2026-27,2026/27,5109495,1358088,One Knoxville SC,1448561,Sarasota Paradise,23,finished,FETCHED,COMPLETE,FULL_MATCH,3,2_PLUS
2026-08-08,"2026-08-08,2026-08-09",2,1,2026-08-08T23:30:00+00:00,USA,USA,8972,USL Championship,calendar-2026-27,2026/27,5109882,1597140,Rhode Island FC,614321,Colorado Springs Switchbacks FC,1,finished,FETCHED,COMPLETE,FULL_MATCH,2,2_PLUS
2026-08-08,"2026-08-08,2026-08-09",2,1,2026-08-08T23:33:00+00:00,USA,USA,10282,MLS Next Pro,calendar-2026-27,2026/27,1000007696,1348104,Houston Dynamo 2,614324,Real Monarchs SLC,24,finished,FETCHED,COMPLETE,FULL_MATCH,1,1
2026-08-08,"2026-08-08,2026-08-09",2,1,2026-08-08T23:44:00+00:00,USA,USA,9296,USL League One,calendar-2026-27,2026/27,5109496,1701883,Portland Hearts of Pine,1128317,Corpus Christi,23,finished,FETCHED,COMPLETE,FULL_MATCH,1,1
2026-08-08,"2026-08-08,2026-08-09",2,1,2026-08-09T00:00:00+00:00,USA,USA,10282,MLS Next Pro,calendar-2026-27,2026/27,1000007691,1348105,Minnesota United 2,1348115,San Jose Earthquakes II,24,finished,FETCHED,COMPLETE,FULL_MATCH,2,2_PLUS
2026-08-08,"2026-08-08,2026-08-09",2,1,2026-08-09T00:00:00+00:00,ECU,Ecuador,246,Serie A,calendar-2026-27,2026/27,1000009060,6453,Barcelona SC,6609,CSD Macara,24,finished,FETCHED,COMPLETE,FULL_MATCH,1,1
2026-08-08,"2026-08-08,2026-08-09",2,1,2026-08-09T00:00:00+00:00,BRA,Brasilien,268,Serie A,calendar-2026-27,2026/27,5103575,8517,Botafogo RJ,9863,Fluminense,22,finished,FETCHED,COMPLETE,FULL_MATCH,1,1
2026-08-08,"2026-08-08,2026-08-09",2,1,2026-08-09T00:00:00+00:00,USA,USA,8972,USL Championship,calendar-2026-27,2026/27,5109877,614316,Louisville City FC,722269,San Antonio FC,1,finished,FETCHED,COMPLETE,FULL_MATCH,1,1
2026-08-08,"2026-08-08,2026-08-09",2,1,2026-08-09T00:00:00+00:00,CAN,Kanada,9986,Premier League,calendar-2026-27,2026/27,5175943,1899648,Supra du Quebec,1022952,Cavalry FC,16,finished,FETCHED,COMPLETE,FULL_MATCH,2,2_PLUS
2026-08-08,"2026-08-08,2026-08-09",2,1,2026-08-09T00:00:00+00:00,INT,International,10043,Leagues Cup,calendar-2026-27,2026/27,5844846,960720,Inter Miami CF,7849,Monterrey,2,finished,FETCHED,COMPLETE,FULL_MATCH,2,2_PLUS
2026-08-08,"2026-08-08,2026-08-09",2,1,2026-08-09T00:21:00+00:00,USA,USA,10282,MLS Next Pro,calendar-2026-27,2026/27,1000007698,1610955,Carolina Core FC,1445755,Huntsville City FC,24,finished,FETCHED,COMPLETE,FULL_MATCH,0,0
2026-08-08,"2026-08-08,2026-08-09",2,1,2026-08-09T00:30:00+00:00,USA,USA,8972,USL Championship,calendar-2026-27,2026/27,5109874,614325,FC Tulsa,540855,Detroit City FC,1,finished,FETCHED,COMPLETE,FULL_MATCH,1,1
2026-08-08,"2026-08-08,2026-08-09",2,1,2026-08-09T00:30:00+00:00,ARG,Argentinien,112,Liga Profesional,calendar-2026-27,2026/27,5115925,10078,Independiente,10089,Club Atletico Platense,4,finished,FETCHED,COMPLETE,FULL_MATCH,1,1
2026-08-08,"2026-08-08,2026-08-09",2,1,2026-08-09T00:30:00+00:00,ARG,Argentinien,112,Liga Profesional,calendar-2026-27,2026/27,5115927,10090,Instituto,568727,Gimnasia Mendoza,4,finished,FETCHED,COMPLETE,FULL_MATCH,1,1
2026-08-08,"2026-08-08,2026-08-09",2,1,2026-08-09T00:45:00+00:00,USA,USA,10282,MLS Next Pro,calendar-2026-27,2026/27,1000007700,1004921,North Texas SC,614327,Tacoma Defiance,24,finished,FETCHED,COMPLETE,FULL_MATCH,4,2_PLUS
2026-08-08,"2026-08-08,2026-08-09",2,1,2026-08-09T00:45:00+00:00,USA,USA,9134,NWSL,calendar-2026-27,2026/27,5161594,521233,Houston Dash (W),1237561,Kansas City Current (W),0,finished,FETCHED,COMPLETE,FULL_MATCH,1,1
2026-08-08,"2026-08-08,2026-08-09",2,1,2026-08-09T01:00:00+00:00,USA,USA,10282,MLS Next Pro,calendar-2026-27,2026/27,1000007699,1348103,Colorado Rapids 2,1346404,St. Louis City 2,24,finished,FETCHED,COMPLETE,FULL_MATCH,0,0
2026-08-08,"2026-08-08,2026-08-09",2,1,2026-08-09T01:00:00+00:00,USA,USA,8972,USL Championship,calendar-2026-27,2026/27,5109873,1003209,El Paso Locomotive FC,1130413,Oakland Roots SC,1,finished,FETCHED,COMPLETE,FULL_MATCH,0,0
2026-08-08,"2026-08-08,2026-08-09",2,1,2026-08-09T01:00:00+00:00,INT,International,10043,Leagues Cup,calendar-2026-27,2026/27,5844847,7807,Chivas,6399,Dallas,2,finished,FETCHED,COMPLETE,FULL_MATCH,1,1
2026-08-08,"2026-08-08,2026-08-09",2,1,2026-08-09T01:00:00+00:00,PER,Peru,131,Liga 1,calendar-2026-27,2026/27,5851078,4412,Sport Boys,6398,Alianza Lima,Clausura - Round 4,finished,FETCHED,COMPLETE,FULL_MATCH,1,1
2026-08-08,"2026-08-08,2026-08-09",2,1,2026-08-09T01:30:00+00:00,COL,Kolumbien,274,Primera A,calendar-2026-27,2026/27,1000014085,4405,Deportivo Pasto,6387,Deportivo Cali,Clausura - Round 4,finished,FETCHED,COMPLETE,FULL_MATCH,1,1
2026-08-08,"2026-08-08,2026-08-09",2,1,2026-08-09T01:30:00+00:00,USA,USA,9296,USL League One,calendar-2026-27,2026/27,5109498,1877675,Boise,1004919,Forward Madison FC,23,finished,FETCHED,COMPLETE,FULL_MATCH,2,2_PLUS
2026-08-08,"2026-08-08,2026-08-09",2,1,2026-08-09T02:00:00+00:00,USA,USA,8972,USL Championship,calendar-2026-27,2026/27,5109879,915808,Monterey Bay FC,1003208,New Mexico United,1,finished,FETCHED,COMPLETE,FULL_MATCH,5,2_PLUS
2026-08-08,"2026-08-08,2026-08-09",2,1,2026-08-09T02:00:00+00:00,USA,USA,8972,USL Championship,calendar-2026-27,2026/27,5109880,267813,Orange County SC,197328,Tampa Bay Rowdies,1,finished,FETCHED,COMPLETE,FULL_MATCH,2,2_PLUS
2026-08-08,"2026-08-08,2026-08-09",2,1,2026-08-09T02:00:00+00:00,USA,USA,9134,NWSL,calendar-2026-27,2026/27,5161591,1795705,Denver Summit FC (W),923654,Utah Royals (W),0,finished,FETCHED,COMPLETE,FULL_MATCH,3,2_PLUS
2026-08-08,"2026-08-08,2026-08-09",2,1,2026-08-09T02:00:00+00:00,INT,International,10043,Leagues Cup,calendar-2026-27,2026/27,5844848,6606,Salt Lake,1942,Atlante,2,finished,FETCHED,COMPLETE,FULL_MATCH,3,2_PLUS
2026-08-08,"2026-08-08,2026-08-09",2,1,2026-08-09T03:00:00+00:00,USA,USA,9296,USL League One,calendar-2026-27,2026/27,5109491,1701876,AV Alta,1358072,Fort Wayne,23,finished,FETCHED,COMPLETE,FULL_MATCH,2,2_PLUS
2026-08-08,"2026-08-08,2026-08-09",2,1,2026-08-09T03:10:00+00:00,INT,International,10043,Leagues Cup,calendar-2026-27,2026/27,5844849,6618,Toluca,867280,LAFC,2,finished,FETCHED,COMPLETE,FULL_MATCH,1,1
2026-08-09,2026-08-09,1,0,2026-08-09T07:00:00+00:00,AUS,Australien,9471,Australia Cup,calendar-2026-27,2026/27,5982124,8118,Brisbane Roar FC,10164,Sydney FC,1/8,finished,FETCHED,COMPLETE,FULL_MATCH,2,2_PLUS
2026-08-09,2026-08-09,1,0,2026-08-09T09:00:00+00:00,JPN,Japan,223,J. League,calendar-2026-27,2026/27,5803526,6223,Tokyo Verdy,6304,Kawasaki,1,finished,FETCHED,COMPLETE,FULL_MATCH,2,2_PLUS
2026-08-09,2026-08-09,1,0,2026-08-09T09:40:00+00:00,AUS,Australien,9471,Australia Cup,calendar-2026-27,2026/27,5982129,162314,South Melbourne,1539569,Fremantle City FC,1/8,finished,FETCHED,COMPLETE,FULL_MATCH,2,2_PLUS
2026-08-09,2026-08-09,1,0,2026-08-09T10:00:00+00:00,JPN,Japan,223,J. League,calendar-2026-27,2026/27,5803527,194016,V-Varen Nagasaki,8542,Kyoto Sanga FC,1,finished,FETCHED,COMPLETE,FULL_MATCH,1,1
2026-08-09,2026-08-09,1,0,2026-08-09T10:15:00+00:00,NED,Niederlande,57,Eredivisie,calendar-2026-27,2026/27,5781696,8614,Sparta Rotterdam,10235,Feyenoord,1,finished,FETCHED,COMPLETE,FULL_MATCH,0,0
2026-08-09,2026-08-09,1,0,2026-08-09T10:15:00+00:00,NED,Niederlande,111,Eerste Divisie,calendar-2026-27,2026/27,5832811,6417,Helmond Sport,8526,De Graafschap,1,finished,FETCHED,COMPLETE,FULL_MATCH,0,0
2026-08-09,2026-08-09,1,0,2026-08-09T11:00:00+00:00,CHN,China,120,Super League,calendar-2026-27,2026/27,5186578,51442,Henan FC,1283248,Qingdao West Coast,22,finished,FETCHED,COMPLETE,FULL_MATCH,0,0
2026-08-09,2026-08-09,1,0,2026-08-09T11:00:00+00:00,DEN,Dänemark,85,1. Division,calendar-2026-27,2026/27,5764570,10240,Hvidovre,8285,Esbjerg fB,3,finished,FETCHED,COMPLETE,FULL_MATCH,3,2_PLUS
2026-08-09,2026-08-09,1,0,2026-08-09T11:00:00+00:00,INT,International,489,Vereins-Freundschaftsspiele,calendar-2026-27,2026/27,5862945,8456,Man City,9906,Atletico Madrid,1,finished,FETCHED,COMPLETE,FULL_MATCH,3,2_PLUS
2026-08-09,2026-08-09,1,0,2026-08-09T11:30:00+00:00,BEL,Belgien,40,First Division A,calendar-2026-27,2026/27,5811715,9991,Gent,8203,KV Mechelen,1,finished,FETCHED,COMPLETE,FULL_MATCH,0,0
2026-08-09,2026-08-09,1,0,2026-08-09T11:30:00+00:00,RUS,Russland,63,Premier League,calendar-2026-27,2026/27,5847135,9763,Dinamo,1068353,Dynamo Makhachkala,3,finished,FETCHED,COMPLETE,FULL_MATCH,4,2_PLUS
2026-08-09,2026-08-09,1,0,2026-08-09T11:30:00+00:00,GER,Deutschland,146,2. Bundesliga,calendar-2026-27,2026/27,5881628,8398,Energie Cottbus,9904,Hannover 96,1,finished,FETCHED,COMPLETE,FULL_MATCH,2,2_PLUS
2026-08-09,2026-08-09,1,0,2026-08-09T11:30:00+00:00,GER,Deutschland,146,2. Bundesliga,calendar-2026-27,2026/27,5881633,8165,1. FC Nürnberg,8480,Dynamo Dresden,1,finished,FETCHED,COMPLETE,FULL_MATCH,1,1
2026-08-09,2026-08-09,1,0,2026-08-09T11:30:00+00:00,GER,Deutschland,146,2. Bundesliga,calendar-2026-27,2026/27,5881634,8152,St. Pauli,8357,Greuther Fürth,1,finished,FETCHED,COMPLETE,FULL_MATCH,2,2_PLUS
2026-08-09,2026-08-09,1,0,2026-08-09T11:30:00+00:00,GER,Deutschland,208,3. Liga,calendar-2026-27,2026/27,5905852,94940,Hoffenheim II,8294,Hansa Rostock,1,finished,FETCHED,COMPLETE,FULL_MATCH,1,1
2026-08-09,2026-08-09,1,0,2026-08-09T11:35:00+00:00,CHN,China,120,Super League,calendar-2026-27,2026/27,5186579,1477050,Chongqing Tongliang Long,198616,Shanghai Port,22,finished,FETCHED,COMPLETE,FULL_MATCH,1,1
2026-08-09,2026-08-09,1,0,2026-08-09T12:00:00+00:00,SCO,Schottland,11019,SWPL Cup,calendar-2026-27,2026/27,1000014492,1716180,Aberdeen,1716184,Spartans FC,4,finished,FETCHED,COMPLETE,FULL_MATCH,1,1
2026-08-09,2026-08-09,1,0,2026-08-09T12:00:00+00:00,SCO,Schottland,11019,SWPL Cup,calendar-2026-27,2026/27,1000014493,1798966,Gartcairn,1798967,Boroughmuir Thistle,4,finished,FETCHED,COMPLETE,FULL_MATCH,3,2_PLUS
2026-08-09,2026-08-09,1,0,2026-08-09T12:00:00+00:00,SCO,Schottland,11019,SWPL Cup,calendar-2026-27,2026/27,1000014494,1798962,FC Kilmarnock Ladies,1716179,Motherwell,4,finished,FETCHED,COMPLETE,FULL_MATCH,2,2_PLUS
2026-08-09,2026-08-09,1,0,2026-08-09T12:00:00+00:00,SCO,Schottland,11019,SWPL Cup,calendar-2026-27,2026/27,1000014495,1798965,Livingston,1822286,Falkirk,4,finished,FETCHED,COMPLETE,FULL_MATCH,5,2_PLUS
2026-08-09,2026-08-09,1,0,2026-08-09T12:00:00+00:00,SCO,Schottland,11019,SWPL Cup,calendar-2026-27,2026/27,1000014496,1716183,Montrose,1798937,Hamilton Academical,4,finished,FETCHED,COMPLETE,FULL_MATCH,3,2_PLUS
2026-08-09,2026-08-09,1,0,2026-08-09T12:00:00+00:00,SCO,Schottland,11019,SWPL Cup,calendar-2026-27,2026/27,1000014497,1716181,Queen's Park,1716182,Dundee United,4,finished,FETCHED,COMPLETE,FULL_MATCH,5,2_PLUS
2026-08-09,2026-08-09,1,0,2026-08-09T12:00:00+00:00,SCO,Schottland,11019,SWPL Cup,calendar-2026-27,2026/27,1000014498,1822279,Renfrew Ladies FC,1798971,St. Johnstone,4,finished,FETCHED,COMPLETE,FULL_MATCH,2,2_PLUS
2026-08-09,2026-08-09,1,0,2026-08-09T12:00:00+00:00,SWE,Schweden,67,Allsvenskan,calendar-2026-27,2026/27,5107557,8248,Hammarby,8428,Häcken,16,finished,FETCHED,COMPLETE,FULL_MATCH,1,1
2026-08-09,2026-08-09,1,0,2026-08-09T12:00:00+00:00,SWE,Schweden,67,Allsvenskan,calendar-2026-27,2026/27,5107561,10237,Malmö FF,6544,Degerfors,16,finished,FETCHED,COMPLETE,FULL_MATCH,2,2_PLUS
2026-08-09,2026-08-09,1,0,2026-08-09T12:00:00+00:00,FIN,Finnland,51,Veikkausliiga,calendar-2026-27,2026/27,5147619,1693,KuPS,6633,TPS,19,finished,FETCHED,COMPLETE,FULL_MATCH,1,1
2026-08-09,2026-08-09,1,0,2026-08-09T12:00:00+00:00,CHN,China,120,Super League,calendar-2026-27,2026/27,5186580,8623,Shandong Taishan,4189,Tianjin Jinmen Tiger,22,finished,FETCHED,COMPLETE,FULL_MATCH,3,2_PLUS
2026-08-09,2026-08-09,1,0,2026-08-09T12:00:00+00:00,INT,International,489,Vereins-Freundschaftsspiele,calendar-2026-27,2026/27,5739313,165228,Johor Darul Ta'zim,8455,Chelsea,1,finished,FETCHED,COMPLETE,FULL_MATCH,4,2_PLUS
2026-08-09,2026-08-09,1,0,2026-08-09T12:00:00+00:00,DEN,Dänemark,85,1. Division,calendar-2026-27,2026/27,5764571,8231,Vejle Boldklub,9940,Hillerød,3,finished,FETCHED,COMPLETE,FULL_MATCH,6,2_PLUS
2026-08-09,2026-08-09,1,0,2026-08-09T12:00:00+00:00,DEN,Dänemark,85,1. Division,calendar-2026-27,2026/27,5764572,8470,AaB,6308,Kolding IF,3,finished,FETCHED,COMPLETE,FULL_MATCH,1,1
2026-08-09,2026-08-09,1,0,2026-08-09T12:00:00+00:00,SUI,Schweiz,69,Super League,calendar-2026-27,2026/27,5804235,7896,Lugano,10243,FC Zürich,3,finished,FETCHED,COMPLETE,FULL_MATCH,3,2_PLUS
2026-08-09,2026-08-09,1,0,2026-08-09T12:30:00+00:00,NOR,Norwegen,59,Eliteserien,calendar-2026-27,2026/27,5104973,8476,Lillestrøm,8422,Rosenborg,17,finished,FETCHED,COMPLETE,FULL_MATCH,1,1
2026-08-09,2026-08-09,1,0,2026-08-09T12:30:00+00:00,NED,Niederlande,57,Eredivisie,calendar-2026-27,2026/27,5781697,6413,PEC Zwolle,8593,Ajax,1,finished,FETCHED,COMPLETE,FULL_MATCH,2,2_PLUS
2026-08-09,2026-08-09,1,0,2026-08-09T12:30:00+00:00,NED,Niederlande,57,Eredivisie,calendar-2026-27,2026/27,5781704,8674,FC Groningen,9908,FC Utrecht,1,finished,FETCHED,COMPLETE,FULL_MATCH,2,2_PLUS
2026-08-09,2026-08-09,1,0,2026-08-09T12:30:00+00:00,SCO,Schottland,64,Premiership,calendar-2026-27,2026/27,5793908,8597,Kilmarnock,9925,Celtic,2,finished,FETCHED,COMPLETE,FULL_MATCH,3,2_PLUS
2026-08-09,2026-08-09,1,0,2026-08-09T12:45:00+00:00,POL,Polen,196,Ekstraklasa,calendar-2026-27,2026/27,5803939,8025,Śląsk Wrocław,2186,Cracovia,3,finished,FETCHED,COMPLETE,FULL_MATCH,0,0
2026-08-09,2026-08-09,1,0,2026-08-09T13:00:00+00:00,LVA,Lettland,226,Virsliga,calendar-2026-27,2026/27,5162043,192962,FK Jelgava,2106,Auda,26,finished,FETCHED,COMPLETE,FULL_MATCH,0,0
2026-08-09,2026-08-09,1,0,2026-08-09T13:00:00+00:00,LVA,Lettland,226,Virsliga,calendar-2026-27,2026/27,5162044,981193,SK Super Nova,8016,FK Liepaja,26,finished,FETCHED,COMPLETE,FULL_MATCH,2,2_PLUS
2026-08-09,2026-08-09,1,0,2026-08-09T13:00:00+00:00,DEN,Dänemark,85,1. Division,calendar-2026-27,2026/27,5764573,8454,Fredericia,8615,Vendsyssel FF,3,finished,FETCHED,COMPLETE,FULL_MATCH,1,1
2026-08-09,2026-08-09,1,0,2026-08-09T13:00:00+00:00,CZE,Tschechien,122,1. Liga,calendar-2026-27,2026/27,5831130,7787,Slavia Prague,2406,Pardubice,3,finished,FETCHED,COMPLETE,FULL_MATCH,3,2_PLUS
2026-08-09,2026-08-09,1,0,2026-08-09T13:00:00+00:00,INT,International,489,Vereins-Freundschaftsspiele,calendar-2026-27,2026/27,5898653,9825,Arsenal,9789,Dortmund,1,finished,FETCHED,COMPLETE,FULL_MATCH,3,2_PLUS
2026-08-09,2026-08-09,1,0,2026-08-09T13:00:00+00:00,RSA,Südafrika,9474,South Africa 8 Cup,calendar-2026-27,2026/27,5954760,102100,AmaZulu FC,612014,Sekhukhune United,1/4,finished,FETCHED,COMPLETE,FULL_MATCH,5,2_PLUS
2026-08-09,2026-08-09,1,0,2026-08-09T13:30:00+00:00,INT,International,489,Vereins-Freundschaftsspiele,calendar-2026-27,2026/27,5765326,8650,Liverpool,9829,Monaco,1,finished,FETCHED,COMPLETE,FULL_MATCH,2,2_PLUS
2026-08-09,2026-08-09,1,0,2026-08-09T14:00:00+00:00,IRL,Irland,126,Premier Liga,calendar-2026-27,2026/27,5100945,6042,Waterford FC,4594,Bohemian FC,27,finished,FETCHED,COMPLETE,FULL_MATCH,1,1
2026-08-09,2026-08-09,1,0,2026-08-09T14:00:00+00:00,BRA,Brasilien,268,Serie A,calendar-2026-27,2026/27,5103579,9781,Cruzeiro,163782,Mirassol,22,finished,FETCHED,COMPLETE,FULL_MATCH,2,2_PLUS
2026-08-09,2026-08-09,1,0,2026-08-09T14:00:00+00:00,FIN,Finnland,51,Veikkausliiga,calendar-2026-27,2026/27,5147617,6550,FC Inter Turku,8424,FC Lahti,19,finished,FETCHED,COMPLETE,FULL_MATCH,0,0
2026-08-09,2026-08-09,1,0,2026-08-09T14:00:00+00:00,BRA,Brasilien,8814,Serie B,calendar-2026-27,2026/27,5190641,1221604,Athletic Club,7729,Criciuma,21,finished,FETCHED,COMPLETE,FULL_MATCH,1,1
2026-08-09,2026-08-09,1,0,2026-08-09T14:00:00+00:00,DEN,Dänemark,46,Superligaen,calendar-2026-27,2026/27,5739476,8410,Randers FC,9907,Lyngby,3,finished,FETCHED,COMPLETE,FULL_MATCH,1,1
2026-08-09,2026-08-09,1,0,2026-08-09T14:00:00+00:00,SCO,Schottland,64,Premiership,calendar-2026-27,2026/27,5793905,9860,Hearts,9938,Dundee United,2,finished,FETCHED,COMPLETE,FULL_MATCH,2,2_PLUS
2026-08-09,2026-08-09,1,0,2026-08-09T14:00:00+00:00,SCO,Schottland,64,Premiership,calendar-2026-27,2026/27,5793906,9927,Motherwell,8596,Falkirk,2,finished,FETCHED,COMPLETE,FULL_MATCH,0,0
2026-08-09,2026-08-09,1,0,2026-08-09T14:00:00+00:00,BEL,Belgien,40,First Division A,calendar-2026-27,2026/27,5811711,9986,Sporting Charleroi,1773,OH Leuven,1,finished,FETCHED,COMPLETE,FULL_MATCH,2,2_PLUS
2026-08-09,2026-08-09,1,0,2026-08-09T14:00:00+00:00,BEL,Belgien,40,First Division A,calendar-2026-27,2026/27,5811716,10000,Zulte Waregem,9987,Genk,1,finished,FETCHED,COMPLETE,FULL_MATCH,2,2_PLUS
2026-08-09,2026-08-09,1,0,2026-08-09T14:00:00+00:00,RUS,Russland,63,Premier League,calendar-2026-27,2026/27,5847142,8698,Zenit,1066681,Rodina,3,finished,FETCHED,COMPLETE,FULL_MATCH,2,2_PLUS
2026-08-09,2026-08-09,1,0,2026-08-09T14:30:00+00:00,SWE,Schweden,67,Allsvenskan,calendar-2026-27,2026/27,5107558,9893,IFK Göteborg,9892,Kalmar FF,16,finished,FETCHED,COMPLETE,FULL_MATCH,3,2_PLUS
2026-08-09,2026-08-09,1,0,2026-08-09T14:30:00+00:00,SWE,Schweden,67,Allsvenskan,calendar-2026-27,2026/27,5107564,8310,Halmstads BK,8297,GAIS,16,finished,FETCHED,COMPLETE,FULL_MATCH,2,2_PLUS
2026-08-09,2026-08-09,1,0,2026-08-09T14:30:00+00:00,SUI,Schweiz,69,Super League,calendar-2026-27,2026/27,5804232,9931,Basel,10191,Thun,3,finished,FETCHED,COMPLETE,FULL_MATCH,4,2_PLUS
2026-08-09,2026-08-09,1,0,2026-08-09T14:30:00+00:00,SUI,Schweiz,69,Super League,calendar-2026-27,2026/27,5804236,10179,Sion,9824,FC Vaduz,3,finished,FETCHED,COMPLETE,FULL_MATCH,2,2_PLUS
2026-08-09,2026-08-09,1,0,2026-08-09T14:30:00+00:00,SUI,Schweiz,69,Super League,calendar-2026-27,2026/27,5804237,10190,St. Gallen,10199,Luzern,3,finished,FETCHED,COMPLETE,FULL_MATCH,3,2_PLUS
2026-08-09,2026-08-09,1,0,2026-08-09T14:30:00+00:00,GER,Deutschland,208,3. Liga,calendar-2026-27,2026/27,5905854,8271,Saarbrücken,8296,RW Essen,1,finished,FETCHED,COMPLETE,FULL_MATCH,3,2_PLUS
2026-08-09,2026-08-09,1,0,2026-08-09T14:45:00+00:00,NED,Niederlande,57,Eredivisie,calendar-2026-27,2026/27,5781703,10228,SC Heerenveen,8611,FC Twente,1,finished,FETCHED,COMPLETE,FULL_MATCH,1,1
2026-08-09,2026-08-09,1,0,2026-08-09T14:45:00+00:00,NED,Niederlande,111,Eerste Divisie,calendar-2026-27,2026/27,5832812,9838,MVV Maastricht,278960,Jong FC Utrecht,1,finished,FETCHED,COMPLETE,FULL_MATCH,1,1
2026-08-09,2026-08-09,1,0,2026-08-09T15:00:00+00:00,NOR,Norwegen,59,Eliteserien,calendar-2026-27,2026/27,5104974,8448,HamKam,8404,Aalesund,17,finished,FETCHED,COMPLETE,FULL_MATCH,1,1
2026-08-09,2026-08-09,1,0,2026-08-09T15:00:00+00:00,FIN,Finnland,51,Veikkausliiga,calendar-2026-27,2026/27,5147618,162146,Ilves,6634,IFK Mariehamn,19,finished,FETCHED,COMPLETE,FULL_MATCH,0,0
2026-08-09,2026-08-09,1,0,2026-08-09T15:00:00+00:00,LVA,Lettland,226,Virsliga,calendar-2026-27,2026/27,5162045,624924,Riga FC,1899459,Ogre United,26,finished,FETCHED,COMPLETE,FULL_MATCH,0,0
2026-08-09,2026-08-09,1,0,2026-08-09T15:00:00+00:00,SVK,Slowakei,176,1. liga,calendar-2026-27,2026/27,5772153,6022,Zilina,555292,Skalica,3,finished,FETCHED,COMPLETE,FULL_MATCH,3,2_PLUS
2026-08-09,2026-08-09,1,0,2026-08-09T15:00:00+00:00,SCO,Schottland,64,Premiership,calendar-2026-27,2026/27,5793909,8548,Rangers,10251,Hibernian,2,finished,FETCHED,COMPLETE,FULL_MATCH,2,2_PLUS
2026-08-09,2026-08-09,1,0,2026-08-09T15:00:00+00:00,CZE,Tschechien,122,1. Liga,calendar-2026-27,2026/27,5831126,1712,Hradec Kralove,6362,Banik Ostrava,3,finished,FETCHED,COMPLETE,FULL_MATCH,2,2_PLUS
2026-08-09,2026-08-09,1,0,2026-08-09T15:00:00+00:00,CZE,Tschechien,122,1. Liga,calendar-2026-27,2026/27,5831127,7758,Jablonec,2021,Slovacko,3,finished,FETCHED,COMPLETE,FULL_MATCH,1,1
2026-08-09,2026-08-09,1,0,2026-08-09T15:00:00+00:00,ENG,England,133,EFL Cup,calendar-2026-27,2026/27,5840289,9818,Mansfield,8657,Sheff Utd,1,finished,FETCHED,COMPLETE,FULL_MATCH,2,2_PLUS
2026-08-09,2026-08-09,1,0,2026-08-09T15:00:00+00:00,AUT,Österreich,38,Bundesliga,calendar-2026-27,2026/27,5845960,10017,Ried,10015,Rapid Wien,2,finished,FETCHED,COMPLETE,FULL_MATCH,2,2_PLUS
2026-08-09,2026-08-09,1,0,2026-08-09T15:00:00+00:00,AUT,Österreich,38,Bundesliga,calendar-2026-27,2026/27,5845961,1954,Wolfsberger AC,10013,Salzburg,2,finished,FETCHED,COMPLETE,FULL_MATCH,2,2_PLUS
2026-08-09,2026-08-09,1,0,2026-08-09T15:30:00+00:00,POL,Polen,196,Ekstraklasa,calendar-2026-27,2026/27,5803935,2182,Lech Poznań,8028,Piast Gliwice,3,finished,FETCHED,COMPLETE,FULL_MATCH,3,2_PLUS
2026-08-09,2026-08-09,1,0,2026-08-09T15:30:00+00:00,ROU,Rumänien,189,Liga I,calendar-2026-27,2026/27,5853460,188187,Petrolul Ploiesti,9736,Otelul Galati,4,finished,FETCHED,COMPLETE,FULL_MATCH,0,0
2026-08-09,2026-08-09,1,0,2026-08-09T16:00:00+00:00,IRL,Irland,126,Premier Liga,calendar-2026-27,2026/27,5100944,5751,Shelbourne,1854,St. Patrick's Athletic,27,finished,FETCHED,COMPLETE,FULL_MATCH,1,1
2026-08-09,2026-08-09,1,0,2026-08-09T16:00:00+00:00,FIN,Finnland,51,Veikkausliiga,calendar-2026-27,2026/27,5147616,4449,AC Oulu,9861,HJK,19,finished,FETCHED,COMPLETE,FULL_MATCH,0,0
2026-08-09,2026-08-09,1,0,2026-08-09T16:00:00+00:00,DEN,Dänemark,46,Superligaen,calendar-2026-27,2026/27,5739477,9814,AC Horsens,8595,Brøndby IF,3,finished,FETCHED,COMPLETE,FULL_MATCH,1,1
2026-08-09,2026-08-09,1,0,2026-08-09T16:00:00+00:00,TUR,Türkei,165,1. Lig,calendar-2026-27,2026/27,5908574,1281818,Igdir FK,2088,Karagümrük,1,finished,FETCHED,COMPLETE,FULL_MATCH,1,1
2026-08-09,2026-08-09,1,0,2026-08-09T16:00:00+00:00,TUR,Türkei,165,1. Lig,calendar-2026-27,2026/27,5908578,2090,Sariyer,178387,Muglaspor,1,finished,FETCHED,COMPLETE,FULL_MATCH,1,1
2026-08-09,2026-08-09,1,0,2026-08-09T16:00:00+00:00,RSA,Südafrika,9474,South Africa 8 Cup,calendar-2026-27,2026/27,5954759,6279,Kaizer Chiefs,102097,Lamontville Golden Arrows,1/4,finished,FETCHED,COMPLETE,FULL_MATCH,1,1
2026-08-09,2026-08-09,1,0,2026-08-09T16:30:00+00:00,CHI,Chile,273,Liga de Primera,calendar-2026-27,2026/27,1000013195,4134,Deportes Concepcion,4054,Universidad de Concepcion,18,finished,FETCHED,COMPLETE,FULL_MATCH,0,0
2026-08-09,2026-08-09,1,0,2026-08-09T16:30:00+00:00,CRO,Kroatien,252,HNL,calendar-2026-27,2026/27,5765903,1581,Slaven,10165,NK Varazdin,2,finished,FETCHED,COMPLETE,FULL_MATCH,2,2_PLUS
2026-08-09,2026-08-09,1,0,2026-08-09T16:30:00+00:00,BEL,Belgien,40,First Division A,calendar-2026-27,2026/27,5811717,8635,Anderlecht,1218969,RAAL La Louviere,1,finished,FETCHED,COMPLETE,FULL_MATCH,3,2_PLUS
2026-08-09,2026-08-09,1,0,2026-08-09T17:00:00+00:00,INT,International,10371,Women's Africa Cup of Nations,calendar-2026-27,2026/27,1000018952,316116,Cameroon,5908,Nigeria,Quarter-finals,finished,FETCHED,COMPLETE,FULL_MATCH,0,0
2026-08-09,2026-08-09,1,0,2026-08-09T17:00:00+00:00,AUT,Österreich,38,Bundesliga,calendar-2026-27,2026/27,5845962,10011,Austria Wien,9977,LASK,2,finished,FETCHED,COMPLETE,FULL_MATCH,2,2_PLUS
2026-08-09,2026-08-09,1,0,2026-08-09T17:00:00+00:00,RUS,Russland,63,Premier League,calendar-2026-27,2026/27,5847141,8643,Spartak,168719,Krasnodar,3,finished,FETCHED,COMPLETE,FULL_MATCH,0,0
2026-08-09,2026-08-09,1,0,2026-08-09T17:00:00+00:00,POR,Portugal,61,Liga Portugal,calendar-2026-27,2026/27,5887563,9773,FC Porto,9780,Alverca,1,finished,FETCHED,COMPLETE,FULL_MATCH,0,0
2026-08-09,2026-08-09,1,0,2026-08-09T17:15:00+00:00,NOR,Norwegen,59,Eliteserien,calendar-2026-27,2026/27,5104976,8605,Kristiansund,9917,Molde,17,finished,FETCHED,COMPLETE,FULL_MATCH,2,2_PLUS
2026-08-09,2026-08-09,1,0,2026-08-09T17:15:00+00:00,BEL,Belgien,40,First Division A,calendar-2026-27,2026/27,5811718,9988,Royal Antwerp,8475,SK Beveren,1,finished,FETCHED,COMPLETE,FULL_MATCH,2,2_PLUS
2026-08-09,2026-08-09,1,0,2026-08-09T17:30:00+00:00,RUS,Russland,63,Premier League,calendar-2026-27,2026/27,5847140,8683,Rubin,132286,Orenburg,3,finished,FETCHED,COMPLETE,FULL_MATCH,2,2_PLUS
2026-08-09,2026-08-09,1,0,2026-08-09T17:30:00+00:00,GER,Deutschland,208,3. Liga,calendar-2026-27,2026/27,5905849,8396,Alemannia Aachen,7783,SC Verl,1,finished,FETCHED,COMPLETE,FULL_MATCH,4,2_PLUS
2026-08-09,2026-08-09,1,0,2026-08-09T18:00:00+00:00,CAN,Kanada,10872,Northern Super League,calendar-2026-27,2026/27,1000009202,1739719,Ottawa Rapid FC,1739721,AFC Toronto,Regular Season,finished,FETCHED,COMPLETE,FULL_MATCH,2,2_PLUS
2026-08-09,2026-08-09,1,0,2026-08-09T18:00:00+00:00,SRB,Serbien,182,Super Liga,calendar-2026-27,2026/27,1000015090,563180,Macva Sabac,568569,FK IMT Beograd,4,finished,FETCHED,COMPLETE,FULL_MATCH,0,0
2026-08-09,2026-08-09,1,0,2026-08-09T18:00:00+00:00,SRB,Serbien,182,Super Liga,calendar-2026-27,2026/27,1000015096,6406,Vojvodina,463461,FK Radnik Surdulica,4,finished,FETCHED,COMPLETE,FULL_MATCH,3,2_PLUS
2026-08-09,2026-08-09,1,0,2026-08-09T18:00:00+00:00,PER,Peru,131,Liga 1,calendar-2026-27,2026/27,1000017187,920788,Deportivo Garcilaso,1573140,Club Deportivo Moquegua,Clausura - Round 4,finished,FETCHED,COMPLETE,FULL_MATCH,1,1
2026-08-09,2026-08-09,1,0,2026-08-09T18:00:00+00:00,ARG,Argentinien,112,Liga Profesional,calendar-2026-27,2026/27,5115929,10083,San Lorenzo,10081,Huracan,4,finished,FETCHED,COMPLETE,FULL_MATCH,1,1
2026-08-09,2026-08-09,1,0,2026-08-09T18:00:00+00:00,ISL,Island,215,Besta deildin,calendar-2026-27,2026/27,5225700,8004,IA Akranes,4496,Thor Akureyri,18,finished,FETCHED,COMPLETE,FULL_MATCH,1,1
2026-08-09,2026-08-09,1,0,2026-08-09T18:00:00+00:00,ISL,Island,215,Besta deildin,calendar-2026-27,2026/27,5225702,6343,Stjarnan,4472,Keflavik,18,finished,FETCHED,COMPLETE,FULL_MATCH,1,1
2026-08-09,2026-08-09,1,0,2026-08-09T18:00:00+00:00,ISL,Island,215,Besta deildin,calendar-2026-27,2026/27,5225703,6017,Vikingur Reykjavik,8299,IBV Vestmannaeyjar,18,finished,FETCHED,COMPLETE,FULL_MATCH,2,2_PLUS
2026-08-09,2026-08-09,1,0,2026-08-09T18:00:00+00:00,CZE,Tschechien,122,1. Liga,calendar-2026-27,2026/27,5943687,106189,Artis Brno,6461,Sigma Olomouc,3,finished,FETCHED,COMPLETE,FULL_MATCH,2,2_PLUS
2026-08-09,2026-08-09,1,0,2026-08-09T18:15:00+00:00,ISL,Island,215,Besta deildin,calendar-2026-27,2026/27,5225701,2165,KA Akureyri,8151,FH Hafnarfjordur,18,finished,FETCHED,COMPLETE,FULL_MATCH,1,1
2026-08-09,2026-08-09,1,0,2026-08-09T18:15:00+00:00,POL,Polen,196,Ekstraklasa,calendar-2026-27,2026/27,5803933,1957,Jagiellonia Białystok,8024,Widzew Łódź,3,finished,FETCHED,COMPLETE,FULL_MATCH,2,2_PLUS
2026-08-09,2026-08-09,1,0,2026-08-09T18:30:00+00:00,ROU,Rumänien,189,Liga I,calendar-2026-27,2026/27,5853462,480286,Universitatea Craiova,9732,FC Arges Pitesti,4,finished,FETCHED,COMPLETE,FULL_MATCH,0,0
2026-08-09,2026-08-09,1,0,2026-08-09T18:30:00+00:00,TUR,Türkei,165,1. Lig,calendar-2026-27,2026/27,5908581,146408,Van Spor Kulübü,10182,Kayserispor,1,finished,FETCHED,COMPLETE,FULL_MATCH,1,1
2026-08-09,2026-08-09,1,0,2026-08-09T18:30:00+00:00,TUR,Türkei,165,1. Lig,calendar-2026-27,2026/27,5908583,658811,Bodrum FK,10270,Bursaspor,1,finished,FETCHED,COMPLETE,FULL_MATCH,0,0
2026-08-09,2026-08-09,1,0,2026-08-09T19:00:00+00:00,CHI,Chile,273,Liga de Primera,calendar-2026-27,2026/27,1000013193,6296,O'Higgins,584840,Deportes Limache,18,finished,FETCHED,COMPLETE,FULL_MATCH,2,2_PLUS
2026-08-09,2026-08-09,1,0,2026-08-09T19:00:00+00:00,SRB,Serbien,182,Super Liga,calendar-2026-27,2026/27,1000015093,1739,Mladost Lucani,6374,Cukaricki,4,finished,FETCHED,COMPLETE,FULL_MATCH,3,2_PLUS
2026-08-09,2026-08-09,1,0,2026-08-09T19:00:00+00:00,SRB,Serbien,182,Super Liga,calendar-2026-27,2026/27,1000015094,8692,OFK Beograd,676141,Zeleznicar Pancevo,4,finished,FETCHED,COMPLETE,FULL_MATCH,1,1
2026-08-09,2026-08-09,1,0,2026-08-09T19:00:00+00:00,BOL,Bolivien,144,Primera Division,calendar-2026-27,2026/27,1000016452,1504770,GV San Jose,805913,Always Ready,14,finished,FETCHED,COMPLETE,FULL_MATCH,2,2_PLUS
2026-08-09,2026-08-09,1,0,2026-08-09T19:00:00+00:00,PAR,Paraguay,199,Division Profesional,calendar-2026-27,2026/27,1000017374,198186,Sportivo San Lorenzo,49687,Luqueno,Clausura - Round 4,finished,FETCHED,COMPLETE,FULL_MATCH,1,1
2026-08-09,2026-08-09,1,0,2026-08-09T19:00:00+00:00,BRA,Brasilien,268,Serie A,calendar-2026-27,2026/27,5103577,10283,Palmeiras,8702,Internacional,22,finished,FETCHED,COMPLETE,FULL_MATCH,0,0
2026-08-09,2026-08-09,1,0,2026-08-09T19:00:00+00:00,BRA,Brasilien,268,Serie A,calendar-2026-27,2026/27,5103582,7877,Bahia,10276,Vasco da Gama,22,finished,FETCHED,COMPLETE,FULL_MATCH,0,0
2026-08-09,2026-08-09,1,0,2026-08-09T19:00:00+00:00,BRA,Brasilien,8814,Serie B,calendar-2026-27,2026/27,5190640,581838,Novorizontino,10274,Juventude,21,finished,FETCHED,COMPLETE,FULL_MATCH,1,1
2026-08-09,2026-08-09,1,0,2026-08-09T19:00:00+00:00,BRA,Brasilien,8814,Serie B,calendar-2026-27,2026/27,5190646,2369,Nautico,165545,Atletico GO,21,finished,FETCHED,COMPLETE,FULL_MATCH,1,1
2026-08-09,2026-08-09,1,0,2026-08-09T19:00:00+00:00,CRO,Kroatien,252,HNL,calendar-2026-27,2026/27,5765899,10154,Hajduk Split,6038,NK Istra 1961,2,finished,FETCHED,COMPLETE,FULL_MATCH,2,2_PLUS
2026-08-09,2026-08-09,1,0,2026-08-09T19:30:00+00:00,VEN,Venezuela,339,Primera Division,calendar-2026-27,2026/27,1000018870,1349498,Anzoategui FC,49682,Portuguesa FC,Clausura - Round 3,finished,FETCHED,COMPLETE,FULL_MATCH,4,2_PLUS
2026-08-09,2026-08-09,1,0,2026-08-09T19:30:00+00:00,INT,International,10043,Leagues Cup,calendar-2026-27,2026/27,5844850,130394,Seattle Sounders,1943,Querétaro,2,finished,FETCHED,COMPLETE,FULL_MATCH,1,1
2026-08-09,2026-08-09,1,0,2026-08-09T19:30:00+00:00,POR,Portugal,61,Liga Portugal,calendar-2026-27,2026/27,5887560,9764,Gil Vicente,7841,Rio Ave,1,finished,FETCHED,COMPLETE,FULL_MATCH,1,1
2026-08-09,2026-08-09,1,0,2026-08-09T19:30:00+00:00,POR,Portugal,61,Liga Portugal,calendar-2026-27,2026/27,5887562,8348,Moreirense,10264,Braga,1,finished,FETCHED,COMPLETE,FULL_MATCH,2,2_PLUS
2026-08-09,2026-08-09,1,0,2026-08-09T19:30:00+00:00,POR,Portugal,61,Liga Portugal,calendar-2026-27,2026/27,5887565,9772,Benfica,1786,Academico Viseu,1,finished,FETCHED,COMPLETE,FULL_MATCH,3,2_PLUS
2026-08-09,2026-08-09,1,0,2026-08-09T20:00:00+00:00,USA,USA,10282,MLS Next Pro,calendar-2026-27,2026/27,1000008070,1880719,Connecticut United,1121686,New England Revolution II,24,finished,FETCHED,COMPLETE,FULL_MATCH,2,2_PLUS
2026-08-09,2026-08-09,1,0,2026-08-09T20:00:00+00:00,VEN,Venezuela,339,Primera Division,calendar-2026-27,2026/27,1000018867,49685,Trujillanos FC,1896,Deportivo Tachira,Clausura - Round 3,finished,FETCHED,COMPLETE,FULL_MATCH,3,2_PLUS
2026-08-09,2026-08-09,1,0,2026-08-09T20:00:00+00:00,VEN,Venezuela,339,Primera Division,calendar-2026-27,2026/27,1000018872,49686,Zamora FC,657277,Academia Puerto Cabello,Clausura - Round 3,finished,FETCHED,COMPLETE,FULL_MATCH,1,1
2026-08-09,2026-08-09,1,0,2026-08-09T20:00:00+00:00,INT,International,10371,Women's Africa Cup of Nations,calendar-2026-27,2026/27,1000018957,1302798,Malawi,74875,Ghana,Quarter-finals,finished,FETCHED,COMPLETE,FULL_MATCH,1,1
2026-08-09,2026-08-09,1,0,2026-08-09T20:00:00+00:00,USA,USA,9134,NWSL,calendar-2026-27,2026/27,5161595,1795723,Boston Legacy FC (W),433029,Portland Thorns (W),0,finished,FETCHED,COMPLETE,FULL_MATCH,1,1
2026-08-09,2026-08-09,1,0,2026-08-09T20:15:00+00:00,ISL,Island,215,Besta deildin,calendar-2026-27,2026/27,5225704,8332,Breidablik,8064,Valur,18,finished,FETCHED,COMPLETE,FULL_MATCH,3,2_PLUS
2026-08-09,2026-08-09,1,0,2026-08-09T20:30:00+00:00,PER,Peru,131,Liga 1,calendar-2026-27,2026/27,1000017188,4417,FBC Melgar,1696744,FC Cajamarca,Clausura - Round 4,finished,FETCHED,COMPLETE,FULL_MATCH,4,2_PLUS
2026-08-09,2026-08-09,1,0,2026-08-09T20:45:00+00:00,ARG,Argentinien,112,Liga Profesional,calendar-2026-27,2026/27,5115922,161730,Defensa y Justicia,10201,Newell's Old Boys,4,finished,FETCHED,COMPLETE,FULL_MATCH,2,2_PLUS
2026-08-09,2026-08-09,1,0,2026-08-09T20:45:00+00:00,ARG,Argentinien,112,Liga Profesional,calendar-2026-27,2026/27,5115924,10103,Gimnasia LP,213534,Barracas Central,4,finished,FETCHED,COMPLETE,FULL_MATCH,2,2_PLUS
2026-08-09,2026-08-09,1,0,2026-08-09T21:00:00+00:00,ECU,Ecuador,246,Serie A,calendar-2026-27,2026/27,1000009063,519457,Delfin,1014174,Orense,24,finished,FETCHED,COMPLETE,FULL_MATCH,1,1
2026-08-09,2026-08-09,1,0,2026-08-09T21:00:00+00:00,USA,USA,8972,USL Championship,calendar-2026-27,2026/27,5109883,514649,Indy Eleven,1003206,Hartford Athletic,1,finished,FETCHED,COMPLETE,FULL_MATCH,1,1
2026-08-09,2026-08-09,1,0,2026-08-09T21:00:00+00:00,BRA,Brasilien,8814,Serie B,calendar-2026-27,2026/27,5190647,197815,Cuiaba,8287,Fortaleza,21,finished,FETCHED,COMPLETE,FULL_MATCH,1,1
2026-08-09,2026-08-09,1,0,2026-08-09T21:05:00+00:00,COL,Kolumbien,274,Primera A,calendar-2026-27,2026/27,1000014081,193029,Alianza FC,4401,Bucaramanga,Clausura - Round 4,finished,FETCHED,COMPLETE,FULL_MATCH,2,2_PLUS
2026-08-09,2026-08-09,1,0,2026-08-09T21:15:00+00:00,BOL,Bolivien,144,Primera Division,calendar-2026-27,2026/27,1000016451,1846,Real Potosi,49678,Blooming,14,finished,FETCHED,COMPLETE,FULL_MATCH,1,1
2026-08-09,2026-08-09,1,0,2026-08-09T21:30:00+00:00,CHI,Chile,273,Liga de Primera,calendar-2026-27,2026/27,1000013191,192435,Union La Calera,7815,Colo Colo,18,finished,FETCHED,COMPLETE,FULL_MATCH,2,2_PLUS
2026-08-09,2026-08-09,1,0,2026-08-09T21:30:00+00:00,PAR,Paraguay,199,Division Profesional,calendar-2026-27,2026/27,1000017372,49689,Nacional,1893,Guarani,Clausura - Round 4,finished,FETCHED,COMPLETE,FULL_MATCH,0,0
2026-08-09,2026-08-09,1,0,2026-08-09T21:30:00+00:00,BRA,Brasilien,268,Serie A,calendar-2026-27,2026/27,5103576,8514,Santos FC,10273,Athletico Paranaense,22,finished,FETCHED,COMPLETE,FULL_MATCH,0,0
2026-08-09,2026-08-09,1,0,2026-08-09T21:30:00+00:00,BRA,Brasilien,268,Serie A,calendar-2026-27,2026/27,5103578,109705,Red Bull Bragantino,9808,Corinthians,22,finished,FETCHED,COMPLETE,FULL_MATCH,2,2_PLUS
2026-08-09,"2026-08-09,2026-08-10",2,1,2026-08-09T22:30:00+00:00,VEN,Venezuela,339,Primera Division,calendar-2026-27,2026/27,1000018869,365280,Metropolitanos FC,188213,Universidad Central,Clausura - Round 3,finished,FETCHED,COMPLETE,FULL_MATCH,2,2_PLUS
2026-08-09,"2026-08-09,2026-08-10",2,1,2026-08-09T22:30:00+00:00,BRA,Brasilien,268,Serie A,calendar-2026-27,2026/27,5103574,9770,Flamengo,7733,Vitoria,22,finished,FETCHED,COMPLETE,FULL_MATCH,1,1
2026-08-09,"2026-08-09,2026-08-10",2,1,2026-08-09T23:00:00+00:00,INT,International,9656,CONCACAF Championship U20,calendar-2026-27,2026/27,1000019080,5876,USA U20,5880,Mexico U20,Final,finished,FETCHED,COMPLETE,FULL_MATCH,1,1
2026-08-09,"2026-08-09,2026-08-10",2,1,2026-08-09T23:00:00+00:00,USA,USA,9134,NWSL,calendar-2026-27,2026/27,5161596,189393,Chicago Stars (W),1607273,Bay FC (W),0,finished,FETCHED,COMPLETE,FULL_MATCH,0,0
2026-08-09,"2026-08-09,2026-08-10",2,1,2026-08-09T23:10:00+00:00,COL,Kolumbien,274,Primera A,calendar-2026-27,2026/27,1000014083,424270,CD Jaguares,6024,Once Caldas,Clausura - Round 4,finished,FETCHED,COMPLETE,FULL_MATCH,2,2_PLUS
2026-08-09,"2026-08-09,2026-08-10",2,1,2026-08-09T23:15:00+00:00,ARG,Argentinien,112,Liga Profesional,calendar-2026-27,2026/27,5115918,10086,Argentinos Juniors,10080,Racing Club,4,finished,FETCHED,COMPLETE,FULL_MATCH,1,1
2026-08-09,"2026-08-09,2026-08-10",2,1,2026-08-09T23:30:00+00:00,BOL,Bolivien,144,Primera Division,calendar-2026-27,2026/27,1000016453,1844,Oriente Petrolero,879029,Universitario de Vinto,14,finished,FETCHED,COMPLETE,FULL_MATCH,3,2_PLUS
2026-08-09,"2026-08-09,2026-08-10",2,1,2026-08-09T23:30:00+00:00,INT,International,10043,Leagues Cup,calendar-2026-27,2026/27,5844851,6578,Cruz Azul,546238,NYCFC,2,finished,FETCHED,COMPLETE,FULL_MATCH,1,1
2026-08-09,"2026-08-09,2026-08-10",2,1,2026-08-09T23:30:00+00:00,INT,International,10043,Leagues Cup,calendar-2026-27,2026/27,5844852,191716,Philadelphia,1842,Necaxa,2,finished,FETCHED,COMPLETE,FULL_MATCH,2,2_PLUS
2026-08-09,"2026-08-09,2026-08-10",2,1,2026-08-10T00:00:00+00:00,ECU,Ecuador,246,Serie A,calendar-2026-27,2026/27,1000009057,194754,Guayaquil City,1850,Emelec,24,finished,FETCHED,COMPLETE,FULL_MATCH,0,0
2026-08-09,"2026-08-09,2026-08-10",2,1,2026-08-10T00:00:00+00:00,CHI,Chile,273,Liga de Primera,calendar-2026-27,2026/27,1000013188,6310,Universidad de Chile,6455,Palestino,18,finished,FETCHED,COMPLETE,FULL_MATCH,1,1
2026-08-09,"2026-08-09,2026-08-10",2,1,2026-08-10T00:00:00+00:00,INT,International,10043,Leagues Cup,calendar-2026-27,2026/27,5844853,6397,Chicago,7857,Santos,2,finished,FETCHED,COMPLETE,FULL_MATCH,3,2_PLUS
2026-08-09,"2026-08-09,2026-08-10",2,1,2026-08-10T00:00:00+00:00,INT,International,10043,Leagues Cup,calendar-2026-27,2026/27,5844854,915807,Nashville SC,6358,San Luis,2,finished,FETCHED,COMPLETE,FULL_MATCH,1,1
2026-08-09,"2026-08-09,2026-08-10",2,1,2026-08-10T00:30:00+00:00,USA,USA,10282,MLS Next Pro,calendar-2026-27,2026/27,1000007702,1451870,Austin FC II,722268,Sporting Kansas City II,24,finished,FETCHED,COMPLETE,FULL_MATCH,1,1
2026-08-09,"2026-08-09,2026-08-10",2,1,2026-08-10T01:00:00+00:00,USA,USA,9134,NWSL,calendar-2026-27,2026/27,5161597,433031,Seattle Reign FC (W),1335914,Angel City FC (W),0,finished,FETCHED,COMPLETE,FULL_MATCH,3,2_PLUS
2026-08-09,"2026-08-09,2026-08-10",2,1,2026-08-10T01:00:00+00:00,INT,International,10043,Leagues Cup,calendar-2026-27,2026/27,5844855,1218886,Austin FC,7847,Puebla,2,finished,FETCHED,COMPLETE,FULL_MATCH,0,0
2026-08-09,"2026-08-09,2026-08-10",2,1,2026-08-10T01:15:00+00:00,COL,Kolumbien,274,Primera A,calendar-2026-27,2026/27,1000014086,10280,America de Cali,6368,Atletico Nacional,Clausura - Round 4,finished,FETCHED,COMPLETE,FULL_MATCH,1,1
2026-08-09,"2026-08-09,2026-08-10",2,1,2026-08-10T02:00:00+00:00,INT,International,10043,Leagues Cup,calendar-2026-27,2026/27,5844856,1701119,San Diego FC,162418,Tijuana,2,finished,FETCHED,COMPLETE,FULL_MATCH,0,0
2026-08-09,"2026-08-09,2026-08-10",2,1,2026-08-10T02:15:00+00:00,INT,International,10043,Leagues Cup,calendar-2026-27,2026/27,5844857,6576,América,307690,Portland,2,finished,FETCHED,COMPLETE,FULL_MATCH,2,2_PLUS
2026-08-10,2026-08-10,1,0,2026-08-10T15:30:00+00:00,ROU,Rumänien,189,Liga I,calendar-2026-27,2026/27,5853459,188191,Botosani,1515102,Corvinul Hunedoara,4,finished,FETCHED,COMPLETE,FULL_MATCH,0,0
2026-08-10,2026-08-10,1,0,2026-08-10T16:30:00+00:00,LVA,Lettland,226,Virsliga,calendar-2026-27,2026/27,5162046,248871,RFS,662738,Grobina,26,finished,FETCHED,COMPLETE,FULL_MATCH,3,2_PLUS
2026-08-10,2026-08-10,1,0,2026-08-10T16:30:00+00:00,RUS,Russland,63,Premier League,calendar-2026-27,2026/27,5847136,1692,Fakel,8708,Akhmat,3,finished,FETCHED,COMPLETE,FULL_MATCH,0,0
2026-08-10,2026-08-10,1,0,2026-08-10T17:00:00+00:00,SWE,Schweden,67,Allsvenskan,calendar-2026-27,2026/27,5107562,6694,Sirius,8501,Brommapojkarna,16,finished,FETCHED,COMPLETE,FULL_MATCH,0,0
2026-08-10,2026-08-10,1,0,2026-08-10T17:00:00+00:00,SWE,Schweden,67,Allsvenskan,calendar-2026-27,2026/27,5107563,6194,Västerås SK,9802,Djurgården,16,finished,FETCHED,COMPLETE,FULL_MATCH,0,0
2026-08-10,2026-08-10,1,0,2026-08-10T17:00:00+00:00,DEN,Dänemark,46,Superligaen,calendar-2026-27,2026/27,5739478,8415,Silkeborg,8414,OB,3,finished,FETCHED,COMPLETE,FULL_MATCH,1,1
2026-08-10,2026-08-10,1,0,2026-08-10T18:00:00+00:00,NED,Niederlande,111,Eerste Divisie,calendar-2026-27,2026/27,5832813,681217,Jong AZ Alkmaar,6416,FC Eindhoven,1,finished,FETCHED,COMPLETE,FULL_MATCH,1,1
2026-08-10,2026-08-10,1,0,2026-08-10T18:00:00+00:00,NED,Niederlande,111,Eerste Divisie,calendar-2026-27,2026/27,5832814,455494,Jong PSV,6601,FC Volendam,1,finished,FETCHED,COMPLETE,FULL_MATCH,3,2_PLUS
2026-08-10,2026-08-10,1,0,2026-08-10T18:30:00+00:00,ROU,Rumänien,189,Liga I,calendar-2026-27,2026/27,5853461,583706,Sepsi OSK,9723,FCSB,4,finished,FETCHED,COMPLETE,FULL_MATCH,0,0
2026-08-10,2026-08-10,1,0,2026-08-10T18:30:00+00:00,TUR,Türkei,165,1. Lig,calendar-2026-27,2026/27,5908575,95745,Pendikspor,163008,Batman Petrolspor,1,finished,FETCHED,COMPLETE,FULL_MATCH,3,2_PLUS
2026-08-10,2026-08-10,1,0,2026-08-10T19:00:00+00:00,USA,USA,10282,MLS Next Pro,calendar-2026-27,2026/27,1000007692,1348118,Chicago Fire FC II,614319,Toronto FC II,24,finished,FETCHED,COMPLETE,FULL_MATCH,3,2_PLUS
2026-08-10,2026-08-10,1,0,2026-08-10T19:00:00+00:00,ECU,Ecuador,246,Serie A,calendar-2026-27,2026/27,1000009061,113054,Tecnico Universitario,304929,Mushuc Runa,24,finished,FETCHED,COMPLETE,FULL_MATCH,1,1
2026-08-10,2026-08-10,1,0,2026-08-10T19:00:00+00:00,ENG,England,133,EFL Cup,calendar-2026-27,2026/27,5840308,8401,Plymouth,9833,Exeter,1,finished,FETCHED,COMPLETE,FULL_MATCH,2,2_PLUS
2026-08-10,2026-08-10,1,0,2026-08-10T19:15:00+00:00,ISL,Island,215,Besta deildin,calendar-2026-27,2026/27,5225705,6291,Fram Reykjavik,8130,KR Reykjavik,18,finished,FETCHED,COMPLETE,FULL_MATCH,3,2_PLUS
2026-08-10,2026-08-10,1,0,2026-08-10T19:15:00+00:00,POR,Portugal,61,Liga Portugal,calendar-2026-27,2026/27,5887564,1567,Santa Clara,10214,Nacional,1,finished,FETCHED,COMPLETE,FULL_MATCH,0,0
2026-08-10,2026-08-10,1,0,2026-08-10T19:30:00+00:00,VEN,Venezuela,339,Primera Division,calendar-2026-27,2026/27,1000018873,1267963,Rayo Zuliano,93061,Estudiantes Merida,Clausura - Round 3,finished,FETCHED,COMPLETE,FULL_MATCH,1,1
2026-08-10,2026-08-10,1,0,2026-08-10T21:30:00+00:00,ECU,Ecuador,246,Serie A,calendar-2026-27,2026/27,1000009058,1345405,Libertad,113053,Universidad Catolica,24,finished,FETCHED,COMPLETE,FULL_MATCH,2,2_PLUS
2026-08-10,2026-08-10,1,0,2026-08-10T21:30:00+00:00,PAR,Paraguay,199,Division Profesional,calendar-2026-27,2026/27,1000017373,6620,Libertad,59844,Sportivo Trinidense,Clausura - Round 4,finished,FETCHED,COMPLETE,FULL_MATCH,1,1
2026-08-10,"2026-08-10,2026-08-11",2,1,2026-08-10T22:00:00+00:00,ARG,Argentinien,112,Liga Profesional,calendar-2026-27,2026/27,5115920,10087,Banfield,10092,Belgrano,4,finished,FETCHED,COMPLETE,FULL_MATCH,2,2_PLUS
2026-08-10,"2026-08-10,2026-08-11",2,1,2026-08-10T22:30:00+00:00,VEN,Venezuela,339,Primera Division,calendar-2026-27,2026/27,1000018871,7850,Caracas,176496,Deportivo La Guaira,Clausura - Round 3,finished,FETCHED,COMPLETE,FULL_MATCH,1,1
2026-08-10,"2026-08-10,2026-08-11",2,1,2026-08-10T22:30:00+00:00,BRA,Brasilien,8814,Serie B,calendar-2026-27,2026/27,5190644,9862,Goias,298660,Londrina EC,21,finished,FETCHED,COMPLETE,FULL_MATCH,0,0
2026-08-10,"2026-08-10,2026-08-11",2,1,2026-08-11T00:00:00+00:00,ECU,Ecuador,246,Serie A,calendar-2026-27,2026/27,1000009062,4144,Deportivo Cuenca,162922,Manta,24,finished,FETCHED,COMPLETE,FULL_MATCH,1,1
2026-08-10,"2026-08-10,2026-08-11",2,1,2026-08-11T00:00:00+00:00,CHI,Chile,273,Liga de Primera,calendar-2026-27,2026/27,1000013192,4058,Audax Italiano,49559,Ñublense,18,finished,FETCHED,COMPLETE,FULL_MATCH,2,2_PLUS
2026-08-10,"2026-08-10,2026-08-11",2,1,2026-08-11T00:15:00+00:00,ARG,Argentinien,112,Liga Profesional,calendar-2026-27,2026/27,5115932,10096,Union,213596,Central Cordoba de Santiago,4,finished,FETCHED,COMPLETE,FULL_MATCH,2,2_PLUS
2026-08-11,2026-08-11,1,0,2026-08-11T09:30:00+00:00,AUS,Australien,9471,Australia Cup,calendar-2026-27,2026/27,5982126,582215,Lions FC,203576,Melbourne City FC,1/8,finished,FETCHED,COMPLETE,FULL_MATCH,1,1
2026-08-11,2026-08-11,1,0,2026-08-11T09:30:00+00:00,AUS,Australien,9471,Australia Cup,calendar-2026-27,2026/27,5982128,1119620,SD Raiders FC,1209973,Macarthur FC,1/8,finished,FETCHED,COMPLETE,FULL_MATCH,2,2_PLUS
2026-08-11,2026-08-11,1,0,2026-08-11T10:00:00+00:00,INT,International,489,Vereins-Freundschaftsspiele,calendar-2026-27,2026/27,5900862,9885,Juventus,8540,Palermo,1,finished,FETCHED,COMPLETE,FULL_MATCH,1,1
2026-08-11,2026-08-11,1,0,2026-08-11T14:00:00+00:00,ENG,England,10705,National League Cup,calendar-2026-27,2026/27,6000905,8488,Hartlepool United,773660,Middlesbrough U21,1,finished,FETCHED,COMPLETE,FULL_MATCH,7,2_PLUS
2026-08-11,2026-08-11,1,0,2026-08-11T15:00:00+00:00,USA,USA,10282,MLS Next Pro,calendar-2026-27,2026/27,1000007703,1348108,New York City FC II,722266,Orlando City B,25,finished,FETCHED,COMPLETE,FULL_MATCH,1,1
2026-08-11,2026-08-11,1,0,2026-08-11T15:00:00+00:00,INT,International,10611,Champions League Qualifikation,calendar-2026-27,2026/27,5954874,8037,Kairat Almaty,8632,Levski Sofia,3,finished,FETCHED,COMPLETE,FULL_MATCH,0,0
2026-08-11,2026-08-11,1,0,2026-08-11T16:00:00+00:00,INT,International,10611,Champions League Qualifikation,calendar-2026-27,2026/27,5954875,951893,Sabah FK,8071,AGF,3,finished,FETCHED,COMPLETE,FULL_MATCH,4,2_PLUS
2026-08-11,2026-08-11,1,0,2026-08-11T16:00:00+00:00,INT,International,10611,Champions League Qualifikation,calendar-2026-27,2026/27,5954879,8402,Bodø/Glimt,7978,Union St.Gilloise,3,finished,FETCHED,COMPLETE,FULL_MATCH,5,2_PLUS
2026-08-11,2026-08-11,1,0,2026-08-11T17:30:00+00:00,INT,International,10611,Champions League Qualifikation,calendar-2026-27,2026/27,5954878,8464,NEC Nijmegen,8638,Olympiacos,3,finished,FETCHED,COMPLETE,FULL_MATCH,3,2_PLUS
2026-08-11,2026-08-11,1,0,2026-08-11T17:30:00+00:00,RSA,Südafrika,537,Premier Soccer League,calendar-2026-27,2026/27,5955053,316438,Chippa United,866690,Richards Bay,Regular Season,finished,FETCHED,COMPLETE,FULL_MATCH,1,1
2026-08-11,2026-08-11,1,0,2026-08-11T17:30:00+00:00,RSA,Südafrika,537,Premier Soccer League,calendar-2026-27,2026/27,5955054,352390,Marumo Gallants,1704814,Kruger United,Regular Season,finished,FETCHED,COMPLETE,FULL_MATCH,0,0
2026-08-11,2026-08-11,1,0,2026-08-11T17:30:00+00:00,RSA,Südafrika,537,Premier Soccer League,calendar-2026-27,2026/27,5955055,149600,Polokwane City,207873,Stellenbosch FC,Regular Season,finished,FETCHED,COMPLETE,FULL_MATCH,4,2_PLUS
2026-08-11,2026-08-11,1,0,2026-08-11T17:30:00+00:00,RSA,Südafrika,537,Premier Soccer League,calendar-2026-27,2026/27,5955056,953498,TS Galaxy,4530,Mamelodi Sundowns FC,Regular Season,finished,FETCHED,COMPLETE,FULL_MATCH,3,2_PLUS
2026-08-11,2026-08-11,1,0,2026-08-11T17:30:00+00:00,INT,International,10615,Conference League Qualifikation,calendar-2026-27,2026/27,5955356,944215,CSKA 1948,10200,Panathinaikos,3,finished,FETCHED,COMPLETE,FULL_MATCH,3,2_PLUS
2026-08-11,2026-08-11,1,0,2026-08-11T18:30:00+00:00,INT,International,10611,Champions League Qualifikation,calendar-2026-27,2026/27,5954880,10014,Sturm Graz,8695,Fenerbahçe,3,finished,FETCHED,COMPLETE,FULL_MATCH,1,1
2026-08-11,2026-08-11,1,0,2026-08-11T19:00:00+00:00,INT,International,10611,Champions League Qualifikation,calendar-2026-27,2026/27,5954881,9748,Lyon,10247,Sparta Prague,3,finished,FETCHED,COMPLETE,FULL_MATCH,2,2_PLUS
2026-08-11,"2026-08-11,2026-08-19",2,0,2026-08-11T21:00:00+00:00,COL,Kolumbien,274,Primera A,calendar-2026-27,2026/27,1000014079,193025,Aguilas Doradas,348397,Llaneros FC,Clausura - Round 4,cancelled,FETCHED,COMPLETE,FULL_MATCH,1,1
2026-08-11,"2026-08-11,2026-08-12",2,1,2026-08-11T22:00:00+00:00,INT,International,45,Copa Libertadores,calendar-2026-27,2026/27,1000012928,9863,Fluminense,161729,Independiente Rivadavia,8th Finals,finished,FETCHED,COMPLETE,FULL_MATCH,0,0
2026-08-11,"2026-08-11,2026-08-12",2,1,2026-08-11T22:00:00+00:00,INT,International,299,Copa Sudamericana,calendar-2026-27,2026/27,1000013047,10077,Boca Juniors,1427854,Recoleta,8th Finals,finished,FETCHED,COMPLETE,FULL_MATCH,3,2_PLUS
2026-08-11,"2026-08-11,2026-08-12",2,1,2026-08-11T22:30:00+00:00,BRA,Brasilien,8814,Serie B,calendar-2026-27,2026/27,5190645,104822,Avai FC,104821,CRB,21,finished,FETCHED,COMPLETE,FULL_MATCH,0,0
2026-08-11,"2026-08-11,2026-08-12",2,1,2026-08-11T23:00:00+00:00,CAN,Kanada,9837,Canadian Championship,calendar-2026-27,2026/27,1000011236,1135780,Atlético Ottawa,1899648,Supra du Quebec,Quarter-finals,finished,FETCHED,COMPLETE,FULL_MATCH,4,2_PLUS
2026-08-11,"2026-08-11,2026-08-12",2,1,2026-08-11T23:30:00+00:00,INT,International,10043,Leagues Cup,calendar-2026-27,2026/27,5844859,6001,Columbus,1946,Pumas,3,finished,FETCHED,COMPLETE,FULL_MATCH,0,0
2026-08-11,"2026-08-11,2026-08-12",2,1,2026-08-12T00:00:00+00:00,ARG,Argentinien,112,Liga Profesional,calendar-2026-27,2026/27,5115930,10101,Talleres,10082,Lanus,4,finished,FETCHED,COMPLETE,FULL_MATCH,3,2_PLUS
2026-08-11,"2026-08-11,2026-08-12",2,1,2026-08-12T00:00:00+00:00,INT,International,10043,Leagues Cup,calendar-2026-27,2026/27,5844860,722265,Cincinnati,6577,Atlas,3,finished,FETCHED,COMPLETE,FULL_MATCH,2,2_PLUS
2026-08-11,"2026-08-11,2026-08-12",2,1,2026-08-12T00:30:00+00:00,INT,International,45,Copa Libertadores,calendar-2026-27,2026/27,1000012922,10094,Estudiantes,6458,Universidad Catolica,8th Finals,finished,FETCHED,COMPLETE,FULL_MATCH,1,1
2026-08-11,"2026-08-11,2026-08-12",2,1,2026-08-12T00:30:00+00:00,INT,International,299,Copa Sudamericana,calendar-2026-27,2026/27,1000013059,5983,Bolivar,10277,Sao Paulo,8th Finals,finished,FETCHED,COMPLETE,FULL_MATCH,1,1
2026-08-11,"2026-08-11,2026-08-12",2,1,2026-08-12T00:30:00+00:00,INT,International,10043,Leagues Cup,calendar-2026-27,2026/27,5844861,207242,Minnesota,1942,Atlante,3,finished,FETCHED,COMPLETE,FULL_MATCH,3,2_PLUS
2026-08-11,"2026-08-11,2026-08-12",2,1,2026-08-12T00:52:00+00:00,INT,International,10043,Leagues Cup,calendar-2026-27,2026/27,5844858,1323940,Charlotte FC,7848,Pachuca,3,finished,FETCHED,COMPLETE,FULL_MATCH,1,1
2026-08-11,"2026-08-11,2026-08-12",2,1,2026-08-12T01:30:00+00:00,INT,International,10043,Leagues Cup,calendar-2026-27,2026/27,5844862,6606,Salt Lake,649424,Juárez,3,finished,FETCHED,COMPLETE,FULL_MATCH,2,2_PLUS
2026-08-11,"2026-08-11,2026-08-12",2,1,2026-08-12T02:00:00+00:00,INT,International,10043,Leagues Cup,calendar-2026-27,2026/27,5844863,8561,Tigres,307691,Vancouver,3,finished,FETCHED,COMPLETE,FULL_MATCH,1,1
2026-08-12,2026-08-12,1,0,2026-08-12T09:30:00+00:00,AUS,Australien,9471,Australia Cup,calendar-2026-27,2026/27,5982123,162237,APIA Leichhardt FC,162236,Sydney United 58,1/8,finished,FETCHED,COMPLETE,FULL_MATCH,1,1
2026-08-12,2026-08-12,1,0,2026-08-12T09:30:00+00:00,AUS,Australien,9471,Australia Cup,calendar-2026-27,2026/27,5982125,162316,Brunswick Juventus FC,162312,Preston Lions,1/8,finished,FETCHED,COMPLETE,FULL_MATCH,1,1
2026-08-12,2026-08-12,1,0,2026-08-12T09:45:00+00:00,AUS,Australien,9471,Australia Cup,calendar-2026-27,2026/27,5982127,629991,North Sunshine Eagles SC,162309,Heidelberg United,1/8,finished,FETCHED,COMPLETE,FULL_MATCH,0,0
2026-08-12,2026-08-12,1,0,2026-08-12T16:00:00+00:00,INT,International,10615,Conference League Qualifikation,calendar-2026-27,2026/27,5955373,10015,Rapid Wien,163540,Paide Linnameeskond,3,finished,FETCHED,COMPLETE,FULL_MATCH,1,1
2026-08-12,2026-08-12,1,0,2026-08-12T16:00:00+00:00,INT,International,10615,Conference League Qualifikation,calendar-2026-27,2026/27,5955375,8391,FC København,8369,Debrecen,3,finished,FETCHED,COMPLETE,FULL_MATCH,5,2_PLUS
2026-08-12,2026-08-12,1,0,2026-08-12T16:15:00+00:00,INT,International,489,Vereins-Freundschaftsspiele,calendar-2026-27,2026/27,5739316,8668,Everton,10261,Newcastle,1,finished,FETCHED,COMPLETE,FULL_MATCH,2,2_PLUS
2026-08-12,2026-08-12,1,0,2026-08-12T17:00:00+00:00,INT,International,10371,Women's Africa Cup of Nations,calendar-2026-27,2026/27,1000018959,1316257,Algeria,1302798,Malawi,Semi-finals,finished,FETCHED,COMPLETE,FULL_MATCH,2,2_PLUS
2026-08-12,2026-08-12,1,0,2026-08-12T17:30:00+00:00,RSA,Südafrika,537,Premier Soccer League,calendar-2026-27,2026/27,5955057,102100,AmaZulu FC,7866,Orlando Pirates,Regular Season,finished,FETCHED,COMPLETE,FULL_MATCH,0,0
2026-08-12,2026-08-12,1,0,2026-08-12T17:30:00+00:00,RSA,Südafrika,537,Premier Soccer League,calendar-2026-27,2026/27,5955058,149599,Durban City,102097,Lamontville Golden Arrows,Regular Season,finished,FETCHED,COMPLETE,FULL_MATCH,0,0
2026-08-12,2026-08-12,1,0,2026-08-12T17:30:00+00:00,RSA,Südafrika,537,Premier Soccer League,calendar-2026-27,2026/27,5955059,6279,Kaizer Chiefs,612014,Sekhukhune United,Regular Season,finished,FETCHED,COMPLETE,FULL_MATCH,2,2_PLUS
2026-08-12,2026-08-12,1,0,2026-08-12T17:30:00+00:00,RSA,Südafrika,537,Premier Soccer League,calendar-2026-27,2026/27,5955060,727278,Milford FC,102099,Siwelele,Regular Season,finished,FETCHED,COMPLETE,FULL_MATCH,1,1
2026-08-12,2026-08-12,1,0,2026-08-12T18:30:00+00:00,INT,International,489,Vereins-Freundschaftsspiele,calendar-2026-27,2026/27,5449685,10260,Man United,8463,Leeds,1,finished,FETCHED,COMPLETE,FULL_MATCH,0,0
2026-08-12,2026-08-12,1,0,2026-08-12T18:30:00+00:00,INT,International,489,Vereins-Freundschaftsspiele,calendar-2026-27,2026/27,5898654,9825,Arsenal,10171,Como,1,finished,FETCHED,COMPLETE,FULL_MATCH,0,0
2026-08-12,2026-08-12,1,0,2026-08-12T19:00:00+00:00,INT,International,74,UEFA Super Cup,calendar-2026-27,2026/27,5729447,9847,PSG,10252,Aston Villa,final,finished,FETCHED,COMPLETE,FULL_MATCH,1,1
2026-08-12,2026-08-12,1,0,2026-08-12T19:00:00+00:00,INT,International,489,Vereins-Freundschaftsspiele,calendar-2026-27,2026/27,5962500,9783,Deportivo A Coruña,8633,Real Madrid,1,finished,FETCHED,COMPLETE,FULL_MATCH,0,0
2026-08-12,2026-08-12,1,0,2026-08-12T20:00:00+00:00,INT,International,10371,Women's Africa Cup of Nations,calendar-2026-27,2026/27,1000018954,1129300,Morocco,316116,Cameroon,Semi-finals,finished,FETCHED,COMPLETE,FULL_MATCH,0,0
2026-08-12,"2026-08-12,2026-08-13",2,1,2026-08-12T22:00:00+00:00,INT,International,45,Copa Libertadores,calendar-2026-27,2026/27,1000012916,10089,Club Atletico Platense,4062,Coquimbo Unido,8th Finals,finished,FETCHED,COMPLETE,FULL_MATCH,1,1
2026-08-12,"2026-08-12,2026-08-13",2,1,2026-08-12T22:00:00+00:00,INT,International,45,Copa Libertadores,calendar-2026-27,2026/27,1000012917,10283,Palmeiras,6295,Cerro Porteno,8th Finals,finished,FETCHED,COMPLETE,FULL_MATCH,2,2_PLUS
2026-08-12,"2026-08-12,2026-08-13",2,1,2026-08-12T22:00:00+00:00,INT,International,299,Copa Sudamericana,calendar-2026-27,2026/27,1000013049,109705,Red Bull Bragantino,10272,Atletico MG,8th Finals,finished,FETCHED,COMPLETE,FULL_MATCH,1,1
2026-08-12,"2026-08-12,2026-08-13",2,1,2026-08-12T22:00:00+00:00,INT,International,299,Copa Sudamericana,calendar-2026-27,2026/27,1000013057,89396,Tigre,395613,Torque,8th Finals,finished,FETCHED,COMPLETE,FULL_MATCH,1,1
2026-08-12,"2026-08-12,2026-08-13",2,1,2026-08-12T22:15:00+00:00,ARG,Argentinien,9305,Copa Argentina,calendar-2026-27,2026/27,1000012294,161727,Atletico Tucuman,10078,Independiente,8th Finals,finished,FETCHED,COMPLETE,FULL_MATCH,3,2_PLUS
2026-08-12,"2026-08-12,2026-08-13",2,1,2026-08-12T23:00:00+00:00,USA,USA,10654,USL Cup,calendar-2026-27,2026/27,5923138,614315,Charlotte Independence,1003206,Hartford Athletic,1/4,finished,FETCHED,COMPLETE,FULL_MATCH,4,2_PLUS
2026-08-12,"2026-08-12,2026-08-13",2,1,2026-08-12T23:00:00+00:00,USA,USA,10654,USL Cup,calendar-2026-27,2026/27,5923139,197328,Tampa Bay Rowdies,614316,Louisville City FC,1/4,finished,FETCHED,COMPLETE,FULL_MATCH,0,0
2026-08-12,"2026-08-12,2026-08-13",2,1,2026-08-12T23:30:00+00:00,INT,International,10043,Leagues Cup,calendar-2026-27,2026/27,5844864,960720,Inter Miami CF,1841,León,3,finished,FETCHED,COMPLETE,FULL_MATCH,4,2_PLUS
2026-08-12,"2026-08-12,2026-08-13",2,1,2026-08-12T23:30:00+00:00,INT,International,10043,Leagues Cup,calendar-2026-27,2026/27,5844865,267810,Orlando,6358,San Luis,3,finished,FETCHED,COMPLETE,FULL_MATCH,3,2_PLUS
2026-08-12,"2026-08-12,2026-08-13",2,1,2026-08-13T00:00:00+00:00,USA,USA,9296,USL League One,calendar-2026-27,2026/27,5109499,1004919,Forward Madison FC,1004920,Greenville Triumph SC,24,finished,FETCHED,COMPLETE,FULL_MATCH,0,0
2026-08-12,"2026-08-12,2026-08-13",2,1,2026-08-13T00:00:00+00:00,INT,International,10043,Leagues Cup,calendar-2026-27,2026/27,5844866,7849,Monterrey,915807,Nashville SC,3,finished,FETCHED,COMPLETE,FULL_MATCH,2,2_PLUS
2026-08-12,"2026-08-12,2026-08-13",2,1,2026-08-13T00:10:00+00:00,USA,USA,10282,MLS Next Pro,calendar-2026-27,2026/27,1000007598,1445755,Huntsville City FC,1451868,Crown Legacy FC,17,finished,FETCHED,COMPLETE,FULL_MATCH,1,1
2026-08-12,"2026-08-12,2026-08-13",2,1,2026-08-13T00:30:00+00:00,INT,International,45,Copa Libertadores,calendar-2026-27,2026/27,1000012931,9781,Cruzeiro,9770,Flamengo,8th Finals,finished,FETCHED,COMPLETE,FULL_MATCH,2,2_PLUS
2026-08-12,"2026-08-12,2026-08-13",2,1,2026-08-13T00:30:00+00:00,USA,USA,10654,USL Cup,calendar-2026-27,2026/27,5923140,722269,San Antonio FC,721896,Miami FC,1/4,finished,FETCHED,COMPLETE,FULL_MATCH,2,2_PLUS
2026-08-12,"2026-08-12,2026-08-13",2,1,2026-08-13T01:00:00+00:00,USA,USA,10654,USL Cup,calendar-2026-27,2026/27,5923141,1584038,Spokane Velocity FC,614321,Colorado Springs Switchbacks FC,1/4,finished,FETCHED,COMPLETE,FULL_MATCH,0,0
2026-08-12,"2026-08-12,2026-08-13",2,1,2026-08-13T02:13:00+00:00,INT,International,10043,Leagues Cup,calendar-2026-27,2026/27,5844867,6618,Toluca,6399,Dallas,3,finished,FETCHED,COMPLETE,FULL_MATCH,1,1
2026-08-12,"2026-08-12,2026-08-13",2,1,2026-08-13T02:25:00+00:00,INT,International,10043,Leagues Cup,calendar-2026-27,2026/27,5844868,1701119,San Diego FC,7847,Puebla,3,finished,FETCHED,COMPLETE,FULL_MATCH,3,2_PLUS
2026-08-12,"2026-08-12,2026-08-13",2,1,2026-08-13T02:30:00+00:00,INT,International,10043,Leagues Cup,calendar-2026-27,2026/27,5844869,867280,LAFC,1943,Querétaro,3,finished,FETCHED,COMPLETE,FULL_MATCH,1,1
2026-08-12,"2026-08-12,2026-08-13",2,1,2026-08-13T02:30:00+00:00,INT,International,10043,Leagues Cup,calendar-2026-27,2026/27,5844870,130394,Seattle Sounders,7807,Chivas,3,finished,FETCHED,COMPLETE,FULL_MATCH,2,2_PLUS
2026-08-13,2026-08-13,1,0,2026-08-13T16:00:00+00:00,INT,International,10615,Conference League Qualifikation,calendar-2026-27,2026/27,5955366,7981,Qarabag FK,8688,Dynamo Kyiv,3,finished,FETCHED,COMPLETE,FULL_MATCH,1,1
2026-08-13,2026-08-13,1,0,2026-08-13T16:15:00+00:00,KSA,Saudi-Arabien,536,Saudi Pro League,calendar-2026-27,2026/27,5969046,150414,Abha,101911,Al Hazem,1,finished,FETCHED,COMPLETE,FULL_MATCH,1,1
2026-08-13,2026-08-13,1,0,2026-08-13T17:00:00+00:00,INT,International,10371,Women's Africa Cup of Nations,calendar-2026-27,2026/27,1000018958,604108,Ivory Coast,74875,Ghana,Play-In Round,finished,FETCHED,COMPLETE,FULL_MATCH,2,2_PLUS
2026-08-13,2026-08-13,1,0,2026-08-13T17:00:00+00:00,INT,International,10613,Europa League Qualifikation,calendar-2026-27,2026/27,5955031,10188,Beşiktaş,1712,Hradec Kralove,3,finished,FETCHED,COMPLETE,FULL_MATCH,0,0
2026-08-13,2026-08-13,1,0,2026-08-13T17:00:00+00:00,INT,International,10613,Europa League Qualifikation,calendar-2026-27,2026/27,5955036,2137,Pafos FC,10013,Salzburg,3,finished,FETCHED,COMPLETE,FULL_MATCH,4,2_PLUS
2026-08-13,2026-08-13,1,0,2026-08-13T17:00:00+00:00,INT,International,10613,Europa League Qualifikation,calendar-2026-27,2026/27,5955041,8020,Górnik Zabrze,8222,Ferencvaros,3,finished,FETCHED,COMPLETE,FULL_MATCH,1,1
2026-08-13,2026-08-13,1,0,2026-08-13T17:00:00+00:00,INT,International,10615,Conference League Qualifikation,calendar-2026-27,2026/27,5955361,10202,Nordsjælland,8064,Valur,3,finished,FETCHED,COMPLETE,FULL_MATCH,3,2_PLUS
2026-08-13,2026-08-13,1,0,2026-08-13T17:00:00+00:00,INT,International,10615,Conference League Qualifikation,calendar-2026-27,2026/27,5955374,8113,FC Midtjylland,4594,Bohemian FC,3,finished,FETCHED,COMPLETE,FULL_MATCH,4,2_PLUS
2026-08-13,2026-08-13,1,0,2026-08-13T17:00:00+00:00,INT,International,10615,Conference League Qualifikation,calendar-2026-27,2026/27,5955377,103598,DAC 1904 Dunajska Streda,8611,FC Twente,3,finished,FETCHED,COMPLETE,FULL_MATCH,5,2_PLUS
2026-08-13,2026-08-13,1,0,2026-08-13T17:30:00+00:00,INT,International,10613,Europa League Qualifikation,calendar-2026-27,2026/27,5955029,6017,Vikingur Reykjavik,10191,Thun,3,finished,FETCHED,COMPLETE,FULL_MATCH,1,1
2026-08-13,2026-08-13,1,0,2026-08-13T17:30:00+00:00,INT,International,10615,Conference League Qualifikation,calendar-2026-27,2026/27,5955368,8110,NSI Runavik,7896,Lugano,3,finished,FETCHED,COMPLETE,FULL_MATCH,3,2_PLUS
2026-08-13,2026-08-13,1,0,2026-08-13T18:00:00+00:00,INT,International,10615,Conference League Qualifikation,calendar-2026-27,2026/27,5955362,10190,St. Gallen,9729,FC Sheriff,3,finished,FETCHED,COMPLETE,FULL_MATCH,3,2_PLUS
2026-08-13,2026-08-13,1,0,2026-08-13T18:00:00+00:00,KSA,Saudi-Arabien,536,Saudi Pro League,calendar-2026-27,2026/27,5969047,101916,Al Shabab,101919,Al Qadsiah,1,finished,FETCHED,COMPLETE,FULL_MATCH,2,2_PLUS
2026-08-13,2026-08-13,1,0,2026-08-13T18:00:00+00:00,KSA,Saudi-Arabien,536,Saudi Pro League,calendar-2026-27,2026/27,5969048,1787233,Al Diriyah,2530,Al Ahli,1,finished,FETCHED,COMPLETE,FULL_MATCH,0,0
2026-08-13,2026-08-13,1,0,2026-08-13T18:15:00+00:00,INT,International,10615,Conference League Qualifikation,calendar-2026-27,2026/27,5955359,10179,Sion,866111,FC Noah,3,finished,FETCHED,COMPLETE,FULL_MATCH,2,2_PLUS
2026-08-13,2026-08-13,1,0,2026-08-13T18:30:00+00:00,INT,International,10613,Europa League Qualifikation,calendar-2026-27,2026/27,5955035,8635,Anderlecht,8619,PAOK Thessaloniki,3,finished,FETCHED,COMPLETE,FULL_MATCH,3,2_PLUS
2026-08-13,2026-08-13,1,0,2026-08-13T18:30:00+00:00,INT,International,10615,Conference League Qualifikation,calendar-2026-27,2026/27,5955352,5755,Györi ETO,624924,Riga FC,3,finished,FETCHED,COMPLETE,FULL_MATCH,1,1
2026-08-13,2026-08-13,1,0,2026-08-13T18:30:00+00:00,INT,International,10615,Conference League Qualifikation,calendar-2026-27,2026/27,5955364,10011,Austria Wien,8173,Beitar Jerusalem,3,finished,FETCHED,COMPLETE,FULL_MATCH,2,2_PLUS
2026-08-13,2026-08-13,1,0,2026-08-13T18:45:00+00:00,INT,International,10613,Europa League Qualifikation,calendar-2026-27,2026/27,5955039,9860,Hearts,9772,Benfica,3,finished,FETCHED,COMPLETE,FULL_MATCH,2,2_PLUS
2026-08-13,2026-08-13,1,0,2026-08-13T18:45:00+00:00,INT,International,10615,Conference League Qualifikation,calendar-2026-27,2026/27,5955357,5751,Shelbourne,8593,Ajax,3,finished,FETCHED,COMPLETE,FULL_MATCH,1,1
2026-08-13,2026-08-13,1,0,2026-08-13T20:00:00+00:00,INT,International,10371,Women's Africa Cup of Nations,calendar-2026-27,2026/27,1000018953,316118,South Africa,5908,Nigeria,Play-In Round,finished,FETCHED,COMPLETE,FULL_MATCH,3,2_PLUS
2026-08-13,"2026-08-13,2026-08-14",2,1,2026-08-13T22:00:00+00:00,INT,International,45,Copa Libertadores,calendar-2026-27,2026/27,1000012926,163782,Mirassol,6721,LDU de Quito,8th Finals,finished,FETCHED,COMPLETE,FULL_MATCH,1,1
2026-08-13,"2026-08-13,2026-08-14",2,1,2026-08-13T22:00:00+00:00,INT,International,299,Copa Sudamericana,calendar-2026-27,2026/27,1000013054,10276,Vasco da Gama,6619,Olimpia,8th Finals,finished,FETCHED,COMPLETE,FULL_MATCH,0,0
2026-08-13,"2026-08-13,2026-08-14",2,1,2026-08-13T22:00:00+00:00,INT,International,299,Copa Sudamericana,calendar-2026-27,2026/27,1000013058,8514,Santos FC,6609,CSD Macara,8th Finals,finished,FETCHED,COMPLETE,FULL_MATCH,1,1
2026-08-13,"2026-08-13,2026-08-14",2,1,2026-08-13T23:00:00+00:00,INT,International,10043,Leagues Cup,calendar-2026-27,2026/27,5844871,191716,Philadelphia,7857,Santos,3,finished,FETCHED,COMPLETE,FULL_MATCH,2,2_PLUS
2026-08-13,"2026-08-13,2026-08-14",2,1,2026-08-13T23:30:00+00:00,INT,International,10043,Leagues Cup,calendar-2026-27,2026/27,5844872,546238,NYCFC,1842,Necaxa,3,finished,FETCHED,COMPLETE,FULL_MATCH,2,2_PLUS
2026-08-13,"2026-08-13,2026-08-14",2,1,2026-08-14T00:30:00+00:00,INT,International,45,Copa Libertadores,calendar-2026-27,2026/27,1000012918,10084,Rosario Central,9808,Corinthians,8th Finals,finished,FETCHED,COMPLETE,FULL_MATCH,0,0
2026-08-13,"2026-08-13,2026-08-14",2,1,2026-08-14T00:30:00+00:00,INT,International,299,Copa Sudamericana,calendar-2026-27,2026/27,1000013051,1845,Cienciano,8517,Botafogo RJ,8th Finals,finished,FETCHED,COMPLETE,FULL_MATCH,3,2_PLUS
2026-08-13,"2026-08-13,2026-08-14",2,1,2026-08-14T00:30:00+00:00,INT,International,10043,Leagues Cup,calendar-2026-27,2026/27,5844873,6576,América,1218886,Austin FC,3,finished,FETCHED,COMPLETE,FULL_MATCH,2,2_PLUS
2026-08-13,"2026-08-13,2026-08-14",2,1,2026-08-14T01:00:00+00:00,INT,International,10043,Leagues Cup,calendar-2026-27,2026/27,5844874,6578,Cruz Azul,6397,Chicago,3,finished,FETCHED,COMPLETE,FULL_MATCH,3,2_PLUS
2026-08-13,"2026-08-13,2026-08-14",2,1,2026-08-14T02:30:00+00:00,INT,International,10043,Leagues Cup,calendar-2026-27,2026/27,5844875,307690,Portland,162418,Tijuana,3,finished,FETCHED,COMPLETE,FULL_MATCH,2,2_PLUS
2026-08-14,2026-08-14,1,0,2026-08-14T10:00:00+00:00,JPN,Japan,223,J. League,calendar-2026-27,2026/27,5803528,6223,Tokyo Verdy,8699,Kashiwa Reysol,2,finished,FETCHED,COMPLETE,FULL_MATCH,2,2_PLUS
2026-08-14,2026-08-14,1,0,2026-08-14T11:35:00+00:00,CHN,China,120,Super League,calendar-2026-27,2026/27,5186581,8623,Shandong Taishan,4183,Qingdao Hainiu,23,finished,FETCHED,COMPLETE,FULL_MATCH,1,1
2026-08-14,2026-08-14,1,0,2026-08-14T11:35:00+00:00,CHN,China,120,Super League,calendar-2026-27,2026/27,5186582,1029687,Wuhan Three Towns,198616,Shanghai Port,23,finished,FETCHED,COMPLETE,FULL_MATCH,4,2_PLUS
2026-08-14,2026-08-14,1,0,2026-08-14T12:00:00+00:00,CHN,China,120,Super League,calendar-2026-27,2026/27,5186583,1283248,Qingdao West Coast,1477050,Chongqing Tongliang Long,23,finished,FETCHED,COMPLETE,FULL_MATCH,0,0
2026-08-14,2026-08-14,1,0,2026-08-14T14:00:00+00:00,RUS,Russland,63,Premier League,calendar-2026-27,2026/27,5847148,132286,Orenburg,8710,Lokomotiv,4,finished,FETCHED,COMPLETE,FULL_MATCH,1,1
2026-08-14,2026-08-14,1,0,2026-08-14T14:10:00+00:00,UAE,Vereinigte Arabische Emirate,538,Pro League,calendar-2026-27,2026/27,5898782,102123,Al-Nasr SC,209190,Al Ittihad Kalba,1,finished,FETCHED,COMPLETE,FULL_MATCH,2,2_PLUS
2026-08-14,2026-08-14,1,0,2026-08-14T15:00:00+00:00,FIN,Finnland,51,Veikkausliiga,calendar-2026-27,2026/27,5147621,6597,VPS,6633,TPS,20,finished,FETCHED,COMPLETE,FULL_MATCH,2,2_PLUS
2026-08-14,2026-08-14,1,0,2026-08-14T15:30:00+00:00,ROU,Rumänien,189,Liga I,calendar-2026-27,2026/27,5853469,405332,FC Voluntari,188187,Petrolul Ploiesti,5,finished,FETCHED,COMPLETE,FULL_MATCH,1,1
2026-08-14,2026-08-14,1,0,2026-08-14T15:30:00+00:00,INT,International,489,Vereins-Freundschaftsspiele,calendar-2026-27,2026/27,5973858,8592,Marseille,9906,Atletico Madrid,1,finished,FETCHED,COMPLETE,FULL_MATCH,1,1
2026-08-14,2026-08-14,1,0,2026-08-14T16:00:00+00:00,ITA,Italien,141,Coppa Italia,calendar-2026-27,2026/27,5852771,10167,Parma,8530,Catania,1/32,finished,FETCHED,COMPLETE,FULL_MATCH,0,0
2026-08-14,2026-08-14,1,0,2026-08-14T16:30:00+00:00,ITA,Italien,141,Coppa Italia,calendar-2026-27,2026/27,5852772,8529,Cagliari,9849,Arezzo,1/32,finished,FETCHED,COMPLETE,FULL_MATCH,0,0
2026-08-14,2026-08-14,1,0,2026-08-14T16:30:00+00:00,GER,Deutschland,146,2. Bundesliga,calendar-2026-27,2026/27,5881637,9776,Eintracht Braunschweig,9911,Bochum,2,finished,FETCHED,COMPLETE,FULL_MATCH,0,0
2026-08-14,2026-08-14,1,0,2026-08-14T16:30:00+00:00,GER,Deutschland,146,2. Bundesliga,calendar-2026-27,2026/27,5881641,8150,Holstein Kiel,8152,St. Pauli,2,finished,FETCHED,COMPLETE,FULL_MATCH,2,2_PLUS
2026-08-14,2026-08-14,1,0,2026-08-14T16:45:00+00:00,UAE,Vereinigte Arabische Emirate,538,Pro League,calendar-2026-27,2026/27,5898783,102122,Al-Wahda,149994,Ajman,1,finished,FETCHED,COMPLETE,FULL_MATCH,4,2_PLUS
2026-08-14,2026-08-14,1,0,2026-08-14T16:50:00+00:00,KSA,Saudi-Arabien,536,Saudi Pro League,calendar-2026-27,2026/27,5969049,1699505,Neom SC,582749,Al-Fayha,1,finished,FETCHED,COMPLETE,FULL_MATCH,1,1
2026-08-14,2026-08-14,1,0,2026-08-14T17:00:00+00:00,NOR,Norwegen,59,Eliteserien,calendar-2026-27,2026/27,5104979,8422,Rosenborg,8478,Viking,18,finished,FETCHED,COMPLETE,FULL_MATCH,2,2_PLUS
2026-08-14,2026-08-14,1,0,2026-08-14T17:00:00+00:00,SWE,Schweden,67,Allsvenskan,calendar-2026-27,2026/27,5107569,8014,Elfsborg,6194,Västerås SK,17,finished,FETCHED,COMPLETE,FULL_MATCH,2,2_PLUS
2026-08-14,2026-08-14,1,0,2026-08-14T17:00:00+00:00,DEN,Dänemark,46,Superligaen,calendar-2026-27,2026/27,5739479,9939,Viborg,8071,AGF,4,finished,FETCHED,COMPLETE,FULL_MATCH,1,1
2026-08-14,2026-08-14,1,0,2026-08-14T17:00:00+00:00,DEN,Dänemark,85,1. Division,calendar-2026-27,2026/27,5764574,6308,Kolding IF,8231,Vejle Boldklub,4,finished,FETCHED,COMPLETE,FULL_MATCH,3,2_PLUS
2026-08-14,2026-08-14,1,0,2026-08-14T17:00:00+00:00,DEN,Dänemark,85,1. Division,calendar-2026-27,2026/27,5764575,8470,AaB,8454,Fredericia,4,finished,FETCHED,COMPLETE,FULL_MATCH,3,2_PLUS
2026-08-14,2026-08-14,1,0,2026-08-14T17:00:00+00:00,GER,Deutschland,208,3. Liga,calendar-2026-27,2026/27,5905867,145486,Würzburger Kickers,8196,Wehen Wiesbaden,2,finished,FETCHED,COMPLETE,FULL_MATCH,2,2_PLUS
2026-08-14,2026-08-14,1,0,2026-08-14T17:30:00+00:00,AUT,Österreich,38,Bundesliga,calendar-2026-27,2026/27,5845963,9977,LASK,10017,Ried,3,finished,FETCHED,COMPLETE,FULL_MATCH,1,1
2026-08-14,2026-08-14,1,0,2026-08-14T17:30:00+00:00,RSA,Südafrika,537,Premier Soccer League,calendar-2026-27,2026/27,5955061,207873,Stellenbosch FC,352390,Marumo Gallants,Regular Season,finished,FETCHED,COMPLETE,FULL_MATCH,2,2_PLUS
2026-08-14,2026-08-14,1,0,2026-08-14T18:00:00+00:00,BEL,Belgien,264,First Division B,calendar-2026-27,2026/27,1000015439,149408,RFC Seraing,213307,KSC Lokeren,1,finished,FETCHED,COMPLETE,FULL_MATCH,0,0
2026-08-14,2026-08-14,1,0,2026-08-14T18:00:00+00:00,BEL,Belgien,264,First Division B,calendar-2026-27,2026/27,1000015440,2263,Sporting Hasselt,7947,FCV Dender EH,1,finished,FETCHED,COMPLETE,FULL_MATCH,0,0
2026-08-14,2026-08-14,1,0,2026-08-14T18:00:00+00:00,CRO,Kroatien,252,HNL,calendar-2026-27,2026/27,5765904,10156,Dinamo Zagreb,187866,Rudes,3,finished,FETCHED,COMPLETE,FULL_MATCH,2,2_PLUS
2026-08-14,2026-08-14,1,0,2026-08-14T18:00:00+00:00,NED,Niederlande,57,Eredivisie,calendar-2026-27,2026/27,5781710,6414,Telstar,8614,Sparta Rotterdam,2,finished,FETCHED,COMPLETE,FULL_MATCH,3,2_PLUS
2026-08-14,2026-08-14,1,0,2026-08-14T18:00:00+00:00,NED,Niederlande,111,Eerste Divisie,calendar-2026-27,2026/27,5832815,4116,Almere City FC,455494,Jong PSV,2,finished,FETCHED,COMPLETE,FULL_MATCH,2,2_PLUS
2026-08-14,2026-08-14,1,0,2026-08-14T18:00:00+00:00,NED,Niederlande,111,Eerste Divisie,calendar-2026-27,2026/27,5832816,6416,FC Eindhoven,9838,MVV Maastricht,2,finished,FETCHED,COMPLETE,FULL_MATCH,3,2_PLUS
2026-08-14,2026-08-14,1,0,2026-08-14T18:00:00+00:00,NED,Niederlande,111,Eerste Divisie,calendar-2026-27,2026/27,5832817,9791,Heracles,9835,FC Den Bosch,2,finished,FETCHED,COMPLETE,FULL_MATCH,4,2_PLUS
2026-08-14,2026-08-14,1,0,2026-08-14T18:00:00+00:00,NED,Niederlande,111,Eerste Divisie,calendar-2026-27,2026/27,5832818,9761,NAC Breda,9839,VVV-Venlo,2,finished,FETCHED,COMPLETE,FULL_MATCH,1,1
2026-08-14,2026-08-14,1,0,2026-08-14T18:00:00+00:00,NED,Niederlande,111,Eerste Divisie,calendar-2026-27,2026/27,5832819,9803,Roda JC Kerkrade,6417,Helmond Sport,2,finished,FETCHED,COMPLETE,FULL_MATCH,1,1
2026-08-14,2026-08-14,1,0,2026-08-14T18:00:00+00:00,NED,Niederlande,111,Eerste Divisie,calendar-2026-27,2026/27,5832820,10219,RKC Waalwijk,6631,FC Dordrecht,2,finished,FETCHED,COMPLETE,FULL_MATCH,3,2_PLUS
2026-08-14,2026-08-14,1,0,2026-08-14T18:00:00+00:00,KSA,Saudi-Arabien,536,Saudi Pro League,calendar-2026-27,2026/27,5969050,101915,Al-Ettifaq,582739,Al Riyadh,1,finished,FETCHED,COMPLETE,FULL_MATCH,4,2_PLUS
2026-08-14,2026-08-14,1,0,2026-08-14T18:00:00+00:00,KSA,Saudi-Arabien,536,Saudi Pro League,calendar-2026-27,2026/27,5969051,2529,Al Hilal,205687,Al-Faisaly,1,finished,FETCHED,COMPLETE,FULL_MATCH,3,2_PLUS
2026-08-14,2026-08-14,1,0,2026-08-14T18:30:00+00:00,POL,Polen,196,Ekstraklasa,calendar-2026-27,2026/27,5803944,8673,Legia Warszawa,5769,Radomiak Radom,4,finished,FETCHED,COMPLETE,FULL_MATCH,1,1
2026-08-14,2026-08-14,1,0,2026-08-14T18:30:00+00:00,ROU,Rumänien,189,Liga I,calendar-2026-27,2026/27,5853466,9732,FC Arges Pitesti,210132,FCV Farul Constanta,5,finished,FETCHED,COMPLETE,FULL_MATCH,0,0
2026-08-14,2026-08-14,1,0,2026-08-14T18:30:00+00:00,ESP,Spanien,140,LaLiga2,calendar-2026-27,2026/27,5868402,161744,Real Sociedad B,10279,Castellon,1,finished,FETCHED,COMPLETE,FULL_MATCH,0,0
2026-08-14,2026-08-14,1,0,2026-08-14T18:30:00+00:00,TUR,Türkei,71,Süper Lig,calendar-2026-27,2026/27,5904710,8637,Galatasaray,357274,Çorum FK,1,finished,FETCHED,COMPLETE,FULL_MATCH,4,2_PLUS
2026-08-14,2026-08-14,1,0,2026-08-14T18:30:00+00:00,TUR,Türkei,165,1. Lig,calendar-2026-27,2026/27,5908589,863838,Esenler Erokspor,2090,Sariyer,2,finished,FETCHED,COMPLETE,FULL_MATCH,2,2_PLUS
2026-08-14,2026-08-14,1,0,2026-08-14T18:45:00+00:00,FRA,Frankreich,110,Ligue 2,calendar-2026-27,2026/27,5803218,293352,Annecy FC,4120,Rodez,2,finished,FETCHED,COMPLETE,FULL_MATCH,1,1
2026-08-14,2026-08-14,1,0,2026-08-14T18:45:00+00:00,FRA,Frankreich,110,Ligue 2,calendar-2026-27,2026/27,5803219,9836,Dijon,6355,Pau,2,finished,FETCHED,COMPLETE,FULL_MATCH,1,1
2026-08-14,2026-08-14,1,0,2026-08-14T18:45:00+00:00,FRA,Frankreich,110,Ligue 2,calendar-2026-27,2026/27,5803220,9855,Grenoble,8550,Metz,2,finished,FETCHED,COMPLETE,FULL_MATCH,0,0
2026-08-14,2026-08-14,1,0,2026-08-14T18:45:00+00:00,FRA,Frankreich,110,Ligue 2,calendar-2026-27,2026/27,5803221,9747,Guingamp,4170,Boulogne,2,finished,FETCHED,COMPLETE,FULL_MATCH,1,1
2026-08-14,2026-08-14,1,0,2026-08-14T18:45:00+00:00,FRA,Frankreich,110,Ligue 2,calendar-2026-27,2026/27,5803222,7853,Laval,9830,Nantes,2,finished,FETCHED,COMPLETE,FULL_MATCH,1,1
2026-08-14,2026-08-14,1,0,2026-08-14T18:45:00+00:00,FRA,Frankreich,110,Ligue 2,calendar-2026-27,2026/27,5803223,8481,Nancy,10249,Montpellier,2,finished,FETCHED,COMPLETE,FULL_MATCH,1,1
2026-08-14,2026-08-14,1,0,2026-08-14T18:45:00+00:00,FRA,Frankreich,110,Ligue 2,calendar-2026-27,2026/27,5803224,6390,Red Star,9874,Sochaux,2,finished,FETCHED,COMPLETE,FULL_MATCH,0,0
2026-08-14,2026-08-14,1,0,2026-08-14T18:45:00+00:00,FRA,Frankreich,110,Ligue 2,calendar-2026-27,2026/27,5803225,9837,Reims,47214,Dunkerque,2,finished,FETCHED,COMPLETE,FULL_MATCH,4,2_PLUS
2026-08-14,2026-08-14,1,0,2026-08-14T18:45:00+00:00,FRA,Frankreich,110,Ligue 2,calendar-2026-27,2026/27,5803226,9853,Saint-Etienne,8311,Clermont Foot,2,finished,FETCHED,COMPLETE,FULL_MATCH,3,2_PLUS
2026-08-14,2026-08-14,1,0,2026-08-14T18:45:00+00:00,BEL,Belgien,40,First Division A,calendar-2026-27,2026/27,5811719,9984,Cercle Brugge,9997,St.Truiden,2,finished,FETCHED,COMPLETE,FULL_MATCH,3,2_PLUS
2026-08-14,2026-08-14,1,0,2026-08-14T18:45:00+00:00,ITA,Italien,141,Coppa Italia,calendar-2026-27,2026/27,5852773,6504,Monza,6722,Avellino,1/32,finished,FETCHED,COMPLETE,FULL_MATCH,1,1
2026-08-14,2026-08-14,1,0,2026-08-14T19:00:00+00:00,ENG,England,48,Championship,calendar-2026-27,2026/27,5836754,8602,Wolves,8655,Blackburn,1,finished,FETCHED,COMPLETE,FULL_MATCH,2,2_PLUS
2026-08-14,2026-08-14,1,0,2026-08-14T19:00:00+00:00,BOL,Bolivien,144,Primera Division,calendar-2026-27,2026/27,6000043,879029,Universitario de Vinto,1074622,Real Tomayapo,15,finished,FETCHED,COMPLETE,FULL_MATCH,1,1
2026-08-14,2026-08-14,1,0,2026-08-14T19:15:00+00:00,ITA,Italien,141,Coppa Italia,calendar-2026-27,2026/27,5852774,8535,Fiorentina,6266,Benevento,1/32,finished,FETCHED,COMPLETE,FULL_MATCH,3,2_PLUS
2026-08-14,2026-08-14,1,0,2026-08-14T19:15:00+00:00,POR,Portugal,61,Liga Portugal,calendar-2026-27,2026/27,5887599,9768,Sporting CP,7844,Vitoria de Guimaraes,2,finished,FETCHED,COMPLETE,FULL_MATCH,2,2_PLUS
2026-08-14,2026-08-14,1,0,2026-08-14T20:00:00+00:00,PER,Peru,131,Liga 1,calendar-2026-27,2026/27,1000017200,920789,Atletico Grau,536945,Comerciantes Unidos,Clausura - Round 5,finished,FETCHED,COMPLETE,FULL_MATCH,1,1
2026-08-14,2026-08-14,1,0,2026-08-14T20:33:00+00:00,USA,USA,10282,MLS Next Pro,calendar-2026-27,2026/27,1000007705,915806,Atlanta United 2,614318,Red Bull New York  II,25,finished,FETCHED,COMPLETE,FULL_MATCH,1,1
2026-08-14,2026-08-14,1,0,2026-08-14T21:30:00+00:00,PAR,Paraguay,199,Division Profesional,calendar-2026-27,2026/27,1000017379,1427854,Recoleta,49688,2 de Mayo,Clausura - Round 5,finished,FETCHED,COMPLETE,FULL_MATCH,1,1
2026-08-14,"2026-08-14,2026-08-15",2,1,2026-08-14T22:30:00+00:00,BRA,Brasilien,8814,Serie B,calendar-2026-27,2026/27,5190649,8630,Ponte Preta,2369,Nautico,22,finished,FETCHED,COMPLETE,FULL_MATCH,1,1
2026-08-14,"2026-08-14,2026-08-15",2,1,2026-08-14T22:30:00+00:00,BRA,Brasilien,8814,Serie B,calendar-2026-27,2026/27,5190650,231931,Sao Bernardo,8355,Botafogo SP,22,finished,FETCHED,COMPLETE,FULL_MATCH,1,1
2026-08-14,"2026-08-14,2026-08-15",2,1,2026-08-14T23:00:00+00:00,USA,USA,10282,MLS Next Pro,calendar-2026-27,2026/27,1000007706,1348104,Houston Dynamo 2,521005,Ventura County FC,25,finished,FETCHED,COMPLETE,FULL_MATCH,1,1
2026-08-14,"2026-08-14,2026-08-15",2,1,2026-08-14T23:00:00+00:00,USA,USA,10282,MLS Next Pro,calendar-2026-27,2026/27,1000007707,614319,Toronto FC II,540884,Chattanooga FC,25,finished,FETCHED,COMPLETE,FULL_MATCH,2,2_PLUS
2026-08-14,"2026-08-14,2026-08-15",2,1,2026-08-14T23:00:00+00:00,CHI,Chile,273,Liga de Primera,calendar-2026-27,2026/27,1000013203,4054,Universidad de Concepcion,1891,La Serena,19,finished,FETCHED,COMPLETE,FULL_MATCH,1,1
2026-08-14,"2026-08-14,2026-08-15",2,1,2026-08-14T23:00:00+00:00,PER,Peru,131,Liga 1,calendar-2026-27,2026/27,1000017192,305171,Cusco FC,1573153,ADC Juan Pablo II,Clausura - Round 5,finished,FETCHED,COMPLETE,FULL_MATCH,0,0
2026-08-14,"2026-08-14,2026-08-15",2,1,2026-08-14T23:30:00+00:00,ARG,Argentinien,112,Liga Profesional,calendar-2026-27,2026/27,5115943,10080,Racing Club,10087,Banfield,5,finished,FETCHED,COMPLETE,FULL_MATCH,0,0
2026-08-14,"2026-08-14,2026-08-15",2,1,2026-08-14T23:30:00+00:00,BRA,Brasilien,8814,Serie B,calendar-2026-27,2026/27,5190656,6305,Sport Recife,298660,Londrina EC,22,finished,FETCHED,COMPLETE,FULL_MATCH,0,0
2026-08-14,"2026-08-14,2026-08-15",2,1,2026-08-15T00:00:00+00:00,ECU,Ecuador,246,Serie A,calendar-2026-27,2026/27,1000009069,192875,Independiente del Valle,519457,Delfin,25,finished,FETCHED,COMPLETE,FULL_MATCH,1,1
2026-08-14,"2026-08-14,2026-08-15",2,1,2026-08-15T00:00:00+00:00,USA,USA,9134,NWSL,calendar-2026-27,2026/27,5161598,189397,Gotham FC (W),1237561,Kansas City Current (W),0,finished,FETCHED,COMPLETE,FULL_MATCH,0,0
2026-08-14,"2026-08-14,2026-08-15",2,1,2026-08-15T00:00:00+00:00,BOL,Bolivien,144,Primera Division,calendar-2026-27,2026/27,6000044,5983,Bolivar,1297060,San Antonio Bulo Bulo,15,finished,FETCHED,COMPLETE,FULL_MATCH,2,2_PLUS
2026-08-14,"2026-08-14,2026-08-15",2,1,2026-08-15T01:00:00+00:00,CAN,Kanada,9986,Premier League,calendar-2026-27,2026/27,1000008687,1436202,Vancouver FC,1022953,Pacific FC,17,finished,FETCHED,COMPLETE,FULL_MATCH,1,1
2026-08-14,"2026-08-14,2026-08-15",2,1,2026-08-15T02:00:00+00:00,USA,USA,9134,NWSL,calendar-2026-27,2026/27,5161599,923654,Utah Royals (W),1607273,Bay FC (W),0,finished,FETCHED,COMPLETE,FULL_MATCH,1,1
2026-08-14,"2026-08-14,2026-08-15",2,1,2026-08-15T02:00:00+00:00,USA,USA,9134,NWSL,calendar-2026-27,2026/27,5161600,433031,Seattle Reign FC (W),189393,Chicago Stars (W),0,finished,FETCHED,COMPLETE,FULL_MATCH,1,1
2026-08-14,"2026-08-14,2026-08-15",2,1,2026-08-15T02:00:00+00:00,USA,USA,9134,NWSL,calendar-2026-27,2026/27,5161601,1335917,San Diego Wave FC (W),1795705,Denver Summit FC (W),0,finished,FETCHED,COMPLETE,FULL_MATCH,1,1
2026-08-15,2026-08-15,1,0,2026-08-15T09:00:00+00:00,JPN,Japan,223,J. League,calendar-2026-27,2026/27,5803531,4397,Kashima Antlers,8006,Nagoya Grampus,2,finished,FETCHED,COMPLETE,FULL_MATCH,2,2_PLUS
2026-08-15,2026-08-15,1,0,2026-08-15T09:00:00+00:00,JPN,Japan,223,J. League,calendar-2026-27,2026/27,5803533,162195,Mito Hollyhock,6582,Gamba Osaka,2,finished,FETCHED,COMPLETE,FULL_MATCH,1,1
2026-08-15,2026-08-15,1,0,2026-08-15T09:30:00+00:00,JPN,Japan,223,J. League,calendar-2026-27,2026/27,5803535,4426,Shimizu S-Pulse,6581,Yokohama F.Marinos,2,finished,FETCHED,COMPLETE,FULL_MATCH,1,1
2026-08-15,2026-08-15,1,0,2026-08-15T09:55:00+00:00,JPN,Japan,223,J. League,calendar-2026-27,2026/27,5803534,164739,Fagiano Okayama FC,194016,V-Varen Nagasaki,2,finished,FETCHED,COMPLETE,FULL_MATCH,1,1
2026-08-15,2026-08-15,1,0,2026-08-15T10:00:00+00:00,JPN,Japan,223,J. League,calendar-2026-27,2026/27,5803529,8270,Avispa Fukuoka,4692,Cerezo Osaka,2,finished,FETCHED,COMPLETE,FULL_MATCH,1,1
2026-08-15,2026-08-15,1,0,2026-08-15T10:00:00+00:00,JPN,Japan,223,J. League,calendar-2026-27,2026/27,5803530,9756,JEF United Chiba,194011,Machida Zelvia,2,finished,FETCHED,COMPLETE,FULL_MATCH,2,2_PLUS
2026-08-15,2026-08-15,1,0,2026-08-15T10:00:00+00:00,JPN,Japan,223,J. League,calendar-2026-27,2026/27,5803532,6304,Kawasaki,8542,Kyoto Sanga FC,2,finished,FETCHED,COMPLETE,FULL_MATCH,3,2_PLUS
2026-08-15,2026-08-15,1,0,2026-08-15T10:00:00+00:00,JPN,Japan,223,J. League,calendar-2026-27,2026/27,5803536,6244,Urawa Red Diamonds,6224,Sanfrecce,2,finished,FETCHED,COMPLETE,FULL_MATCH,2,2_PLUS
2026-08-15,2026-08-15,1,0,2026-08-15T10:00:00+00:00,JPN,Japan,223,J. League,calendar-2026-27,2026/27,5803537,4688,Vissel Kobe,4399,FC Tokyo,2,finished,FETCHED,COMPLETE,FULL_MATCH,2,2_PLUS
2026-08-15,2026-08-15,1,0,2026-08-15T10:30:00+00:00,KOR,Südkorea,9080,K League 1,calendar-2026-27,2026/27,5139994,245905,Gwangju FC,109373,Pohang Steelers,23,finished,FETCHED,COMPLETE,FULL_MATCH,2,2_PLUS
2026-08-15,2026-08-15,1,0,2026-08-15T10:30:00+00:00,KOR,Südkorea,9080,K League 1,calendar-2026-27,2026/27,5139995,133898,Jeju SK,429440,FC Anyang,23,finished,FETCHED,COMPLETE,FULL_MATCH,1,1
2026-08-15,2026-08-15,1,0,2026-08-15T10:30:00+00:00,KOR,Südkorea,9080,K League 1,calendar-2026-27,2026/27,5139996,92630,FC Seoul,133900,Daejeon Hana Citizen,23,finished,FETCHED,COMPLETE,FULL_MATCH,5,2_PLUS
2026-08-15,2026-08-15,1,0,2026-08-15T10:30:00+00:00,KOR,Südkorea,9116,K League 2,calendar-2026-27,2026/27,5155872,6092,Busan I'Park,739800,Hwaseong FC,22,finished,FETCHED,COMPLETE,FULL_MATCH,0,0
2026-08-15,2026-08-15,1,0,2026-08-15T10:30:00+00:00,KOR,Südkorea,9116,K League 2,calendar-2026-27,2026/27,5155873,833651,Cheongju FC,109377,Jeonnam Dragons,22,finished,FETCHED,COMPLETE,FULL_MATCH,3,2_PLUS
2026-08-15,2026-08-15,1,0,2026-08-15T10:30:00+00:00,KOR,Südkorea,9116,K League 2,calendar-2026-27,2026/27,5155874,187953,Gimhae FC 2008,133899,Gyeongnam FC,22,finished,FETCHED,COMPLETE,FULL_MATCH,2,2_PLUS
2026-08-15,2026-08-15,1,0,2026-08-15T10:30:00+00:00,KOR,Südkorea,9116,K League 2,calendar-2026-27,2026/27,5155875,88517,Suwon Samsung Bluewings,187951,Suwon FC,22,finished,FETCHED,COMPLETE,FULL_MATCH,2,2_PLUS
2026-08-15,2026-08-15,1,0,2026-08-15T11:00:00+00:00,CHN,China,120,Super League,calendar-2026-27,2026/27,5186584,737054,Liaoning Tieren,930027,Shenzhen Peng City,23,finished,FETCHED,COMPLETE,FULL_MATCH,1,1
2026-08-15,2026-08-15,1,0,2026-08-15T11:00:00+00:00,DEN,Dänemark,85,1. Division,calendar-2026-27,2026/27,5764576,9940,Hillerød,8109,Aarhus Fremad,4,finished,FETCHED,COMPLETE,FULL_MATCH,1,1
2026-08-15,2026-08-15,1,0,2026-08-15T11:00:00+00:00,RUS,Russland,63,Premier League,calendar-2026-27,2026/27,5847149,1066681,Rodina,1068364,Akron Togliatti,4,finished,FETCHED,COMPLETE,FULL_MATCH,4,2_PLUS
2026-08-15,2026-08-15,1,0,2026-08-15T11:00:00+00:00,GER,Deutschland,146,2. Bundesliga,calendar-2026-27,2026/27,5881638,8357,Greuther Fürth,8165,1. FC Nürnberg,2,finished,FETCHED,COMPLETE,FULL_MATCH,2,2_PLUS
2026-08-15,2026-08-15,1,0,2026-08-15T11:00:00+00:00,GER,Deutschland,146,2. Bundesliga,calendar-2026-27,2026/27,5881640,8177,Hertha BSC,94937,FC Heidenheim,2,finished,FETCHED,COMPLETE,FULL_MATCH,2,2_PLUS
2026-08-15,2026-08-15,1,0,2026-08-15T11:00:00+00:00,GER,Deutschland,146,2. Bundesliga,calendar-2026-27,2026/27,5881644,9775,VfL Osnabrück,8188,Magdeburg,2,finished,FETCHED,COMPLETE,FULL_MATCH,1,1
2026-08-15,2026-08-15,1,0,2026-08-15T11:30:00+00:00,ENG,England,48,Championship,calendar-2026-27,2026/27,5836755,8559,Bolton,8411,Preston,1,finished,FETCHED,COMPLETE,FULL_MATCH,1,1
2026-08-15,2026-08-15,1,0,2026-08-15T11:30:00+00:00,ENG,England,108,League One,calendar-2026-27,2026/27,5837087,9819,Notts County,8197,Leicester,1,finished,FETCHED,COMPLETE,FULL_MATCH,2,2_PLUS
2026-08-15,2026-08-15,1,0,2026-08-15T11:30:00+00:00,ENG,England,108,League One,calendar-2026-27,2026/27,5837088,8653,Oxford Utd,8645,MK Dons,1,finished,FETCHED,COMPLETE,FULL_MATCH,1,1
2026-08-15,2026-08-15,1,0,2026-08-15T11:30:00+00:00,ENG,England,108,League One,calendar-2026-27,2026/27,5837089,9798,Reading,8346,Luton,1,finished,FETCHED,COMPLETE,FULL_MATCH,3,2_PLUS
2026-08-15,2026-08-15,1,0,2026-08-15T11:30:00+00:00,ENG,England,109,League Two,calendar-2026-27,2026/27,5837859,10262,Newport,8493,Rochdale,1,finished,FETCHED,COMPLETE,FULL_MATCH,1,1
2026-08-15,2026-08-15,1,0,2026-08-15T11:30:00+00:00,ENG,England,109,League Two,calendar-2026-27,2026/27,5837860,9785,Oldham,9799,Port Vale,1,finished,FETCHED,COMPLETE,FULL_MATCH,2,2_PLUS
2026-08-15,2026-08-15,1,0,2026-08-15T11:35:00+00:00,CHN,China,120,Super League,calendar-2026-27,2026/27,5186585,4189,Tianjin Jinmen Tiger,4177,Beijing Guoan,23,finished,FETCHED,COMPLETE,FULL_MATCH,4,2_PLUS
2026-08-15,2026-08-15,1,0,2026-08-15T11:35:00+00:00,CHN,China,120,Super League,calendar-2026-27,2026/27,5186586,51443,Zhejiang Professional,737052,Chengdu Rongcheng FC,23,finished,FETCHED,COMPLETE,FULL_MATCH,2,2_PLUS
2026-08-15,2026-08-15,1,0,2026-08-15T12:00:00+00:00,CHN,China,120,Super League,calendar-2026-27,2026/27,5186587,6628,Shanghai Shenhua,51442,Henan FC,23,finished,FETCHED,COMPLETE,FULL_MATCH,3,2_PLUS
2026-08-15,2026-08-15,1,0,2026-08-15T12:00:00+00:00,CHN,China,120,Super League,calendar-2026-27,2026/27,5186588,1477056,Yunnan Yukun,1477043,Dalian Yingbo,23,finished,FETCHED,COMPLETE,FULL_MATCH,3,2_PLUS
2026-08-15,2026-08-15,1,0,2026-08-15T12:00:00+00:00,DEN,Dänemark,85,1. Division,calendar-2026-27,2026/27,5764577,8285,Esbjerg fB,9950,Hobro,4,finished,FETCHED,COMPLETE,FULL_MATCH,3,2_PLUS
2026-08-15,2026-08-15,1,0,2026-08-15T12:00:00+00:00,INT,International,489,Vereins-Freundschaftsspiele,calendar-2026-27,2026/27,5847101,8358,Freiburg,9826,Crystal Palace,1,finished,FETCHED,COMPLETE,FULL_MATCH,3,2_PLUS
2026-08-15,2026-08-15,1,0,2026-08-15T12:00:00+00:00,GER,Deutschland,208,3. Liga,calendar-2026-27,2026/27,5905858,8194,Düsseldorf,94940,Hoffenheim II,2,finished,FETCHED,COMPLETE,FULL_MATCH,1,1
2026-08-15,2026-08-15,1,0,2026-08-15T12:00:00+00:00,GER,Deutschland,208,3. Liga,calendar-2026-27,2026/27,5905859,7786,Fortuna Köln,8396,Alemannia Aachen,2,finished,FETCHED,COMPLETE,FULL_MATCH,1,1
2026-08-15,2026-08-15,1,0,2026-08-15T12:00:00+00:00,GER,Deutschland,208,3. Liga,calendar-2026-27,2026/27,5905861,79904,Meppen,94941,Sonnenhof Großaspach,2,finished,FETCHED,COMPLETE,FULL_MATCH,1,1
2026-08-15,2026-08-15,1,0,2026-08-15T12:00:00+00:00,GER,Deutschland,208,3. Liga,calendar-2026-27,2026/27,5905862,8171,Preussen Münster,8234,Ingolstadt,2,finished,FETCHED,COMPLETE,FULL_MATCH,0,0
2026-08-15,2026-08-15,1,0,2026-08-15T12:00:00+00:00,GER,Deutschland,208,3. Liga,calendar-2026-27,2026/27,5905864,8296,RW Essen,89338,TSV Havelse,2,finished,FETCHED,COMPLETE,FULL_MATCH,1,1
2026-08-15,2026-08-15,1,0,2026-08-15T12:45:00+00:00,POL,Polen,196,Ekstraklasa,calendar-2026-27,2026/27,5803949,8021,Zagłębie Lubin,8025,Śląsk Wrocław,4,finished,FETCHED,COMPLETE,FULL_MATCH,2,2_PLUS
2026-08-15,2026-08-15,1,0,2026-08-15T13:00:00+00:00,SWE,Schweden,67,Allsvenskan,calendar-2026-27,2026/27,5107568,8127,Mjällby,6694,Sirius,17,finished,FETCHED,COMPLETE,FULL_MATCH,4,2_PLUS
2026-08-15,2026-08-15,1,0,2026-08-15T13:00:00+00:00,INT,International,9265,ASEAN Championship,calendar-2026-27,2026/27,5844764,5825,Singapore,5788,Thailand,1/2,finished,FETCHED,COMPLETE,FULL_MATCH,2,2_PLUS
2026-08-15,2026-08-15,1,0,2026-08-15T13:00:00+00:00,RSA,Südafrika,537,Premier Soccer League,calendar-2026-27,2026/27,5955062,102100,AmaZulu FC,102099,Siwelele,Regular Season,finished,FETCHED,COMPLETE,FULL_MATCH,0,0
2026-08-15,2026-08-15,1,0,2026-08-15T13:00:00+00:00,RSA,Südafrika,537,Premier Soccer League,calendar-2026-27,2026/27,5955063,6279,Kaizer Chiefs,4530,Mamelodi Sundowns FC,Regular Season,finished,FETCHED,COMPLETE,FULL_MATCH,2,2_PLUS
2026-08-15,2026-08-15,1,0,2026-08-15T13:00:00+00:00,INT,International,489,Vereins-Freundschaftsspiele,calendar-2026-27,2026/27,5958679,8455,Chelsea,8560,Real Sociedad,1,finished,FETCHED,COMPLETE,FULL_MATCH,2,2_PLUS
2026-08-15,2026-08-15,1,0,2026-08-15T13:15:00+00:00,RUS,Russland,63,Premier League,calendar-2026-27,2026/27,5847144,9760,CSKA,1692,Fakel,4,finished,FETCHED,COMPLETE,FULL_MATCH,1,1
2026-08-15,2026-08-15,1,0,2026-08-15T13:30:00+00:00,INT,International,489,Vereins-Freundschaftsspiele,calendar-2026-27,2026/27,5765862,9823,Bayern München,178475,RB Leipzig,1,finished,FETCHED,COMPLETE,FULL_MATCH,3,2_PLUS
2026-08-15,2026-08-15,1,0,2026-08-15T14:00:00+00:00,BEL,Belgien,264,First Division B,calendar-2026-27,2026/27,1000015441,274583,Patro Eisden,1378461,Anderlecht Futures,1,finished,FETCHED,COMPLETE,FULL_MATCH,2,2_PLUS
2026-08-15,2026-08-15,1,0,2026-08-15T14:00:00+00:00,BEL,Belgien,264,First Division B,calendar-2026-27,2026/27,1000015444,6351,Eupen,1378463,Genk U23,1,finished,FETCHED,COMPLETE,FULL_MATCH,3,2_PLUS
2026-08-15,2026-08-15,1,0,2026-08-15T14:00:00+00:00,NOR,Norwegen,59,Eliteserien,calendar-2026-27,2026/27,5104982,2305,KFUM,8476,Lillestrøm,18,finished,FETCHED,COMPLETE,FULL_MATCH,2,2_PLUS
2026-08-15,2026-08-15,1,0,2026-08-15T14:00:00+00:00,DEN,Dänemark,85,1. Division,calendar-2026-27,2026/27,5764578,8289,HB Køge,10240,Hvidovre,4,finished,FETCHED,COMPLETE,FULL_MATCH,2,2_PLUS
2026-08-15,2026-08-15,1,0,2026-08-15T14:00:00+00:00,INT,International,489,Vereins-Freundschaftsspiele,calendar-2026-27,2026/27,5765428,9937,Brentford,9810,Frankfurt,1,finished,FETCHED,COMPLETE,FULL_MATCH,4,2_PLUS
2026-08-15,2026-08-15,1,0,2026-08-15T14:00:00+00:00,BEL,Belgien,40,First Division A,calendar-2026-27,2026/27,5811720,7978,Union St.Gilloise,10000,Zulte Waregem,2,finished,FETCHED,COMPLETE,FULL_MATCH,0,0
2026-08-15,2026-08-15,1,0,2026-08-15T14:00:00+00:00,ENG,England,48,Championship,calendar-2026-27,2026/27,5836756,8427,Bristol City,10004,Millwall,1,finished,FETCHED,COMPLETE,FULL_MATCH,1,1
2026-08-15,2026-08-15,1,0,2026-08-15T14:00:00+00:00,ENG,England,48,Championship,calendar-2026-27,2026/27,5836757,8451,Charlton,10170,Derby,1,finished,FETCHED,COMPLETE,FULL_MATCH,2,2_PLUS
2026-08-15,2026-08-15,1,0,2026-08-15T14:00:00+00:00,ENG,England,48,Championship,calendar-2026-27,2026/27,5836758,8549,Middlesbrough,8430,Lincoln,1,finished,FETCHED,COMPLETE,FULL_MATCH,2,2_PLUS
2026-08-15,2026-08-15,1,0,2026-08-15T14:00:00+00:00,ENG,England,48,Championship,calendar-2026-27,2026/27,5836759,9850,Norwich,8659,West Brom,1,finished,FETCHED,COMPLETE,FULL_MATCH,3,2_PLUS
2026-08-15,2026-08-15,1,0,2026-08-15T14:00:00+00:00,ENG,England,48,Championship,calendar-2026-27,2026/27,5836760,8462,Portsmouth,10172,QPR,1,finished,FETCHED,COMPLETE,FULL_MATCH,0,0
2026-08-15,2026-08-15,1,0,2026-08-15T14:00:00+00:00,ENG,England,48,Championship,calendar-2026-27,2026/27,5836761,10194,Stoke,10003,Swansea,1,finished,FETCHED,COMPLETE,FULL_MATCH,1,1
2026-08-15,2026-08-15,1,0,2026-08-15T14:00:00+00:00,ENG,England,108,League One,calendar-2026-27,2026/27,5837090,8283,Barnsley,45729,Bromley,1,finished,FETCHED,COMPLETE,FULL_MATCH,1,1
2026-08-15,2026-08-15,1,0,2026-08-15T14:00:00+00:00,ENG,England,108,League One,calendar-2026-27,2026/27,5837091,8483,Blackpool,8676,Wycombe,1,finished,FETCHED,COMPLETE,FULL_MATCH,1,1
2026-08-15,2026-08-15,1,0,2026-08-15T14:00:00+00:00,ENG,England,108,League One,calendar-2026-27,2026/27,5837092,8484,Bradford,8677,Peterborough,1,finished,FETCHED,COMPLETE,FULL_MATCH,2,2_PLUS
2026-08-15,2026-08-15,1,0,2026-08-15T14:00:00+00:00,ENG,England,108,League One,calendar-2026-27,2026/27,5837093,9792,Burton,10253,Stevenage,1,finished,FETCHED,COMPLETE,FULL_MATCH,2,2_PLUS
2026-08-15,2026-08-15,1,0,2026-08-15T14:00:00+00:00,ENG,England,108,League One,calendar-2026-27,2026/27,5837094,9834,Cambridge,8528,Wigan,1,finished,FETCHED,COMPLETE,FULL_MATCH,3,2_PLUS
2026-08-15,2026-08-15,1,0,2026-08-15T14:00:00+00:00,ENG,England,108,League One,calendar-2026-27,2026/27,5837095,9796,Huddersfield,158319,Wimbledon,1,finished,FETCHED,COMPLETE,FULL_MATCH,1,1
2026-08-15,2026-08-15,1,0,2026-08-15T14:00:00+00:00,ENG,England,108,League One,calendar-2026-27,2026/27,5837096,8351,Leyton Orient,10163,Sheff Wed,1,finished,FETCHED,COMPLETE,FULL_MATCH,1,1
2026-08-15,2026-08-15,1,0,2026-08-15T14:00:00+00:00,ENG,England,108,League One,calendar-2026-27,2026/27,5837097,9818,Mansfield,9903,Doncaster,1,finished,FETCHED,COMPLETE,FULL_MATCH,2,2_PLUS
2026-08-15,2026-08-15,1,0,2026-08-15T14:00:00+00:00,ENG,England,108,League One,calendar-2026-27,2026/27,5837098,8401,Plymouth,10007,Stockport County,1,finished,FETCHED,COMPLETE,FULL_MATCH,2,2_PLUS
2026-08-15,2026-08-15,1,0,2026-08-15T14:00:00+00:00,ENG,England,109,League Two,calendar-2026-27,2026/27,5837861,8671,Accrington,8416,Colchester,1,finished,FETCHED,COMPLETE,FULL_MATCH,1,1
2026-08-15,2026-08-15,1,0,2026-08-15T14:00:00+00:00,ENG,England,109,League Two,calendar-2026-27,2026/27,5837862,8175,Barnet,282326,Salford,1,finished,FETCHED,COMPLETE,FULL_MATCH,2,2_PLUS
2026-08-15,2026-08-15,1,0,2026-08-15T14:00:00+00:00,ENG,England,109,League Two,calendar-2026-27,2026/27,5837863,8680,Cheltenham,8119,Rotherham,1,finished,FETCHED,COMPLETE,FULL_MATCH,2,2_PLUS
2026-08-15,2026-08-15,1,0,2026-08-15T14:00:00+00:00,ENG,England,109,League Two,calendar-2026-27,2026/27,5837864,9786,Chesterfield,45723,Fleetwood,1,finished,FETCHED,COMPLETE,FULL_MATCH,0,0
2026-08-15,2026-08-15,1,0,2026-08-15T14:00:00+00:00,ENG,England,109,League Two,calendar-2026-27,2026/27,5837865,8647,Crawley,9784,Crewe,1,finished,FETCHED,COMPLETE,FULL_MATCH,1,1
2026-08-15,2026-08-15,1,0,2026-08-15T14:00:00+00:00,ENG,England,109,League Two,calendar-2026-27,2026/27,5837866,10173,Gillingham,10006,Walsall,1,finished,FETCHED,COMPLETE,FULL_MATCH,3,2_PLUS
2026-08-15,2026-08-15,1,0,2026-08-15T14:00:00+00:00,ENG,England,109,League Two,calendar-2026-27,2026/27,5837867,10005,Grimsby,9833,Exeter,1,finished,FETCHED,COMPLETE,FULL_MATCH,0,0
2026-08-15,2026-08-15,1,0,2026-08-15T14:00:00+00:00,ENG,England,109,League Two,calendar-2026-27,2026/27,5837868,8651,Northampton,9795,Swindon,1,finished,FETCHED,COMPLETE,FULL_MATCH,0,0
2026-08-15,2026-08-15,1,0,2026-08-15T14:00:00+00:00,ENG,England,109,League Two,calendar-2026-27,2026/27,5837869,8313,Tranmere,9896,Shrewsbury,1,finished,FETCHED,COMPLETE,FULL_MATCH,1,1
2026-08-15,2026-08-15,1,0,2026-08-15T14:00:00+00:00,ENG,England,109,League Two,calendar-2026-27,2026/27,5837870,9916,York City,10104,Bristol Rovers,1,finished,FETCHED,COMPLETE,FULL_MATCH,4,2_PLUS
2026-08-15,2026-08-15,1,0,2026-08-15T14:00:00+00:00,INT,International,489,Vereins-Freundschaftsspiele,calendar-2026-27,2026/27,5874663,10261,Newcastle,8178,Leverkusen,1,finished,FETCHED,COMPLETE,FULL_MATCH,1,1
2026-08-15,2026-08-15,1,0,2026-08-15T14:00:00+00:00,INT,International,489,Vereins-Freundschaftsspiele,calendar-2026-27,2026/27,5874668,8586,Tottenham,8226,Hoffenheim,1,finished,FETCHED,COMPLETE,FULL_MATCH,2,2_PLUS
2026-08-15,2026-08-15,1,0,2026-08-15T14:00:00+00:00,INT,International,489,Vereins-Freundschaftsspiele,calendar-2026-27,2026/27,5899065,10204,Brighton,9857,Bologna,1,finished,FETCHED,COMPLETE,FULL_MATCH,1,1
2026-08-15,2026-08-15,1,0,2026-08-15T14:10:00+00:00,UAE,Vereinigte Arabische Emirate,538,Pro League,calendar-2026-27,2026/27,5898781,102118,Al-Dhafra,102124,Sharjah Cultural Club,1,finished,FETCHED,COMPLETE,FULL_MATCH,3,2_PLUS
2026-08-15,2026-08-15,1,0,2026-08-15T14:30:00+00:00,NED,Niederlande,57,Eredivisie,calendar-2026-27,2026/27,5781706,8525,Willem II,8464,NEC Nijmegen,2,finished,FETCHED,COMPLETE,FULL_MATCH,4,2_PLUS
2026-08-15,2026-08-15,1,0,2026-08-15T14:30:00+00:00,NED,Niederlande,111,Eerste Divisie,calendar-2026-27,2026/27,5832821,6601,FC Volendam,7781,TOP Oss,2,finished,FETCHED,COMPLETE,FULL_MATCH,2,2_PLUS
2026-08-15,2026-08-15,1,0,2026-08-15T14:30:00+00:00,POR,Portugal,61,Liga Portugal,calendar-2026-27,2026/27,5887592,9780,Alverca,1074320,Estrela da Amadora,2,finished,FETCHED,COMPLETE,FULL_MATCH,4,2_PLUS
2026-08-15,2026-08-15,1,0,2026-08-15T14:30:00+00:00,GER,Deutschland,208,3. Liga,calendar-2026-27,2026/27,5905866,7783,SC Verl,8293,MSV Duisburg,2,finished,FETCHED,COMPLETE,FULL_MATCH,5,2_PLUS
2026-08-15,2026-08-15,1,0,2026-08-15T14:45:00+00:00,INT,International,489,Vereins-Freundschaftsspiele,calendar-2026-27,2026/27,5739319,10260,Man United,8564,Milan,1,finished,FETCHED,COMPLETE,FULL_MATCH,4,2_PLUS
2026-08-15,2026-08-15,1,0,2026-08-15T15:00:00+00:00,CZE,Tschechien,122,1. Liga,calendar-2026-27,2026/27,5831135,2406,Pardubice,10180,Mlada Boleslav,4,finished,FETCHED,COMPLETE,FULL_MATCH,1,1
2026-08-15,2026-08-15,1,0,2026-08-15T15:00:00+00:00,CZE,Tschechien,122,1. Liga,calendar-2026-27,2026/27,5831139,2021,Slovacko,6461,Sigma Olomouc,4,finished,FETCHED,COMPLETE,FULL_MATCH,2,2_PLUS
2026-08-15,2026-08-15,1,0,2026-08-15T15:00:00+00:00,CZE,Tschechien,122,1. Liga,calendar-2026-27,2026/27,5831140,10247,Sparta Prague,4721,Teplice,4,finished,FETCHED,COMPLETE,FULL_MATCH,1,1
2026-08-15,2026-08-15,1,0,2026-08-15T15:00:00+00:00,AUT,Österreich,38,Bundesliga,calendar-2026-27,2026/27,5845964,9982,Austria Lustenau,1954,Wolfsberger AC,3,finished,FETCHED,COMPLETE,FULL_MATCH,0,0
2026-08-15,2026-08-15,1,0,2026-08-15T15:00:00+00:00,ESP,Spanien,140,LaLiga2,calendar-2026-27,2026/27,5868394,494050,FC Andorra,357259,AD Ceuta FC,1,finished,FETCHED,COMPLETE,FULL_MATCH,5,2_PLUS
2026-08-15,2026-08-15,1,0,2026-08-15T15:30:00+00:00,INT,International,489,Vereins-Freundschaftsspiele,calendar-2026-27,2026/27,5765423,9789,Dortmund,8686,Roma,1,finished,FETCHED,COMPLETE,FULL_MATCH,0,0
2026-08-15,2026-08-15,1,0,2026-08-15T15:30:00+00:00,POL,Polen,196,Ekstraklasa,calendar-2026-27,2026/27,5803946,8028,Piast Gliwice,1286895,Wieczysta Kraków,4,finished,FETCHED,COMPLETE,FULL_MATCH,6,2_PLUS
2026-08-15,2026-08-15,1,0,2026-08-15T15:30:00+00:00,RUS,Russland,63,Premier League,calendar-2026-27,2026/27,5847145,8705,Rostov,8683,Rubin,4,finished,FETCHED,COMPLETE,FULL_MATCH,1,1
2026-08-15,2026-08-15,1,0,2026-08-15T15:30:00+00:00,ROU,Rumänien,189,Liga I,calendar-2026-27,2026/27,5853465,583690,Csikszereda Miercurea Ciuc,583706,Sepsi OSK,5,finished,FETCHED,COMPLETE,FULL_MATCH,0,0
2026-08-15,2026-08-15,1,0,2026-08-15T15:30:00+00:00,RSA,Südafrika,537,Premier Soccer League,calendar-2026-27,2026/27,5955064,612014,Sekhukhune United,149600,Polokwane City,Regular Season,finished,FETCHED,COMPLETE,FULL_MATCH,0,0
2026-08-15,2026-08-15,1,0,2026-08-15T16:00:00+00:00,FIN,Finnland,51,Veikkausliiga,calendar-2026-27,2026/27,5147624,6634,IFK Mariehamn,162162,SJK,20,finished,FETCHED,COMPLETE,FULL_MATCH,1,1
2026-08-15,2026-08-15,1,0,2026-08-15T16:00:00+00:00,SVK,Slowakei,176,1. liga,calendar-2026-27,2026/27,5772156,6019,Slovan Bratislava,10186,Ruzomberok,4,finished,FETCHED,COMPLETE,FULL_MATCH,4,2_PLUS
2026-08-15,2026-08-15,1,0,2026-08-15T16:00:00+00:00,SVK,Slowakei,176,1. liga,calendar-2026-27,2026/27,5772159,2169,Dukla Banska Bystrica,6022,Zilina,4,finished,FETCHED,COMPLETE,FULL_MATCH,5,2_PLUS
2026-08-15,2026-08-15,1,0,2026-08-15T16:00:00+00:00,SVK,Slowakei,176,1. liga,calendar-2026-27,2026/27,5772161,555292,Skalica,969268,FC Kosice,4,finished,FETCHED,COMPLETE,FULL_MATCH,2,2_PLUS
2026-08-15,2026-08-15,1,0,2026-08-15T16:00:00+00:00,ITA,Italien,141,Coppa Italia,calendar-2026-27,2026/27,5852775,10168,Catanzaro,189475,Südtirol,1/32,finished,FETCHED,COMPLETE,FULL_MATCH,2,2_PLUS
2026-08-15,2026-08-15,1,0,2026-08-15T16:00:00+00:00,TUR,Türkei,71,Süper Lig,calendar-2026-27,2026/27,5904705,4685,Kasımpaşa,9752,Trabzonspor,1,finished,FETCHED,COMPLETE,FULL_MATCH,1,1
2026-08-15,2026-08-15,1,0,2026-08-15T16:00:00+00:00,TUR,Türkei,71,Süper Lig,calendar-2026-27,2026/27,5904709,8622,Konyaspor,2166,Rizespor,1,finished,FETCHED,COMPLETE,FULL_MATCH,1,1
2026-08-15,2026-08-15,1,0,2026-08-15T16:00:00+00:00,TUR,Türkei,165,1. Lig,calendar-2026-27,2026/27,5908585,2088,Karagümrük,281460,Ümraniyespor,2,finished,FETCHED,COMPLETE,FULL_MATCH,3,2_PLUS
2026-08-15,2026-08-15,1,0,2026-08-15T16:00:00+00:00,TUR,Türkei,165,1. Lig,calendar-2026-27,2026/27,5908588,106560,Istanbulspor,658811,Bodrum FK,2,finished,FETCHED,COMPLETE,FULL_MATCH,2,2_PLUS
2026-08-15,2026-08-15,1,0,2026-08-15T16:15:00+00:00,BEL,Belgien,40,First Division A,calendar-2026-27,2026/27,5811721,8571,Kortrijk,9988,Royal Antwerp,2,finished,FETCHED,COMPLETE,FULL_MATCH,2,2_PLUS
2026-08-15,2026-08-15,1,0,2026-08-15T16:15:00+00:00,KSA,Saudi-Arabien,536,Saudi Pro League,calendar-2026-27,2026/27,5969052,205686,Al-Taawoun,550433,Al Khaleej,1,finished,FETCHED,COMPLETE,FULL_MATCH,0,0
2026-08-15,2026-08-15,1,0,2026-08-15T16:30:00+00:00,CRO,Kroatien,252,HNL,calendar-2026-27,2026/27,5765906,6038,NK Istra 1961,1581,Slaven,3,finished,FETCHED,COMPLETE,FULL_MATCH,1,1
2026-08-15,2026-08-15,1,0,2026-08-15T16:30:00+00:00,ENG,England,48,Championship,calendar-2026-27,2026/27,5836762,8657,Sheff Utd,8658,Birmingham,1,finished,FETCHED,COMPLETE,FULL_MATCH,0,0
2026-08-15,2026-08-15,1,0,2026-08-15T16:30:00+00:00,ITA,Italien,141,Coppa Italia,calendar-2026-27,2026/27,5852776,8600,Udinese,583944,Padova,1/32,finished,FETCHED,COMPLETE,FULL_MATCH,0,0
2026-08-15,2026-08-15,1,0,2026-08-15T16:45:00+00:00,NED,Niederlande,57,Eredivisie,calendar-2026-27,2026/27,5781707,9908,FC Utrecht,10229,AZ Alkmaar,2,finished,FETCHED,COMPLETE,FULL_MATCH,4,2_PLUS
2026-08-15,2026-08-15,1,0,2026-08-15T16:45:00+00:00,UAE,Vereinigte Arabische Emirate,538,Pro League,calendar-2026-27,2026/27,5898784,102111,Al-Wasl,1552577,United FC,1,finished,FETCHED,COMPLETE,FULL_MATCH,4,2_PLUS
2026-08-15,2026-08-15,1,0,2026-08-15T16:45:00+00:00,UAE,Vereinigte Arabische Emirate,538,Pro League,calendar-2026-27,2026/27,5898787,149993,Khorfakkan,102119,Shabab Al-Ahli Dubai FC,1,finished,FETCHED,COMPLETE,FULL_MATCH,5,2_PLUS
2026-08-15,2026-08-15,1,0,2026-08-15T17:00:00+00:00,SRB,Serbien,182,Super Liga,calendar-2026-27,2026/27,1000015097,463461,FK Radnik Surdulica,563180,Macva Sabac,5,finished,FETCHED,COMPLETE,FULL_MATCH,2,2_PLUS
2026-08-15,2026-08-15,1,0,2026-08-15T17:00:00+00:00,INT,International,10371,Women's Africa Cup of Nations,calendar-2026-27,2026/27,1000019081,1129300,Morocco,1316257,Algeria,3rd Place Final,finished,FETCHED,COMPLETE,FULL_MATCH,1,1
2026-08-15,2026-08-15,1,0,2026-08-15T17:00:00+00:00,ISL,Island,215,Besta deildin,calendar-2026-27,2026/27,5225708,4496,Thor Akureyri,4472,Keflavik,19,finished,FETCHED,COMPLETE,FULL_MATCH,1,1
2026-08-15,2026-08-15,1,0,2026-08-15T17:00:00+00:00,ESP,Spanien,140,LaLiga2,calendar-2026-27,2026/27,5868396,8385,Cadiz,161743,Celta Fortuna,1,finished,FETCHED,COMPLETE,FULL_MATCH,0,0
2026-08-15,2026-08-15,1,0,2026-08-15T17:00:00+00:00,ESP,Spanien,140,LaLiga2,calendar-2026-27,2026/27,5868401,8670,Real Oviedo,7878,Granada,1,finished,FETCHED,COMPLETE,FULL_MATCH,0,0
2026-08-15,2026-08-15,1,0,2026-08-15T17:00:00+00:00,POR,Portugal,61,Liga Portugal,calendar-2026-27,2026/27,5887591,1786,Academico Viseu,1567,Santa Clara,2,finished,FETCHED,COMPLETE,FULL_MATCH,0,0
2026-08-15,2026-08-15,1,0,2026-08-15T17:30:00+00:00,GER,Deutschland,11034,Supercup der Frauen,calendar-2026-27,2026/27,1000011149,671935,Bayern München,394121,VfL Wolfsburg,Final,finished,FETCHED,COMPLETE,FULL_MATCH,1,1
2026-08-15,2026-08-15,1,0,2026-08-15T17:30:00+00:00,ARG,Argentinien,112,Liga Profesional,calendar-2026-27,2026/27,5115933,161728,Aldosivi,89396,Tigre,5,finished,FETCHED,COMPLETE,FULL_MATCH,0,0
2026-08-15,2026-08-15,1,0,2026-08-15T17:30:00+00:00,ARG,Argentinien,112,Liga Profesional,calendar-2026-27,2026/27,5115945,10083,San Lorenzo,10096,Union,5,finished,FETCHED,COMPLETE,FULL_MATCH,1,1
2026-08-15,2026-08-15,1,0,2026-08-15T17:30:00+00:00,AUT,Österreich,38,Bundesliga,calendar-2026-27,2026/27,5845965,10014,Sturm Graz,10008,Altach,3,finished,FETCHED,COMPLETE,FULL_MATCH,1,1
2026-08-15,2026-08-15,1,0,2026-08-15T17:30:00+00:00,ESP,Spanien,87,LaLiga,calendar-2026-27,2026/27,5868011,9866,Deportivo Alaves,8305,Getafe,1,finished,FETCHED,COMPLETE,FULL_MATCH,3,2_PLUS
2026-08-15,2026-08-15,1,0,2026-08-15T17:30:00+00:00,INT,International,489,Vereins-Freundschaftsspiele,calendar-2026-27,2026/27,6000972,8636,Inter,8603,Real Betis,1,finished,FETCHED,COMPLETE,FULL_MATCH,1,1
2026-08-15,2026-08-15,1,0,2026-08-15T17:45:00+00:00,RUS,Russland,63,Premier League,calendar-2026-27,2026/27,5847146,168719,Krasnodar,8708,Akhmat,4,finished,FETCHED,COMPLETE,FULL_MATCH,0,0
2026-08-15,2026-08-15,1,0,2026-08-15T18:00:00+00:00,BEL,Belgien,264,First Division B,calendar-2026-27,2026/27,1000015442,8174,Virton,465631,K. Lierse SK,1,finished,FETCHED,COMPLETE,FULL_MATCH,2,2_PLUS
2026-08-15,2026-08-15,1,0,2026-08-15T18:00:00+00:00,PER,Peru,131,Liga 1,calendar-2026-27,2026/27,1000017193,1104719,Asociacion Deportiva Tarma,4410,Alianza Atletico,Clausura - Round 5,finished,FETCHED,COMPLETE,FULL_MATCH,0,0
2026-08-15,2026-08-15,1,0,2026-08-15T18:00:00+00:00,NED,Niederlande,57,Eredivisie,calendar-2026-27,2026/27,5781711,10218,Excelsior,8640,PSV Eindhoven,2,finished,FETCHED,COMPLETE,FULL_MATCH,2,2_PLUS
2026-08-15,2026-08-15,1,0,2026-08-15T18:00:00+00:00,CZE,Tschechien,122,1. Liga,calendar-2026-27,2026/27,5831138,6033,Viktoria Plzen,1860,FC Zlin,4,finished,FETCHED,COMPLETE,FULL_MATCH,2,2_PLUS
2026-08-15,2026-08-15,1,0,2026-08-15T18:00:00+00:00,RSA,Südafrika,537,Premier Soccer League,calendar-2026-27,2026/27,5955065,149599,Durban City,866690,Richards Bay,Regular Season,finished,FETCHED,COMPLETE,FULL_MATCH,1,1
2026-08-15,2026-08-15,1,0,2026-08-15T18:00:00+00:00,RSA,Südafrika,537,Premier Soccer League,calendar-2026-27,2026/27,5955066,727278,Milford FC,1704814,Kruger United,Regular Season,finished,FETCHED,COMPLETE,FULL_MATCH,3,2_PLUS
2026-08-15,2026-08-15,1,0,2026-08-15T18:00:00+00:00,KSA,Saudi-Arabien,536,Saudi Pro League,calendar-2026-27,2026/27,5969053,8577,Al Ittihad,1523706,Al Kholood,1,finished,FETCHED,COMPLETE,FULL_MATCH,1,1
2026-08-15,2026-08-15,1,0,2026-08-15T18:00:00+00:00,KSA,Saudi-Arabien,536,Saudi Pro League,calendar-2026-27,2026/27,5969054,101918,Al Nassr FC,177356,Al Fateh FC,1,finished,FETCHED,COMPLETE,FULL_MATCH,1,1
2026-08-15,2026-08-15,1,0,2026-08-15T18:15:00+00:00,POL,Polen,196,Ekstraklasa,calendar-2026-27,2026/27,5803947,8024,Widzew Łódź,8245,Korona Kielce,4,finished,FETCHED,COMPLETE,FULL_MATCH,0,0
2026-08-15,2026-08-15,1,0,2026-08-15T18:30:00+00:00,SVK,Slowakei,176,1. liga,calendar-2026-27,2026/27,5772160,2437,Zeleziarne Podbrezova,6496,Trencin,4,finished,FETCHED,COMPLETE,FULL_MATCH,2,2_PLUS
2026-08-15,2026-08-15,1,0,2026-08-15T18:30:00+00:00,ROU,Rumänien,189,Liga I,calendar-2026-27,2026/27,5853467,9738,Rapid Bucuresti,10271,Dinamo Bucuresti,5,finished,FETCHED,COMPLETE,FULL_MATCH,1,1
2026-08-15,2026-08-15,1,0,2026-08-15T18:30:00+00:00,GER,Deutschland,146,2. Bundesliga,calendar-2026-27,2026/27,5881642,8350,Kaiserslautern,8295,Karlsruher SC,2,finished,FETCHED,COMPLETE,FULL_MATCH,0,0
2026-08-15,2026-08-15,1,0,2026-08-15T18:30:00+00:00,TUR,Türkei,71,Süper Lig,calendar-2026-27,2026/27,5904704,4081,Gaziantep FK,4678,Alanyaspor,1,finished,FETCHED,COMPLETE,FULL_MATCH,1,1
2026-08-15,2026-08-15,1,0,2026-08-15T18:30:00+00:00,TUR,Türkei,71,Süper Lig,calendar-2026-27,2026/27,5904708,7800,Gençlerbirliği,8695,Fenerbahçe,1,finished,FETCHED,COMPLETE,FULL_MATCH,1,1
2026-08-15,2026-08-15,1,0,2026-08-15T18:30:00+00:00,TUR,Türkei,165,1. Lig,calendar-2026-27,2026/27,5908586,10270,Bursaspor,1281818,Igdir FK,2,finished,FETCHED,COMPLETE,FULL_MATCH,0,0
2026-08-15,2026-08-15,1,0,2026-08-15T18:30:00+00:00,TUR,Türkei,165,1. Lig,calendar-2026-27,2026/27,5908590,658812,Manisa Futbol Kulübü,146408,Van Spor Kulübü,2,finished,FETCHED,COMPLETE,FULL_MATCH,2,2_PLUS
2026-08-15,2026-08-15,1,0,2026-08-15T18:45:00+00:00,BEL,Belgien,40,First Division A,calendar-2026-27,2026/27,5811722,9987,Genk,10001,Westerlo,2,finished,FETCHED,COMPLETE,FULL_MATCH,1,1
2026-08-15,2026-08-15,1,0,2026-08-15T18:45:00+00:00,BEL,Belgien,40,First Division A,calendar-2026-27,2026/27,5811723,1773,OH Leuven,8342,Club Brugge,2,finished,FETCHED,COMPLETE,FULL_MATCH,2,2_PLUS
2026-08-15,2026-08-15,1,0,2026-08-15T18:45:00+00:00,ITA,Italien,141,Coppa Italia,calendar-2026-27,2026/27,5852777,7881,Venezia,9887,Modena,1/32,finished,FETCHED,COMPLETE,FULL_MATCH,2,2_PLUS
2026-08-15,2026-08-15,1,0,2026-08-15T19:00:00+00:00,ECU,Ecuador,246,Serie A,calendar-2026-27,2026/27,1000009072,162922,Manta,1370528,Leones del Norte,25,finished,FETCHED,COMPLETE,FULL_MATCH,1,1
2026-08-15,2026-08-15,1,0,2026-08-15T19:00:00+00:00,SRB,Serbien,182,Super Liga,calendar-2026-27,2026/27,1000015100,6374,Cukaricki,8692,OFK Beograd,5,finished,FETCHED,COMPLETE,FULL_MATCH,1,1
2026-08-15,2026-08-15,1,0,2026-08-15T19:00:00+00:00,PAR,Paraguay,199,Division Profesional,calendar-2026-27,2026/27,1000017378,1893,Guarani,162557,Rubio Nu,Clausura - Round 5,finished,FETCHED,COMPLETE,FULL_MATCH,4,2_PLUS
2026-08-15,2026-08-15,1,0,2026-08-15T19:00:00+00:00,BRA,Brasilien,8814,Serie B,calendar-2026-27,2026/27,5190653,172341,Ceara,197815,Cuiaba,22,finished,FETCHED,COMPLETE,FULL_MATCH,3,2_PLUS
2026-08-15,2026-08-15,1,0,2026-08-15T19:00:00+00:00,BRA,Brasilien,8814,Serie B,calendar-2026-27,2026/27,5190654,165545,Atletico GO,109706,Vila Nova,22,finished,FETCHED,COMPLETE,FULL_MATCH,1,1
2026-08-15,2026-08-15,1,0,2026-08-15T19:00:00+00:00,BRA,Brasilien,8814,Serie B,calendar-2026-27,2026/27,5190655,7729,Criciuma,9862,Goias,22,finished,FETCHED,COMPLETE,FULL_MATCH,0,0
2026-08-15,2026-08-15,1,0,2026-08-15T19:00:00+00:00,CRO,Kroatien,252,HNL,calendar-2026-27,2026/27,5765907,10157,Osijek,175388,NK Lokomotiva,3,finished,FETCHED,COMPLETE,FULL_MATCH,1,1
2026-08-15,2026-08-15,1,0,2026-08-15T19:00:00+00:00,NED,Niederlande,57,Eredivisie,calendar-2026-27,2026/27,5781713,6422,Fortuna Sittard,7788,Cambuur,2,finished,FETCHED,COMPLETE,FULL_MATCH,1,1
2026-08-15,2026-08-15,1,0,2026-08-15T19:00:00+00:00,BOL,Bolivien,144,Primera Division,calendar-2026-27,2026/27,6000045,1504766,CDT Real Oruro,1844,Oriente Petrolero,15,finished,FETCHED,COMPLETE,FULL_MATCH,0,0
2026-08-15,2026-08-15,1,0,2026-08-15T19:15:00+00:00,ITA,Italien,141,Coppa Italia,calendar-2026-27,2026/27,5852778,9804,Torino,6488,Carrarese,1/32,finished,FETCHED,COMPLETE,FULL_MATCH,0,0
2026-08-15,2026-08-15,1,0,2026-08-15T19:30:00+00:00,BRA,Brasilien,268,Serie A,calendar-2026-27,2026/27,5103584,9863,Fluminense,10283,Palmeiras,23,finished,FETCHED,COMPLETE,FULL_MATCH,3,2_PLUS
2026-08-15,2026-08-15,1,0,2026-08-15T19:30:00+00:00,ESP,Spanien,87,LaLiga,calendar-2026-27,2026/27,5868019,8302,Sevilla,8370,Rayo Vallecano,1,finished,FETCHED,COMPLETE,FULL_MATCH,2,2_PLUS
2026-08-15,2026-08-15,1,0,2026-08-15T19:30:00+00:00,ESP,Spanien,140,LaLiga2,calendar-2026-27,2026/27,5868400,8661,Mallorca,10281,Real Valladolid,1,finished,FETCHED,COMPLETE,FULL_MATCH,2,2_PLUS
2026-08-15,2026-08-15,1,0,2026-08-15T19:30:00+00:00,POR,Portugal,61,Liga Portugal,calendar-2026-27,2026/27,5887598,7841,Rio Ave,9773,FC Porto,2,finished,FETCHED,COMPLETE,FULL_MATCH,1,1
2026-08-15,2026-08-15,1,0,2026-08-15T19:45:00+00:00,ARG,Argentinien,112,Liga Profesional,calendar-2026-27,2026/27,5115937,10094,Estudiantes,10103,Gimnasia LP,5,finished,FETCHED,COMPLETE,FULL_MATCH,3,2_PLUS
2026-08-15,2026-08-15,1,0,2026-08-15T20:00:00+00:00,USA,USA,10282,MLS Next Pro,calendar-2026-27,2026/27,1000007711,1348118,Chicago Fire FC II,722266,Orlando City B,25,finished,FETCHED,COMPLETE,FULL_MATCH,1,1
2026-08-15,2026-08-15,1,0,2026-08-15T20:00:00+00:00,CAN,Kanada,10872,Northern Super League,calendar-2026-27,2026/27,1000009204,1739712,Calgary Wild FC,1739719,Ottawa Rapid FC,Regular Season,finished,FETCHED,COMPLETE,FULL_MATCH,2,2_PLUS
2026-08-15,2026-08-15,1,0,2026-08-15T20:00:00+00:00,VEN,Venezuela,339,Primera Division,calendar-2026-27,2026/27,1000018878,93061,Estudiantes Merida,1349498,Anzoategui FC,Clausura - Round 4,finished,FETCHED,COMPLETE,FULL_MATCH,1,1
2026-08-15,2026-08-15,1,0,2026-08-15T20:30:00+00:00,PER,Peru,131,Liga 1,calendar-2026-27,2026/27,1000017194,741328,Los Chankas,4417,FBC Melgar,Clausura - Round 5,finished,FETCHED,COMPLETE,FULL_MATCH,1,1
2026-08-15,2026-08-15,1,0,2026-08-15T21:00:00+00:00,CAN,Kanada,9986,Premier League,calendar-2026-27,2026/27,1000008688,1022952,Cavalry FC,1022955,Forge FC,17,finished,FETCHED,COMPLETE,FULL_MATCH,2,2_PLUS
2026-08-15,2026-08-15,1,0,2026-08-15T21:15:00+00:00,BOL,Bolivien,144,Primera Division,calendar-2026-27,2026/27,6000046,114830,Guabira,2527,The Strongest,15,finished,FETCHED,COMPLETE,FULL_MATCH,3,2_PLUS
2026-08-15,2026-08-15,1,0,2026-08-15T21:30:00+00:00,ECU,Ecuador,246,Serie A,calendar-2026-27,2026/27,1000009071,194754,Guayaquil City,1345405,Libertad,25,finished,FETCHED,COMPLETE,FULL_MATCH,2,2_PLUS
2026-08-15,2026-08-15,1,0,2026-08-15T21:30:00+00:00,CHI,Chile,273,Liga de Primera,calendar-2026-27,2026/27,1000013200,584840,Deportes Limache,6310,Universidad de Chile,19,finished,FETCHED,COMPLETE,FULL_MATCH,2,2_PLUS
2026-08-15,2026-08-15,1,0,2026-08-15T21:30:00+00:00,PAR,Paraguay,199,Division Profesional,calendar-2026-27,2026/27,1000017377,59844,Sportivo Trinidense,49689,Nacional,Clausura - Round 5,finished,FETCHED,COMPLETE,FULL_MATCH,0,0
2026-08-15,2026-08-15,1,0,2026-08-15T21:30:00+00:00,VEN,Venezuela,339,Primera Division,calendar-2026-27,2026/27,1000018874,188213,Universidad Central,7850,Caracas,Clausura - Round 4,finished,FETCHED,COMPLETE,FULL_MATCH,0,0
2026-08-15,2026-08-15,1,0,2026-08-15T21:30:00+00:00,BRA,Brasilien,268,Serie A,calendar-2026-27,2026/27,5103591,10273,Athletico Paranaense,109705,Red Bull Bragantino,23,finished,FETCHED,COMPLETE,FULL_MATCH,2,2_PLUS
2026-08-15,2026-08-15,1,0,2026-08-15T21:30:00+00:00,BRA,Brasilien,8814,Serie B,calendar-2026-27,2026/27,5190658,10274,Juventude,8287,Fortaleza,22,finished,FETCHED,COMPLETE,FULL_MATCH,0,0
2026-08-15,"2026-08-15,2026-08-16",2,1,2026-08-15T22:00:00+00:00,USA,USA,10282,MLS Next Pro,calendar-2026-27,2026/27,1000007708,1348126,Columbus Crew 2,1348108,New York City FC II,25,finished,FETCHED,COMPLETE,FULL_MATCH,4,2_PLUS
2026-08-15,"2026-08-15,2026-08-16",2,1,2026-08-15T22:00:00+00:00,ARG,Argentinien,112,Liga Profesional,calendar-2026-27,2026/27,5115935,10092,Belgrano,161729,Independiente Rivadavia,5,finished,FETCHED,COMPLETE,FULL_MATCH,1,1
2026-08-15,"2026-08-15,2026-08-16",2,1,2026-08-15T22:00:00+00:00,ARG,Argentinien,112,Liga Profesional,calendar-2026-27,2026/27,5115941,10201,Newell's Old Boys,298629,Deportivo Riestra,5,finished,FETCHED,COMPLETE,FULL_MATCH,2,2_PLUS
2026-08-15,"2026-08-15,2026-08-16",2,1,2026-08-15T22:30:00+00:00,USA,USA,9134,NWSL,calendar-2026-27,2026/27,5161602,1237244,Racing Louisville (W),1795723,Boston Legacy FC (W),0,finished,FETCHED,COMPLETE,FULL_MATCH,4,2_PLUS
2026-08-15,"2026-08-15,2026-08-16",2,1,2026-08-15T23:00:00+00:00,MEX,Mexiko,230,Liga MX,calendar-2026-27,2026/27,1000014526,1942,Atlante,6618,Toluca,4,finished,FETCHED,COMPLETE,FULL_MATCH,0,0
2026-08-15,"2026-08-15,2026-08-16",2,1,2026-08-15T23:00:00+00:00,VEN,Venezuela,339,Primera Division,calendar-2026-27,2026/27,1000018877,49682,Portuguesa FC,49685,Trujillanos FC,Clausura - Round 4,finished,FETCHED,COMPLETE,FULL_MATCH,1,1
2026-08-15,"2026-08-15,2026-08-16",2,1,2026-08-15T23:00:00+00:00,USA,USA,9296,USL League One,calendar-2026-27,2026/27,5109502,422694,Cosmos,1701876,AV Alta,24,finished,FETCHED,COMPLETE,FULL_MATCH,1,1
2026-08-15,"2026-08-15,2026-08-16",2,1,2026-08-15T23:00:00+00:00,USA,USA,9296,USL League One,calendar-2026-27,2026/27,5109503,1706430,Westchester SC,1701877,FC Naples,24,finished,FETCHED,COMPLETE,FULL_MATCH,2,2_PLUS
2026-08-15,"2026-08-15,2026-08-16",2,1,2026-08-15T23:00:00+00:00,USA,USA,8972,USL Championship,calendar-2026-27,2026/27,5109885,540855,Detroit City FC,1003205,Loudoun United FC,1,finished,FETCHED,COMPLETE,FULL_MATCH,0,0
2026-08-15,"2026-08-15,2026-08-16",2,1,2026-08-15T23:00:00+00:00,USA,USA,8972,USL Championship,calendar-2026-27,2026/27,5109886,1003206,Hartford Athletic,721896,Miami FC,1,finished,FETCHED,COMPLETE,FULL_MATCH,1,1
2026-08-15,"2026-08-15,2026-08-16",2,1,2026-08-15T23:00:00+00:00,USA,USA,8972,USL Championship,calendar-2026-27,2026/27,5109891,267816,Pittsburgh Riverhounds SC,162183,Charleston Battery,1,finished,FETCHED,COMPLETE,FULL_MATCH,1,1
2026-08-15,"2026-08-15,2026-08-16",2,1,2026-08-15T23:00:00+00:00,USA,USA,8972,USL Championship,calendar-2026-27,2026/27,5109894,1737991,Sporting JAX,514649,Indy Eleven,1,finished,FETCHED,COMPLETE,FULL_MATCH,1,1
2026-08-15,"2026-08-15,2026-08-16",2,1,2026-08-15T23:25:00+00:00,USA,USA,9296,USL League One,calendar-2026-27,2026/27,5109500,614315,Charlotte Independence,1448561,Sarasota Paradise,24,finished,FETCHED,COMPLETE,FULL_MATCH,1,1
2026-08-15,"2026-08-15,2026-08-16",2,1,2026-08-15T23:30:00+00:00,VEN,Venezuela,339,Primera Division,calendar-2026-27,2026/27,1000018876,657277,Academia Puerto Cabello,1267963,Rayo Zuliano,Clausura - Round 4,finished,FETCHED,COMPLETE,FULL_MATCH,1,1
2026-08-15,"2026-08-15,2026-08-16",2,1,2026-08-15T23:30:00+00:00,USA,USA,130,MLS,calendar-2026-27,2026/27,5071261,773958,Atlanta United,6514,NY Red Bulls,19,finished,FETCHED,COMPLETE,FULL_MATCH,2,2_PLUS
2026-08-15,"2026-08-15,2026-08-16",2,1,2026-08-15T23:30:00+00:00,USA,USA,130,MLS,calendar-2026-27,2026/27,5071262,1323940,Charlotte FC,6001,Columbus,19,finished,FETCHED,COMPLETE,FULL_MATCH,1,1
2026-08-15,"2026-08-15,2026-08-16",2,1,2026-08-15T23:30:00+00:00,USA,USA,130,MLS,calendar-2026-27,2026/27,5071263,161195,Montreal,6602,DC United,19,finished,FETCHED,COMPLETE,FULL_MATCH,2,2_PLUS
2026-08-15,"2026-08-15,2026-08-16",2,1,2026-08-15T23:30:00+00:00,USA,USA,130,MLS,calendar-2026-27,2026/27,5071264,267810,Orlando,722265,Cincinnati,19,finished,FETCHED,COMPLETE,FULL_MATCH,1,1
2026-08-15,"2026-08-15,2026-08-16",2,1,2026-08-15T23:30:00+00:00,USA,USA,130,MLS,calendar-2026-27,2026/27,5071265,56453,Toronto,6580,New England,19,finished,FETCHED,COMPLETE,FULL_MATCH,1,1
2026-08-15,"2026-08-15,2026-08-16",2,1,2026-08-15T23:30:00+00:00,USA,USA,9296,USL League One,calendar-2026-27,2026/27,5109504,1358072,Fort Wayne,1004918,Chattanooga Red Wolves SC,24,finished,FETCHED,COMPLETE,FULL_MATCH,2,2_PLUS
2026-08-15,"2026-08-15,2026-08-16",2,1,2026-08-15T23:30:00+00:00,USA,USA,8972,USL Championship,calendar-2026-27,2026/27,5109895,197328,Tampa Bay Rowdies,1597140,Rhode Island FC,1,finished,FETCHED,COMPLETE,FULL_MATCH,2,2_PLUS
2026-08-15,"2026-08-15,2026-08-16",2,1,2026-08-15T23:30:00+00:00,BOL,Bolivien,144,Primera Division,calendar-2026-27,2026/27,6000047,49678,Blooming,49720,Aurora,15,finished,FETCHED,COMPLETE,FULL_MATCH,2,2_PLUS
2026-08-15,"2026-08-15,2026-08-16",2,1,2026-08-15T23:39:00+00:00,USA,USA,9296,USL League One,calendar-2026-27,2026/27,5109501,1004920,Greenville Triumph SC,1358088,One Knoxville SC,24,finished,FETCHED,COMPLETE,FULL_MATCH,2,2_PLUS
2026-08-15,"2026-08-15,2026-08-16",2,1,2026-08-16T00:00:00+00:00,USA,USA,10282,MLS Next Pro,calendar-2026-27,2026/27,1000007709,722268,Sporting Kansas City II,1348103,Colorado Rapids 2,25,finished,FETCHED,COMPLETE,FULL_MATCH,2,2_PLUS
2026-08-15,"2026-08-15,2026-08-16",2,1,2026-08-16T00:00:00+00:00,ECU,Ecuador,246,Serie A,calendar-2026-27,2026/27,1000009065,304929,Mushuc Runa,6453,Barcelona SC,25,finished,FETCHED,COMPLETE,FULL_MATCH,0,0
2026-08-15,"2026-08-15,2026-08-16",2,1,2026-08-16T00:00:00+00:00,CHI,Chile,273,Liga de Primera,calendar-2026-27,2026/27,1000013199,1890,Everton CD,4058,Audax Italiano,19,finished,FETCHED,COMPLETE,FULL_MATCH,1,1
2026-08-15,"2026-08-15,2026-08-16,2026-08-21",3,1,2026-08-16T00:00:00+00:00,VEN,Venezuela,339,Primera Division,calendar-2026-27,2026/27,1000018881,1349498,Anzoategui FC,49685,Trujillanos FC,Clausura - Round 5,cancelled,FETCHED,COMPLETE,FULL_MATCH,0,0
2026-08-15,"2026-08-15,2026-08-16,2026-08-22,2026-08-23",4,2,2026-08-16T00:00:00+00:00,VEN,Venezuela,339,Primera Division,calendar-2026-27,2026/27,1000018882,365280,Metropolitanos FC,1896,Deportivo Tachira,Clausura - Round 5,cancelled,FETCHED,COMPLETE,FULL_MATCH,2,2_PLUS
2026-08-15,"2026-08-15,2026-08-16,2026-08-21,2026-08-22",4,2,2026-08-16T00:00:00+00:00,VEN,Venezuela,339,Primera Division,calendar-2026-27,2026/27,1000018883,7850,Caracas,49681,Carabobo FC,Clausura - Round 5,cancelled,FETCHED,COMPLETE,FULL_MATCH,0,0
2026-08-15,"2026-08-15,2026-08-16,2026-08-22",3,1,2026-08-16T00:00:00+00:00,VEN,Venezuela,339,Primera Division,calendar-2026-27,2026/27,1000018884,49686,Zamora FC,188213,Universidad Central,Clausura - Round 5,cancelled,FETCHED,COMPLETE,FULL_MATCH,0,0
2026-08-15,"2026-08-15,2026-08-16,2026-08-23",3,1,2026-08-16T00:00:00+00:00,VEN,Venezuela,339,Primera Division,calendar-2026-27,2026/27,1000018885,49683,Monagas SC,49682,Portuguesa FC,Clausura - Round 5,cancelled,FETCHED,COMPLETE,FULL_MATCH,0,0
2026-08-15,"2026-08-15,2026-08-16,2026-08-22",3,1,2026-08-16T00:00:00+00:00,VEN,Venezuela,339,Primera Division,calendar-2026-27,2026/27,1000018886,1267963,Rayo Zuliano,176496,Deportivo La Guaira,Clausura - Round 5,cancelled,FETCHED,COMPLETE,FULL_MATCH,3,2_PLUS
2026-08-15,"2026-08-15,2026-08-16,2026-08-22",3,1,2026-08-16T00:00:00+00:00,VEN,Venezuela,339,Primera Division,calendar-2026-27,2026/27,1000018887,93061,Estudiantes Merida,657277,Academia Puerto Cabello,Clausura - Round 5,cancelled,FETCHED,COMPLETE,FULL_MATCH,1,1
2026-08-15,"2026-08-15,2026-08-16",2,1,2026-08-16T00:00:00+00:00,BRA,Brasilien,268,Serie A,calendar-2026-27,2026/27,5103586,10277,Sao Paulo,9767,Coritiba,23,finished,FETCHED,COMPLETE,FULL_MATCH,1,1
2026-08-15,"2026-08-15,2026-08-16",2,1,2026-08-16T00:15:00+00:00,ARG,Argentinien,112,Liga Profesional,calendar-2026-27,2026/27,5115942,10089,Club Atletico Platense,10077,Boca Juniors,5,finished,FETCHED,COMPLETE,FULL_MATCH,2,2_PLUS
2026-08-15,"2026-08-15,2026-08-16",2,1,2026-08-16T00:30:00+00:00,USA,USA,10282,MLS Next Pro,calendar-2026-27,2026/27,1000007715,1451870,Austin FC II,614326,Vancouver Whitecaps 2,25,finished,FETCHED,COMPLETE,FULL_MATCH,3,2_PLUS
2026-08-15,"2026-08-15,2026-08-16",2,1,2026-08-16T00:30:00+00:00,PER,Peru,131,Liga 1,calendar-2026-27,2026/27,1000017195,6398,Alianza Lima,425692,CD UT Cajamarca,Clausura - Round 5,finished,FETCHED,COMPLETE,FULL_MATCH,0,0
2026-08-15,"2026-08-15,2026-08-16",2,1,2026-08-16T00:30:00+00:00,USA,USA,130,MLS,calendar-2026-27,2026/27,5071268,8259,Houston,6637,LA Galaxy,19,finished,FETCHED,COMPLETE,FULL_MATCH,0,0
2026-08-15,"2026-08-15,2026-08-16",2,1,2026-08-16T00:30:00+00:00,USA,USA,130,MLS,calendar-2026-27,2026/27,5071270,915807,Nashville SC,960720,Inter Miami CF,19,finished,FETCHED,COMPLETE,FULL_MATCH,3,2_PLUS
2026-08-15,"2026-08-15,2026-08-16",2,1,2026-08-16T00:45:00+00:00,USA,USA,10282,MLS Next Pro,calendar-2026-27,2026/27,1000007710,1004921,North Texas SC,614322,Portland Timbers 2,25,finished,FETCHED,COMPLETE,FULL_MATCH,2,2_PLUS
2026-08-15,"2026-08-15,2026-08-16",2,1,2026-08-16T00:45:00+00:00,USA,USA,9134,NWSL,calendar-2026-27,2026/27,5161603,433029,Portland Thorns (W),728922,Orlando Pride (W),0,finished,FETCHED,COMPLETE,FULL_MATCH,3,2_PLUS
2026-08-15,"2026-08-15,2026-08-16",2,1,2026-08-16T01:00:00+00:00,USA,USA,9296,USL League One,calendar-2026-27,2026/27,5109505,1584038,Spokane Velocity FC,1128317,Corpus Christi,24,finished,FETCHED,COMPLETE,FULL_MATCH,4,2_PLUS
2026-08-15,"2026-08-15,2026-08-16",2,1,2026-08-16T01:00:00+00:00,USA,USA,8972,USL Championship,calendar-2026-27,2026/27,5109884,614321,Colorado Springs Switchbacks FC,1003207,Birmingham Legion FC,1,finished,FETCHED,COMPLETE,FULL_MATCH,3,2_PLUS
2026-08-15,"2026-08-15,2026-08-16",2,1,2026-08-16T01:00:00+00:00,USA,USA,8972,USL Championship,calendar-2026-27,2026/27,5109893,722269,San Antonio FC,1003209,El Paso Locomotive FC,1,finished,FETCHED,COMPLETE,FULL_MATCH,0,0
2026-08-15,"2026-08-15,2026-08-16",2,1,2026-08-16T01:10:00+00:00,MEX,Mexiko,230,Liga MX,calendar-2026-27,2026/27,1000014527,7849,Monterrey,649424,Juárez,4,finished,FETCHED,COMPLETE,FULL_MATCH,2,2_PLUS
2026-08-15,"2026-08-15,2026-08-16",2,1,2026-08-16T01:30:00+00:00,CAN,Kanada,10872,Northern Super League,calendar-2026-27,2026/27,1000009203,1739724,Vancouver Rise FC,1739714,Halifax Tides FC,Regular Season,finished,FETCHED,COMPLETE,FULL_MATCH,2,2_PLUS
2026-08-15,"2026-08-15,2026-08-16",2,1,2026-08-16T01:30:00+00:00,USA,USA,130,MLS,calendar-2026-27,2026/27,5071267,8314,Colorado,6604,Sporting KC,19,finished,FETCHED,COMPLETE,FULL_MATCH,2,2_PLUS
2026-08-15,"2026-08-15,2026-08-16",2,1,2026-08-16T01:30:00+00:00,USA,USA,130,MLS,calendar-2026-27,2026/27,5071271,6606,Salt Lake,207242,Minnesota,19,finished,FETCHED,COMPLETE,FULL_MATCH,2,2_PLUS
2026-08-15,"2026-08-15,2026-08-16",2,1,2026-08-16T01:30:00+00:00,USA,USA,8972,USL Championship,calendar-2026-27,2026/27,5109888,1003208,New Mexico United,614325,FC Tulsa,1,finished,FETCHED,COMPLETE,FULL_MATCH,1,1
2026-08-15,"2026-08-15,2026-08-16",2,1,2026-08-16T02:00:00+00:00,USA,USA,8972,USL Championship,calendar-2026-27,2026/27,5109889,1130413,Oakland Roots SC,915808,Monterey Bay FC,1,finished,FETCHED,COMPLETE,FULL_MATCH,1,1
2026-08-15,"2026-08-15,2026-08-16",2,1,2026-08-16T02:00:00+00:00,USA,USA,8972,USL Championship,calendar-2026-27,2026/27,5109890,267813,Orange County SC,614316,Louisville City FC,1,finished,FETCHED,COMPLETE,FULL_MATCH,4,2_PLUS
2026-08-15,"2026-08-15,2026-08-16",2,1,2026-08-16T02:30:00+00:00,USA,USA,130,MLS,calendar-2026-27,2026/27,5071269,867280,LAFC,1701119,San Diego FC,19,finished,FETCHED,COMPLETE,FULL_MATCH,1,1
2026-08-15,"2026-08-15,2026-08-16",2,1,2026-08-16T02:30:00+00:00,USA,USA,130,MLS,calendar-2026-27,2026/27,5071272,6603,San Jose,1427963,St. Louis City,19,finished,FETCHED,COMPLETE,FULL_MATCH,2,2_PLUS
2026-08-15,"2026-08-15,2026-08-16",2,1,2026-08-16T02:30:00+00:00,USA,USA,8972,USL Championship,calendar-2026-27,2026/27,5109887,915809,Las Vegas Lights FC,1877733,Brooklyn,1,finished,FETCHED,COMPLETE,FULL_MATCH,2,2_PLUS
2026-08-15,"2026-08-15,2026-08-16",2,1,2026-08-16T03:00:00+00:00,USA,USA,8972,USL Championship,calendar-2026-27,2026/27,5109892,521004,Sacramento Republic FC,1430405,Lexington SC,1,finished,FETCHED,COMPLETE,FULL_MATCH,1,1
2026-08-15,"2026-08-15,2026-08-16",2,1,2026-08-16T03:10:00+00:00,MEX,Mexiko,230,Liga MX,calendar-2026-27,2026/27,1000014528,6577,Atlas,8561,Tigres,4,finished,FETCHED,COMPLETE,FULL_MATCH,1,1
2026-08-16,2026-08-16,1,0,2026-08-16T10:15:00+00:00,NED,Niederlande,57,Eredivisie,calendar-2026-27,2026/27,5781712,10217,ADO Den Haag,8674,FC Groningen,2,finished,FETCHED,COMPLETE,FULL_MATCH,2,2_PLUS
2026-08-16,2026-08-16,1,0,2026-08-16T10:30:00+00:00,KOR,Südkorea,9080,K League 1,calendar-2026-27,2026/27,5139997,429441,Bucheon FC 1995,46038,Jeonbuk Hyundai Motors FC,23,finished,FETCHED,COMPLETE,FULL_MATCH,3,2_PLUS
2026-08-16,2026-08-16,1,0,2026-08-16T10:30:00+00:00,KOR,Südkorea,9080,K League 1,calendar-2026-27,2026/27,5139998,133895,Incheon United,133901,Gimcheon Sangmu,23,finished,FETCHED,COMPLETE,FULL_MATCH,2,2_PLUS
2026-08-16,2026-08-16,1,0,2026-08-16T10:30:00+00:00,KOR,Südkorea,9080,K League 1,calendar-2026-27,2026/27,5139999,133896,Ulsan HD FC,164734,Gangwon FC,23,finished,FETCHED,COMPLETE,FULL_MATCH,2,2_PLUS
2026-08-16,2026-08-16,1,0,2026-08-16T10:30:00+00:00,KOR,Südkorea,9116,K League 2,calendar-2026-27,2026/27,5155876,133897,Daegu FC,429442,Chungnam Asan FC,22,finished,FETCHED,COMPLETE,FULL_MATCH,2,2_PLUS
2026-08-16,2026-08-16,1,0,2026-08-16T10:30:00+00:00,KOR,Südkorea,9116,K League 2,calendar-2026-27,2026/27,5155877,833649,Gimpo FC,187960,Cheonan City,22,finished,FETCHED,COMPLETE,FULL_MATCH,0,0
2026-08-16,2026-08-16,1,0,2026-08-16T10:30:00+00:00,KOR,Südkorea,9116,K League 2,calendar-2026-27,2026/27,5155878,739803,Paju Frontier,6614,Seongnam FC,22,finished,FETCHED,COMPLETE,FULL_MATCH,2,2_PLUS
2026-08-16,2026-08-16,1,0,2026-08-16T10:30:00+00:00,KOR,Südkorea,9116,K League 2,calendar-2026-27,2026/27,5155879,616212,Seoul E-Land FC,821875,Ansan Greeners,22,finished,FETCHED,COMPLETE,FULL_MATCH,2,2_PLUS
2026-08-16,2026-08-16,1,0,2026-08-16T10:30:00+00:00,INT,International,489,Vereins-Freundschaftsspiele,calendar-2026-27,2026/27,5973785,8650,Liverpool,10171,Como,1,finished,FETCHED,COMPLETE,FULL_MATCH,0,0
2026-08-16,2026-08-16,1,0,2026-08-16T11:30:00+00:00,BEL,Belgien,40,First Division A,calendar-2026-27,2026/27,5811724,8475,SK Beveren,8635,Anderlecht,2,finished,FETCHED,COMPLETE,FULL_MATCH,0,0
2026-08-16,2026-08-16,1,0,2026-08-16T11:30:00+00:00,RUS,Russland,63,Premier League,calendar-2026-27,2026/27,5847150,8698,Zenit,9763,Dinamo,4,finished,FETCHED,COMPLETE,FULL_MATCH,1,1
2026-08-16,2026-08-16,1,0,2026-08-16T11:30:00+00:00,GER,Deutschland,146,2. Bundesliga,calendar-2026-27,2026/27,5881636,9912,Arminia Bielefeld,8398,Energie Cottbus,2,finished,FETCHED,COMPLETE,FULL_MATCH,1,1
2026-08-16,2026-08-16,1,0,2026-08-16T11:30:00+00:00,GER,Deutschland,146,2. Bundesliga,calendar-2026-27,2026/27,5881639,9904,Hannover 96,8721,Wolfsburg,2,finished,FETCHED,COMPLETE,FULL_MATCH,1,1
2026-08-16,2026-08-16,1,0,2026-08-16T11:30:00+00:00,GER,Deutschland,146,2. Bundesliga,calendar-2026-27,2026/27,5881643,8480,Dynamo Dresden,8262,Darmstadt,2,finished,FETCHED,COMPLETE,FULL_MATCH,0,0
2026-08-16,2026-08-16,1,0,2026-08-16T11:30:00+00:00,GER,Deutschland,208,3. Liga,calendar-2026-27,2026/27,5905860,8294,Hansa Rostock,9743,Waldhof Mannheim,2,finished,FETCHED,COMPLETE,FULL_MATCH,3,2_PLUS
2026-08-16,2026-08-16,1,0,2026-08-16T12:00:00+00:00,SCO,Schottland,10791,SWPL 1,calendar-2026-27,2026/27,1000016456,789902,Hibernian LFC,1716179,Motherwell,1,finished,FETCHED,COMPLETE,FULL_MATCH,5,2_PLUS
2026-08-16,2026-08-16,1,0,2026-08-16T12:00:00+00:00,SCO,Schottland,10791,SWPL 1,calendar-2026-27,2026/27,1000016457,1716183,Montrose,1378209,Rangers,1,finished,FETCHED,COMPLETE,FULL_MATCH,3,2_PLUS
2026-08-16,2026-08-16,1,0,2026-08-16T12:00:00+00:00,SCO,Schottland,10791,SWPL 1,calendar-2026-27,2026/27,1000016458,1716184,Spartans FC,1716178,Partick Thistle,1,finished,FETCHED,COMPLETE,FULL_MATCH,2,2_PLUS
2026-08-16,2026-08-16,1,0,2026-08-16T12:00:00+00:00,SWE,Schweden,67,Allsvenskan,calendar-2026-27,2026/27,5107565,9802,Djurgården,8349,AIK,17,finished,FETCHED,COMPLETE,FULL_MATCH,1,1
2026-08-16,2026-08-16,1,0,2026-08-16T12:00:00+00:00,SWE,Schweden,67,Allsvenskan,calendar-2026-27,2026/27,5107570,8501,Brommapojkarna,10002,Örgryte,17,finished,FETCHED,COMPLETE,FULL_MATCH,3,2_PLUS
2026-08-16,2026-08-16,1,0,2026-08-16T12:00:00+00:00,SWE,Schweden,67,Allsvenskan,calendar-2026-27,2026/27,5107571,6544,Degerfors,9893,IFK Göteborg,17,finished,FETCHED,COMPLETE,FULL_MATCH,0,0
2026-08-16,2026-08-16,1,0,2026-08-16T12:00:00+00:00,DEN,Dänemark,46,Superligaen,calendar-2026-27,2026/27,5739480,8414,OB,9814,AC Horsens,4,finished,FETCHED,COMPLETE,FULL_MATCH,1,1
2026-08-16,2026-08-16,1,0,2026-08-16T12:00:00+00:00,DEN,Dänemark,46,Superligaen,calendar-2026-27,2026/27,5739481,10202,Nordsjælland,8415,Silkeborg,4,finished,FETCHED,COMPLETE,FULL_MATCH,1,1
2026-08-16,2026-08-16,1,0,2026-08-16T12:00:00+00:00,DEN,Dänemark,85,1. Division,calendar-2026-27,2026/27,5764579,8615,Vendsyssel FF,9805,AB,4,finished,FETCHED,COMPLETE,FULL_MATCH,0,0
2026-08-16,2026-08-16,1,0,2026-08-16T12:30:00+00:00,NOR,Norwegen,59,Eliteserien,calendar-2026-27,2026/27,5104980,8404,Aalesund,8007,Vålerenga,18,finished,FETCHED,COMPLETE,FULL_MATCH,4,2_PLUS
2026-08-16,2026-08-16,1,0,2026-08-16T12:30:00+00:00,NED,Niederlande,57,Eredivisie,calendar-2026-27,2026/27,5781705,8611,FC Twente,6413,PEC Zwolle,2,finished,FETCHED,COMPLETE,FULL_MATCH,2,2_PLUS
2026-08-16,2026-08-16,1,0,2026-08-16T12:30:00+00:00,NED,Niederlande,57,Eredivisie,calendar-2026-27,2026/27,5781708,10235,Feyenoord,6433,Go Ahead Eagles,2,finished,FETCHED,COMPLETE,FULL_MATCH,2,2_PLUS
2026-08-16,2026-08-16,1,0,2026-08-16T12:30:00+00:00,ENG,England,48,Championship,calendar-2026-27,2026/27,5836763,9817,Watford,8466,Southampton,1,finished,FETCHED,COMPLETE,FULL_MATCH,1,1
2026-08-16,2026-08-16,1,0,2026-08-16T12:45:00+00:00,POL,Polen,196,Ekstraklasa,calendar-2026-27,2026/27,5803945,89466,Motor Lublin,4023,GKS Katowice,4,finished,FETCHED,COMPLETE,FULL_MATCH,1,1
2026-08-16,2026-08-16,1,0,2026-08-16T13:00:00+00:00,PAR,Paraguay,199,Division Profesional,calendar-2026-27,2026/27,1000017375,6295,Cerro Porteno,198186,Sportivo San Lorenzo,Clausura - Round 5,finished,FETCHED,COMPLETE,FULL_MATCH,0,0
2026-08-16,2026-08-16,1,0,2026-08-16T13:00:00+00:00,FIN,Finnland,51,Veikkausliiga,calendar-2026-27,2026/27,5147625,9861,HJK,8473,FF Jaro,20,finished,FETCHED,COMPLETE,FULL_MATCH,1,1
2026-08-16,2026-08-16,1,0,2026-08-16T13:00:00+00:00,INT,International,9265,ASEAN Championship,calendar-2026-27,2026/27,5844766,5823,Malaysia,5894,Vietnam,1/2,finished,FETCHED,COMPLETE,FULL_MATCH,1,1
2026-08-16,2026-08-16,1,0,2026-08-16T13:00:00+00:00,CZE,Tschechien,122,1. Liga,calendar-2026-27,2026/27,5943688,6362,Banik Ostrava,106189,Artis Brno,4,finished,FETCHED,COMPLETE,FULL_MATCH,0,0
2026-08-16,2026-08-16,1,0,2026-08-16T13:00:00+00:00,RSA,Südafrika,537,Premier Soccer League,calendar-2026-27,2026/27,5955067,316438,Chippa United,7866,Orlando Pirates,Regular Season,finished,FETCHED,COMPLETE,FULL_MATCH,3,2_PLUS
2026-08-16,2026-08-16,1,0,2026-08-16T14:00:00+00:00,BEL,Belgien,264,First Division B,calendar-2026-27,2026/27,1000015443,583877,Beerschot,1379188,Gent U23,1,finished,FETCHED,COMPLETE,FULL_MATCH,3,2_PLUS
2026-08-16,2026-08-16,1,0,2026-08-16T14:00:00+00:00,BRA,Brasilien,268,Serie A,calendar-2026-27,2026/27,5103593,197693,Chapecoense AF,7877,Bahia,23,finished,FETCHED,COMPLETE,FULL_MATCH,3,2_PLUS
2026-08-16,2026-08-16,1,0,2026-08-16T14:00:00+00:00,FIN,Finnland,51,Veikkausliiga,calendar-2026-27,2026/27,5147622,8424,FC Lahti,1693,KuPS,20,finished,FETCHED,COMPLETE,FULL_MATCH,0,0
2026-08-16,2026-08-16,1,0,2026-08-16T14:00:00+00:00,FIN,Finnland,51,Veikkausliiga,calendar-2026-27,2026/27,5147623,4449,AC Oulu,6550,FC Inter Turku,20,finished,FETCHED,COMPLETE,FULL_MATCH,3,2_PLUS
2026-08-16,2026-08-16,1,0,2026-08-16T14:00:00+00:00,BRA,Brasilien,8814,Serie B,calendar-2026-27,2026/27,5190652,197429,Operario Ferroviario,104822,Avai FC,22,finished,FETCHED,COMPLETE,FULL_MATCH,3,2_PLUS
2026-08-16,2026-08-16,1,0,2026-08-16T14:00:00+00:00,DEN,Dänemark,46,Superligaen,calendar-2026-27,2026/27,5739482,9907,Lyngby,8113,FC Midtjylland,4,finished,FETCHED,COMPLETE,FULL_MATCH,2,2_PLUS
2026-08-16,2026-08-16,1,0,2026-08-16T14:00:00+00:00,ENG,England,247,Community Shield,calendar-2026-27,2026/27,5793186,9825,Arsenal,8456,Man City,final,finished,FETCHED,COMPLETE,FULL_MATCH,1,1
2026-08-16,2026-08-16,1,0,2026-08-16T14:00:00+00:00,BEL,Belgien,40,First Division A,calendar-2026-27,2026/27,5811725,1218969,RAAL La Louviere,9991,Gent,2,finished,FETCHED,COMPLETE,FULL_MATCH,1,1
2026-08-16,2026-08-16,1,0,2026-08-16T14:00:00+00:00,RUS,Russland,63,Premier League,calendar-2026-27,2026/27,5847147,8709,Krylya Sovetov,1068353,Dynamo Makhachkala,4,finished,FETCHED,COMPLETE,FULL_MATCH,2,2_PLUS
2026-08-16,2026-08-16,1,0,2026-08-16T14:10:00+00:00,UAE,Vereinigte Arabische Emirate,538,Pro League,calendar-2026-27,2026/27,5898786,102113,Hatta,102101,Al-Jazira,1,finished,FETCHED,COMPLETE,FULL_MATCH,1,1
2026-08-16,2026-08-16,1,0,2026-08-16T14:30:00+00:00,SWE,Schweden,67,Allsvenskan,calendar-2026-27,2026/27,5107566,8297,GAIS,10237,Malmö FF,17,finished,FETCHED,COMPLETE,FULL_MATCH,1,1
2026-08-16,2026-08-16,1,0,2026-08-16T14:30:00+00:00,SWE,Schweden,67,Allsvenskan,calendar-2026-27,2026/27,5107572,9892,Kalmar FF,8248,Hammarby,17,finished,FETCHED,COMPLETE,FULL_MATCH,3,2_PLUS
2026-08-16,2026-08-16,1,0,2026-08-16T14:30:00+00:00,POR,Portugal,61,Liga Portugal,calendar-2026-27,2026/27,5887597,10214,Nacional,7842,Estoril,2,finished,FETCHED,COMPLETE,FULL_MATCH,2,2_PLUS
2026-08-16,2026-08-16,1,0,2026-08-16T14:30:00+00:00,GER,Deutschland,208,3. Liga,calendar-2026-27,2026/27,5905863,7789,Jahn Regensburg,8271,Saarbrücken,2,finished,FETCHED,COMPLETE,FULL_MATCH,1,1
2026-08-16,2026-08-16,1,0,2026-08-16T14:30:00+00:00,INT,International,489,Vereins-Freundschaftsspiele,calendar-2026-27,2026/27,6000973,9931,Basel,8634,Barcelona,1,finished,FETCHED,COMPLETE,FULL_MATCH,5,2_PLUS
2026-08-16,2026-08-16,1,0,2026-08-16T14:45:00+00:00,NED,Niederlande,57,Eredivisie,calendar-2026-27,2026/27,5781709,8593,Ajax,10228,SC Heerenveen,2,finished,FETCHED,COMPLETE,FULL_MATCH,1,1
2026-08-16,2026-08-16,1,0,2026-08-16T15:00:00+00:00,SCO,Schottland,10791,SWPL 1,calendar-2026-27,2026/27,1000016455,1716177,Hearts,1716180,Aberdeen,1,finished,FETCHED,COMPLETE,FULL_MATCH,3,2_PLUS
2026-08-16,2026-08-16,1,0,2026-08-16T15:00:00+00:00,NOR,Norwegen,59,Eliteserien,calendar-2026-27,2026/27,5104978,9917,Molde,8608,Tromsø,18,finished,FETCHED,COMPLETE,FULL_MATCH,4,2_PLUS
2026-08-16,2026-08-16,1,0,2026-08-16T15:00:00+00:00,NOR,Norwegen,59,Eliteserien,calendar-2026-27,2026/27,5104981,8468,Brann,8448,HamKam,18,finished,FETCHED,COMPLETE,FULL_MATCH,2,2_PLUS
2026-08-16,2026-08-16,1,0,2026-08-16T15:00:00+00:00,NOR,Norwegen,59,Eliteserien,calendar-2026-27,2026/27,5104983,8509,Sarpsborg 08,8609,Sandefjord,18,finished,FETCHED,COMPLETE,FULL_MATCH,1,1
2026-08-16,2026-08-16,1,0,2026-08-16T15:00:00+00:00,SVK,Slowakei,176,1. liga,calendar-2026-27,2026/27,5772158,4662,Spartak Trnava,9899,Zemplin Michalovce,4,finished,FETCHED,COMPLETE,FULL_MATCH,2,2_PLUS
2026-08-16,2026-08-16,1,0,2026-08-16T15:00:00+00:00,ENG,England,48,Championship,calendar-2026-27,2026/27,5836764,8191,Burnley,8654,West Ham,1,finished,FETCHED,COMPLETE,FULL_MATCH,3,2_PLUS
2026-08-16,2026-08-16,1,0,2026-08-16T15:00:00+00:00,AUT,Österreich,38,Bundesliga,calendar-2026-27,2026/27,5845966,10056,Hartberg,10011,Austria Wien,3,finished,FETCHED,COMPLETE,FULL_MATCH,1,1
2026-08-16,2026-08-16,1,0,2026-08-16T15:00:00+00:00,AUT,Österreich,38,Bundesliga,calendar-2026-27,2026/27,5845967,1583,WSG Tirol,10013,Salzburg,3,finished,FETCHED,COMPLETE,FULL_MATCH,1,1
2026-08-16,2026-08-16,1,0,2026-08-16T15:00:00+00:00,ESP,Spanien,87,LaLiga,calendar-2026-27,2026/27,5868017,8696,Racing Santander,10205,Villarreal,1,finished,FETCHED,COMPLETE,FULL_MATCH,0,0
2026-08-16,2026-08-16,1,0,2026-08-16T15:00:00+00:00,ESP,Spanien,140,LaLiga2,calendar-2026-27,2026/27,5868397,8372,Eibar,9867,Tenerife,1,finished,FETCHED,COMPLETE,FULL_MATCH,1,1
2026-08-16,2026-08-16,1,0,2026-08-16T15:00:00+00:00,INT,International,489,Vereins-Freundschaftsspiele,calendar-2026-27,2026/27,5918243,10261,Newcastle,9848,Strasbourg,1,finished,FETCHED,COMPLETE,FULL_MATCH,1,1
2026-08-16,2026-08-16,1,0,2026-08-16T15:00:00+00:00,INT,International,489,Vereins-Freundschaftsspiele,calendar-2026-27,2026/27,5979020,10189,Schalke 04,8633,Real Madrid,1,finished,FETCHED,COMPLETE,FULL_MATCH,1,1
2026-08-16,2026-08-16,1,0,2026-08-16T15:10:00+00:00,SCO,Schottland,10791,SWPL 1,calendar-2026-27,2026/27,1000016454,294582,Glasgow City,1269308,Celtic,1,finished,FETCHED,COMPLETE,FULL_MATCH,0,0
2026-08-16,2026-08-16,1,0,2026-08-16T15:30:00+00:00,POL,Polen,196,Ekstraklasa,calendar-2026-27,2026/27,5803941,2186,Cracovia,4024,Raków Częstochowa,4,finished,FETCHED,COMPLETE,FULL_MATCH,2,2_PLUS
2026-08-16,2026-08-16,1,0,2026-08-16T15:30:00+00:00,ROU,Rumänien,189,Liga I,calendar-2026-27,2026/27,5853470,9736,Otelul Galati,480286,Universitatea Craiova,5,finished,FETCHED,COMPLETE,FULL_MATCH,2,2_PLUS
2026-08-16,2026-08-16,1,0,2026-08-16T15:30:00+00:00,RSA,Südafrika,537,Premier Soccer League,calendar-2026-27,2026/27,5955068,953498,TS Galaxy,102097,Lamontville Golden Arrows,Regular Season,finished,FETCHED,COMPLETE,FULL_MATCH,0,0
2026-08-16,2026-08-16,1,0,2026-08-16T16:00:00+00:00,PER,Peru,131,Liga 1,calendar-2026-27,2026/27,1000017197,1848,Sporting Cristal,165148,Sport Huancayo,Clausura - Round 5,finished,FETCHED,COMPLETE,FULL_MATCH,3,2_PLUS
2026-08-16,2026-08-16,1,0,2026-08-16T16:00:00+00:00,CAN,Kanada,9986,Premier League,calendar-2026-27,2026/27,5175946,1899648,Supra du Quebec,1135780,Atlético Ottawa,17,finished,FETCHED,COMPLETE,FULL_MATCH,3,2_PLUS
2026-08-16,2026-08-16,1,0,2026-08-16T16:00:00+00:00,DEN,Dänemark,46,Superligaen,calendar-2026-27,2026/27,5739483,8410,Randers FC,8391,FC København,4,finished,FETCHED,COMPLETE,FULL_MATCH,1,1
2026-08-16,2026-08-16,1,0,2026-08-16T16:00:00+00:00,ITA,Italien,141,Coppa Italia,calendar-2026-27,2026/27,5852779,9891,Frosinone,6106,Juve Stabia,1/32,finished,FETCHED,COMPLETE,FULL_MATCH,2,2_PLUS
2026-08-16,2026-08-16,1,0,2026-08-16T16:00:00+00:00,TUR,Türkei,71,Süper Lig,calendar-2026-27,2026/27,5904706,1933,Başakşehir,1569,Kocaelispor,1,finished,FETCHED,COMPLETE,FULL_MATCH,1,1
2026-08-16,2026-08-16,1,0,2026-08-16T16:00:00+00:00,TUR,Türkei,165,1. Lig,calendar-2026-27,2026/27,5908584,8387,Keçiörengücü,95745,Pendikspor,2,finished,FETCHED,COMPLETE,FULL_MATCH,2,2_PLUS
2026-08-16,2026-08-16,1,0,2026-08-16T16:00:00+00:00,TUR,Türkei,165,1. Lig,calendar-2026-27,2026/27,5908587,10182,Kayserispor,6265,Sivasspor,2,finished,FETCHED,COMPLETE,FULL_MATCH,0,0
2026-08-16,2026-08-16,1,0,2026-08-16T16:15:00+00:00,KSA,Saudi-Arabien,9942,King's Cup,calendar-2026-27,2026/27,5853716,1017726,Al Bukayriyah,101911,Al Hazem,1/16,finished,FETCHED,COMPLETE,FULL_MATCH,2,2_PLUS
2026-08-16,2026-08-16,1,0,2026-08-16T16:30:00+00:00,CHI,Chile,273,Liga de Primera,calendar-2026-27,2026/27,1000013202,49559,Ñublense,192435,Union La Calera,19,finished,FETCHED,COMPLETE,FULL_MATCH,1,1
2026-08-16,2026-08-16,1,0,2026-08-16T16:30:00+00:00,CRO,Kroatien,252,HNL,calendar-2026-27,2026/27,5765908,10165,NK Varazdin,10162,Rijeka,3,finished,FETCHED,COMPLETE,FULL_MATCH,0,0
2026-08-16,2026-08-16,1,0,2026-08-16T16:30:00+00:00,BEL,Belgien,40,First Division A,calendar-2026-27,2026/27,5811726,8203,KV Mechelen,9985,Standard Liege,2,finished,FETCHED,COMPLETE,FULL_MATCH,3,2_PLUS
2026-08-16,2026-08-16,1,0,2026-08-16T16:30:00+00:00,RUS,Russland,63,Premier League,calendar-2026-27,2026/27,5847143,49694,Baltika,8643,Spartak,4,finished,FETCHED,COMPLETE,FULL_MATCH,1,1
2026-08-16,2026-08-16,1,0,2026-08-16T16:30:00+00:00,ITA,Italien,141,Coppa Italia,calendar-2026-27,2026/27,5852780,10233,Genoa,8522,Ascoli,1/32,finished,FETCHED,COMPLETE,FULL_MATCH,2,2_PLUS
2026-08-16,2026-08-16,1,0,2026-08-16T16:40:00+00:00,KSA,Saudi-Arabien,9942,King's Cup,calendar-2026-27,2026/27,5853720,463259,Al-Orobah FC,150414,Abha,1/16,finished,FETCHED,COMPLETE,FULL_MATCH,0,0
2026-08-16,2026-08-16,1,0,2026-08-16T16:45:00+00:00,UAE,Vereinigte Arabische Emirate,538,Pro League,calendar-2026-27,2026/27,5898785,182933,Baniyas,102117,Al-Ain,1,finished,FETCHED,COMPLETE,FULL_MATCH,3,2_PLUS
2026-08-16,2026-08-16,1,0,2026-08-16T17:00:00+00:00,SRB,Serbien,182,Super Liga,calendar-2026-27,2026/27,1000015103,568569,FK IMT Beograd,6410,Radnicki Nis,5,finished,FETCHED,COMPLETE,FULL_MATCH,0,0
2026-08-16,2026-08-16,1,0,2026-08-16T17:00:00+00:00,SVK,Slowakei,176,1. liga,calendar-2026-27,2026/27,5772157,611956,Komarno,103598,DAC 1904 Dunajska Streda,4,finished,FETCHED,COMPLETE,FULL_MATCH,2,2_PLUS
2026-08-16,2026-08-16,1,0,2026-08-16T17:00:00+00:00,AUT,Österreich,38,Bundesliga,calendar-2026-27,2026/27,5845968,10015,Rapid Wien,10012,Grazer AK,3,finished,FETCHED,COMPLETE,FULL_MATCH,3,2_PLUS
2026-08-16,2026-08-16,1,0,2026-08-16T17:00:00+00:00,ESP,Spanien,87,LaLiga,calendar-2026-27,2026/27,5868015,8558,Espanyol,8581,Levante,1,finished,FETCHED,COMPLETE,FULL_MATCH,1,1
2026-08-16,2026-08-16,1,0,2026-08-16T17:00:00+00:00,ESP,Spanien,140,LaLiga2,calendar-2026-27,2026/27,5868395,7876,Burgos CF,7869,Cordoba,1,finished,FETCHED,COMPLETE,FULL_MATCH,1,1
2026-08-16,2026-08-16,1,0,2026-08-16T17:00:00+00:00,ESP,Spanien,140,LaLiga2,calendar-2026-27,2026/27,5868398,7732,Girona,7854,Leganes,1,finished,FETCHED,COMPLETE,FULL_MATCH,2,2_PLUS
2026-08-16,2026-08-16,1,0,2026-08-16T17:00:00+00:00,POR,Portugal,61,Liga Portugal,calendar-2026-27,2026/27,5887593,158085,Arouca,8348,Moreirense,2,finished,FETCHED,COMPLETE,FULL_MATCH,1,1
2026-08-16,2026-08-16,1,0,2026-08-16T17:15:00+00:00,NOR,Norwegen,59,Eliteserien,calendar-2026-27,2026/27,5104984,8417,Fredrikstad,8605,Kristiansund,18,finished,FETCHED,COMPLETE,FULL_MATCH,0,0
2026-08-16,2026-08-16,1,0,2026-08-16T17:15:00+00:00,BEL,Belgien,40,First Division A,calendar-2026-27,2026/27,5811727,6702,Lommel,9986,Sporting Charleroi,2,finished,FETCHED,COMPLETE,FULL_MATCH,1,1
2026-08-16,2026-08-16,1,0,2026-08-16T17:30:00+00:00,GER,Deutschland,208,3. Liga,calendar-2026-27,2026/27,5905865,8458,VfB Stuttgart II,276267,Viktoria Köln 1904,2,finished,FETCHED,COMPLETE,FULL_MATCH,3,2_PLUS
2026-08-16,2026-08-16,1,0,2026-08-16T18:00:00+00:00,MEX,Mexiko,230,Liga MX,calendar-2026-27,2026/27,1000014529,1946,Pumas,1943,Querétaro,4,finished,FETCHED,COMPLETE,FULL_MATCH,0,0
2026-08-16,2026-08-16,1,0,2026-08-16T18:00:00+00:00,ARG,Argentinien,112,Liga Profesional,calendar-2026-27,2026/27,5115946,202757,Sarmiento,10081,Huracan,5,finished,FETCHED,COMPLETE,FULL_MATCH,1,1
2026-08-16,2026-08-16,1,0,2026-08-16T18:00:00+00:00,ISL,Island,215,Besta deildin,calendar-2026-27,2026/27,5225706,8151,FH Hafnarfjordur,6017,Vikingur Reykjavik,19,finished,FETCHED,COMPLETE,FULL_MATCH,3,2_PLUS
2026-08-16,2026-08-16,1,0,2026-08-16T18:00:00+00:00,ISL,Island,215,Besta deildin,calendar-2026-27,2026/27,5225707,8130,KR Reykjavik,8332,Breidablik,19,finished,FETCHED,COMPLETE,FULL_MATCH,2,2_PLUS
2026-08-16,2026-08-16,1,0,2026-08-16T18:00:00+00:00,ISL,Island,215,Besta deildin,calendar-2026-27,2026/27,5225709,8299,IBV Vestmannaeyjar,8004,IA Akranes,19,finished,FETCHED,COMPLETE,FULL_MATCH,3,2_PLUS
2026-08-16,2026-08-16,1,0,2026-08-16T18:00:00+00:00,CZE,Tschechien,122,1. Liga,calendar-2026-27,2026/27,5831136,10245,Slovan Liberec,7787,Slavia Prague,4,finished,FETCHED,COMPLETE,FULL_MATCH,1,1
2026-08-16,2026-08-16,1,0,2026-08-16T18:00:00+00:00,KSA,Saudi-Arabien,9942,King's Cup,calendar-2026-27,2026/27,5853724,6354,Al-Wehda,101916,Al Shabab,1/16,finished,FETCHED,COMPLETE,FULL_MATCH,4,2_PLUS
2026-08-16,2026-08-16,1,0,2026-08-16T18:15:00+00:00,PER,Peru,131,Liga 1,calendar-2026-27,2026/27,1000017199,1573140,Club Deportivo Moquegua,4412,Sport Boys,Clausura - Round 5,finished,FETCHED,COMPLETE,FULL_MATCH,1,1
2026-08-16,2026-08-16,1,0,2026-08-16T18:15:00+00:00,POL,Polen,196,Ekstraklasa,calendar-2026-27,2026/27,5803942,8020,Górnik Zabrze,10265,Wisła Kraków,4,finished,FETCHED,COMPLETE,FULL_MATCH,2,2_PLUS
2026-08-16,2026-08-16,1,0,2026-08-16T18:30:00+00:00,ROU,Rumänien,189,Liga I,calendar-2026-27,2026/27,5853464,1515102,Corvinul Hunedoara,9731,CFR Cluj,5,finished,FETCHED,COMPLETE,FULL_MATCH,2,2_PLUS
2026-08-16,2026-08-16,1,0,2026-08-16T18:30:00+00:00,TUR,Türkei,71,Süper Lig,calendar-2026-27,2026/27,5904707,96498,Amed Sportif,281467,Erzurumspor FK,1,finished,FETCHED,COMPLETE,FULL_MATCH,3,2_PLUS
2026-08-16,2026-08-16,1,0,2026-08-16T18:30:00+00:00,TUR,Türkei,71,Süper Lig,calendar-2026-27,2026/27,5904711,10188,Beşiktaş,4681,Eyüpspor,1,finished,FETCHED,COMPLETE,FULL_MATCH,0,0
2026-08-16,2026-08-16,1,0,2026-08-16T18:30:00+00:00,TUR,Türkei,165,1. Lig,calendar-2026-27,2026/27,5908592,1088486,Mardin 1969 Spor,1931,Antalyaspor,2,finished,FETCHED,COMPLETE,FULL_MATCH,1,1
2026-08-16,2026-08-16,1,0,2026-08-16T18:30:00+00:00,TUR,Türkei,165,1. Lig,calendar-2026-27,2026/27,5908593,178387,Muglaspor,162975,Bandırmaspor,2,finished,FETCHED,COMPLETE,FULL_MATCH,0,0
2026-08-16,2026-08-16,1,0,2026-08-16T18:45:00+00:00,FRA,Frankreich,207,Trophée des champions,calendar-2026-27,2026/27,5740646,8588,Lens,9847,PSG,final,finished,FETCHED,COMPLETE,FULL_MATCH,0,0
2026-08-16,2026-08-16,1,0,2026-08-16T18:45:00+00:00,ITA,Italien,141,Coppa Italia,calendar-2026-27,2026/27,5852781,9876,Hellas Verona,208932,Virtus Entella,1/32,finished,FETCHED,COMPLETE,FULL_MATCH,1,1
2026-08-16,2026-08-16,1,0,2026-08-16T19:00:00+00:00,ECU,Ecuador,246,Serie A,calendar-2026-27,2026/27,1000009070,1014174,Orense,4144,Deportivo Cuenca,25,finished,FETCHED,COMPLETE,FULL_MATCH,2,2_PLUS
2026-08-16,2026-08-16,1,0,2026-08-16T19:00:00+00:00,CAN,Kanada,10872,Northern Super League,calendar-2026-27,2026/27,1000009205,1739721,AFC Toronto,1739717,Montreal Roses FC,Regular Season,finished,FETCHED,COMPLETE,FULL_MATCH,2,2_PLUS
2026-08-16,2026-08-16,1,0,2026-08-16T19:00:00+00:00,CHI,Chile,273,Liga de Primera,calendar-2026-27,2026/27,1000013197,4055,Cobresal,4134,Deportes Concepcion,19,finished,FETCHED,COMPLETE,FULL_MATCH,1,1
2026-08-16,2026-08-16,1,0,2026-08-16T19:00:00+00:00,SRB,Serbien,182,Super Liga,calendar-2026-27,2026/27,1000015101,6231,FK Zemun,1739,Mladost Lucani,5,finished,FETCHED,COMPLETE,FULL_MATCH,0,0
2026-08-16,2026-08-16,1,0,2026-08-16T19:00:00+00:00,SRB,Serbien,182,Super Liga,calendar-2026-27,2026/27,1000015102,7998,Partizan Beograd,1675,FK Radnicki 1923,5,finished,FETCHED,COMPLETE,FULL_MATCH,0,0
2026-08-16,2026-08-16,1,0,2026-08-16T19:00:00+00:00,PAR,Paraguay,199,Division Profesional,calendar-2026-27,2026/27,1000017376,49687,Luqueno,6620,Libertad,Clausura - Round 5,finished,FETCHED,COMPLETE,FULL_MATCH,1,1
2026-08-16,2026-08-16,1,0,2026-08-16T19:00:00+00:00,INT,International,10371,Women's Africa Cup of Nations,calendar-2026-27,2026/27,1000019082,316116,Cameroon,1302798,Malawi,Final,finished,FETCHED,COMPLETE,FULL_MATCH,0,0
2026-08-16,2026-08-16,1,0,2026-08-16T19:00:00+00:00,BRA,Brasilien,268,Serie A,calendar-2026-27,2026/27,5103585,10276,Vasco da Gama,8514,Santos FC,23,finished,FETCHED,COMPLETE,FULL_MATCH,3,2_PLUS
2026-08-16,2026-08-16,1,0,2026-08-16T19:00:00+00:00,BRA,Brasilien,268,Serie A,calendar-2026-27,2026/27,5103589,10272,Atletico MG,9769,Gremio,23,finished,FETCHED,COMPLETE,FULL_MATCH,2,2_PLUS
2026-08-16,2026-08-16,1,0,2026-08-16T19:00:00+00:00,CRO,Kroatien,252,HNL,calendar-2026-27,2026/27,5765905,206560,HNK Gorica,10154,Hajduk Split,3,finished,FETCHED,COMPLETE,FULL_MATCH,2,2_PLUS
2026-08-16,2026-08-16,1,0,2026-08-16T19:00:00+00:00,BOL,Bolivien,144,Primera Division,calendar-2026-27,2026/27,6000048,805913,Always Ready,1846,Real Potosi,15,finished,FETCHED,COMPLETE,FULL_MATCH,2,2_PLUS
2026-08-16,2026-08-16,1,0,2026-08-16T19:15:00+00:00,ITA,Italien,141,Coppa Italia,calendar-2026-27,2026/27,5852782,8543,Lazio,9889,Mantova,1/32,finished,FETCHED,COMPLETE,FULL_MATCH,2,2_PLUS
2026-08-16,2026-08-16,1,0,2026-08-16T19:30:00+00:00,ESP,Spanien,140,LaLiga2,calendar-2026-27,2026/27,5868399,8306,Las Palmas,8393,Albacete,1,finished,FETCHED,COMPLETE,FULL_MATCH,2,2_PLUS
2026-08-16,2026-08-16,1,0,2026-08-16T19:30:00+00:00,POR,Portugal,61,Liga Portugal,calendar-2026-27,2026/27,5887596,1634,Famalicao,10212,Maritimo,2,finished,FETCHED,COMPLETE,FULL_MATCH,1,1
2026-08-16,2026-08-16,1,0,2026-08-16T20:00:00+00:00,CAN,Kanada,9986,Premier League,calendar-2026-27,2026/27,1000008689,1022954,Inter Toronto FC,1022948,HFX Wanderers FC,17,finished,FETCHED,COMPLETE,FULL_MATCH,3,2_PLUS
2026-08-16,2026-08-16,1,0,2026-08-16T20:30:00+00:00,PER,Peru,131,Liga 1,calendar-2026-27,2026/27,1000017198,1696744,FC Cajamarca,4409,Universitario de Deportes,Clausura - Round 5,finished,FETCHED,COMPLETE,FULL_MATCH,2,2_PLUS
2026-08-16,2026-08-16,1,0,2026-08-16T21:00:00+00:00,VEN,Venezuela,339,Primera Division,calendar-2026-27,2026/27,1000018875,1896,Deportivo Tachira,49683,Monagas SC,Clausura - Round 4,finished,FETCHED,COMPLETE,FULL_MATCH,3,2_PLUS
2026-08-16,2026-08-16,1,0,2026-08-16T21:00:00+00:00,ARG,Argentinien,112,Liga Profesional,calendar-2026-27,2026/27,5115944,10076,River Plate,10086,Argentinos Juniors,5,finished,FETCHED,COMPLETE,FULL_MATCH,1,1
2026-08-16,2026-08-16,1,0,2026-08-16T21:15:00+00:00,ECU,Ecuador,246,Serie A,calendar-2026-27,2026/27,1000009068,1850,Emelec,113054,Tecnico Universitario,25,finished,FETCHED,COMPLETE,FULL_MATCH,1,1
2026-08-16,2026-08-16,1,0,2026-08-16T21:15:00+00:00,BOL,Bolivien,144,Primera Division,calendar-2026-27,2026/27,6000049,164353,Nacional Potosi,1297346,ABB,15,finished,FETCHED,COMPLETE,FULL_MATCH,1,1
2026-08-16,2026-08-16,1,0,2026-08-16T21:30:00+00:00,CHI,Chile,273,Liga de Primera,calendar-2026-27,2026/27,1000013196,7815,Colo Colo,6296,O'Higgins,19,finished,FETCHED,COMPLETE,FULL_MATCH,4,2_PLUS
2026-08-16,2026-08-16,1,0,2026-08-16T21:30:00+00:00,PAR,Paraguay,199,Division Profesional,calendar-2026-27,2026/27,1000017380,6619,Olimpia,1242560,Sportivo Ameliano,Clausura - Round 5,finished,FETCHED,COMPLETE,FULL_MATCH,3,2_PLUS
2026-08-16,2026-08-16,1,0,2026-08-16T21:30:00+00:00,BRA,Brasilien,268,Serie A,calendar-2026-27,2026/27,5103588,163782,Mirassol,9770,Flamengo,23,finished,FETCHED,COMPLETE,FULL_MATCH,5,2_PLUS
2026-08-16,2026-08-16,1,0,2026-08-16T21:30:00+00:00,BRA,Brasilien,268,Serie A,calendar-2026-27,2026/27,5103592,7733,Vitoria,8517,Botafogo RJ,23,finished,FETCHED,COMPLETE,FULL_MATCH,0,0
2026-08-16,2026-08-16,1,0,2026-08-16T21:30:00+00:00,BRA,Brasilien,8814,Serie B,calendar-2026-27,2026/27,5190651,1757,America MG,1221604,Athletic Club,22,finished,FETCHED,COMPLETE,FULL_MATCH,3,2_PLUS
2026-08-16,2026-08-16,1,0,2026-08-16T21:30:00+00:00,BRA,Brasilien,8814,Serie B,calendar-2026-27,2026/27,5190657,104821,CRB,581838,Novorizontino,22,finished,FETCHED,COMPLETE,FULL_MATCH,0,0
2026-08-16,"2026-08-16,2026-08-17",2,1,2026-08-16T22:00:00+00:00,USA,USA,10282,MLS Next Pro,calendar-2026-27,2026/27,1000008071,1348109,FC Cincinnati 2,1880719,Connecticut United,25,finished,FETCHED,COMPLETE,FULL_MATCH,2,2_PLUS
2026-08-16,"2026-08-16,2026-08-17",2,1,2026-08-16T22:00:00+00:00,USA,USA,130,MLS,calendar-2026-27,2026/27,5071273,6397,Chicago,307690,Portland,19,finished,FETCHED,COMPLETE,FULL_MATCH,1,1
2026-08-16,"2026-08-16,2026-08-17",2,1,2026-08-16T22:00:00+00:00,USA,USA,130,MLS,calendar-2026-27,2026/27,5071274,546238,NYCFC,191716,Philadelphia,19,finished,FETCHED,COMPLETE,FULL_MATCH,3,2_PLUS
2026-08-16,"2026-08-16,2026-08-17",2,1,2026-08-16T22:30:00+00:00,VEN,Venezuela,339,Primera Division,calendar-2026-27,2026/27,1000018879,176496,Deportivo La Guaira,49686,Zamora FC,Clausura - Round 4,finished,FETCHED,COMPLETE,FULL_MATCH,3,2_PLUS
2026-08-16,"2026-08-16,2026-08-17",2,1,2026-08-16T22:30:00+00:00,BRA,Brasilien,268,Serie A,calendar-2026-27,2026/27,5103587,9808,Corinthians,9781,Cruzeiro,23,finished,FETCHED,COMPLETE,FULL_MATCH,2,2_PLUS
2026-08-16,"2026-08-16,2026-08-17",2,1,2026-08-16T22:30:00+00:00,USA,USA,9296,USL League One,calendar-2026-27,2026/27,5109507,1701883,Portland Hearts of Pine,1004919,Forward Madison FC,24,finished,FETCHED,COMPLETE,FULL_MATCH,2,2_PLUS
2026-08-16,"2026-08-16,2026-08-17",2,1,2026-08-16T23:00:00+00:00,USA,USA,10282,MLS Next Pro,calendar-2026-27,2026/27,1000007713,1445755,Huntsville City FC,1348111,Inter Miami CF II,25,finished,FETCHED,COMPLETE,FULL_MATCH,2,2_PLUS
2026-08-16,"2026-08-16,2026-08-17",2,1,2026-08-16T23:00:00+00:00,USA,USA,10282,MLS Next Pro,calendar-2026-27,2026/27,1000007714,1121686,New England Revolution II,722264,Philadelphia Union II,25,finished,FETCHED,COMPLETE,FULL_MATCH,2,2_PLUS
2026-08-16,"2026-08-16,2026-08-17",2,1,2026-08-16T23:00:00+00:00,MEX,Mexiko,230,Liga MX,calendar-2026-27,2026/27,1000014530,6576,América,6358,San Luis,4,finished,FETCHED,COMPLETE,FULL_MATCH,2,2_PLUS
2026-08-16,"2026-08-16,2026-08-17",2,1,2026-08-16T23:00:00+00:00,VEN,Venezuela,339,Primera Division,calendar-2026-27,2026/27,1000018880,49681,Carabobo FC,365280,Metropolitanos FC,Clausura - Round 4,finished,FETCHED,COMPLETE,FULL_MATCH,1,1
2026-08-16,"2026-08-16,2026-08-17",2,1,2026-08-16T23:00:00+00:00,USA,USA,9296,USL League One,calendar-2026-27,2026/27,5109508,1121685,Union Omaha,267811,Richmond Kickers,24,finished,FETCHED,COMPLETE,FULL_MATCH,2,2_PLUS
2026-08-16,"2026-08-16,2026-08-17",2,1,2026-08-16T23:00:00+00:00,USA,USA,9134,NWSL,calendar-2026-27,2026/27,5161604,243295,North Carolina Courage (W),521233,Houston Dash (W),0,finished,FETCHED,COMPLETE,FULL_MATCH,3,2_PLUS
2026-08-16,"2026-08-16,2026-08-17",2,1,2026-08-16T23:15:00+00:00,ARG,Argentinien,112,Liga Profesional,calendar-2026-27,2026/27,5115936,213596,Central Cordoba de Santiago,10090,Instituto,5,finished,FETCHED,COMPLETE,FULL_MATCH,1,1
2026-08-16,"2026-08-16,2026-08-17",2,1,2026-08-16T23:30:00+00:00,PER,Peru,131,Liga 1,calendar-2026-27,2026/27,1000017196,1845,Cienciano,920788,Deportivo Garcilaso,Clausura - Round 5,finished,FETCHED,COMPLETE,FULL_MATCH,0,0
2026-08-16,"2026-08-16,2026-08-17",2,1,2026-08-17T00:00:00+00:00,ECU,Ecuador,246,Serie A,calendar-2026-27,2026/27,1000009066,6608,Aucas,6721,LDU de Quito,25,finished,FETCHED,COMPLETE,FULL_MATCH,0,0
2026-08-16,"2026-08-16,2026-08-17",2,1,2026-08-17T00:00:00+00:00,ARG,Argentinien,112,Liga Profesional,calendar-2026-27,2026/27,5115934,213534,Barracas Central,10084,Rosario Central,5,finished,FETCHED,COMPLETE,FULL_MATCH,0,0
2026-08-16,"2026-08-16,2026-08-17",2,1,2026-08-17T00:30:00+00:00,USA,USA,130,MLS,calendar-2026-27,2026/27,5071266,1218886,Austin FC,6399,Dallas,19,finished,FETCHED,COMPLETE,FULL_MATCH,2,2_PLUS
2026-08-16,"2026-08-16,2026-08-17",2,1,2026-08-17T01:00:00+00:00,USA,USA,9134,NWSL,calendar-2026-27,2026/27,5161605,1335914,Angel City FC (W),433030,Washington Spirit (W),0,finished,FETCHED,COMPLETE,FULL_MATCH,2,2_PLUS
2026-08-16,"2026-08-16,2026-08-17",2,1,2026-08-17T01:10:00+00:00,MEX,Mexiko,230,Liga MX,calendar-2026-27,2026/27,1000014531,7857,Santos,7807,Chivas,4,finished,FETCHED,COMPLETE,FULL_MATCH,1,1
2026-08-16,"2026-08-16,2026-08-17",2,1,2026-08-17T01:30:00+00:00,BOL,Bolivien,144,Primera Division,calendar-2026-27,2026/27,6000050,958325,Independiente Petrolero,1504770,GV San Jose,15,finished,FETCHED,COMPLETE,FULL_MATCH,0,0
2026-08-16,"2026-08-16,2026-08-17",2,1,2026-08-17T02:00:00+00:00,USA,USA,10282,MLS Next Pro,calendar-2026-27,2026/27,1000007716,1451871,Los Angeles FC II,614327,Tacoma Defiance,25,finished,FETCHED,COMPLETE,FULL_MATCH,4,2_PLUS
2026-08-16,"2026-08-16,2026-08-17",2,1,2026-08-17T02:30:00+00:00,USA,USA,10282,MLS Next Pro,calendar-2026-27,2026/27,1000007712,1348115,San Jose Earthquakes II,1346404,St. Louis City 2,25,finished,FETCHED,COMPLETE,FULL_MATCH,1,1
2026-08-16,"2026-08-16,2026-08-17",2,1,2026-08-17T02:30:00+00:00,USA,USA,130,MLS,calendar-2026-27,2026/27,5071275,130394,Seattle Sounders,307691,Vancouver,19,finished,FETCHED,COMPLETE,FULL_MATCH,2,2_PLUS
2026-08-16,"2026-08-16,2026-08-17",2,1,2026-08-17T03:00:00+00:00,MEX,Mexiko,230,Liga MX,calendar-2026-27,2026/27,1000014532,162418,Tijuana,6578,Cruz Azul,4,finished,FETCHED,COMPLETE,FULL_MATCH,1,1
2026-08-17,2026-08-17,1,0,2026-08-17T15:00:00+00:00,FIN,Finnland,51,Veikkausliiga,calendar-2026-27,2026/27,5147626,2361,IF Gnistan,162146,Ilves,20,finished,FETCHED,COMPLETE,FULL_MATCH,1,1
2026-08-17,2026-08-17,1,0,2026-08-17T15:30:00+00:00,ROU,Rumänien,189,Liga I,calendar-2026-27,2026/27,5853471,89022,Universitatea Cluj,584663,UTA Arad,5,finished,FETCHED,COMPLETE,FULL_MATCH,2,2_PLUS
2026-08-17,2026-08-17,1,0,2026-08-17T16:00:00+00:00,ITA,Italien,141,Coppa Italia,calendar-2026-27,2026/27,5852783,6479,Pisa,8534,Empoli,1/32,finished,FETCHED,COMPLETE,FULL_MATCH,1,1
2026-08-17,2026-08-17,1,0,2026-08-17T16:00:00+00:00,KSA,Saudi-Arabien,9942,King's Cup,calendar-2026-27,2026/27,5853715,1896040,Al Anwar,2530,Al Ahli,1/16,finished,FETCHED,COMPLETE,FULL_MATCH,3,2_PLUS
2026-08-17,2026-08-17,1,0,2026-08-17T16:15:00+00:00,KSA,Saudi-Arabien,9942,King's Cup,calendar-2026-27,2026/27,5853725,1699506,Al-Zulfi,582739,Al Riyadh,1/16,finished,FETCHED,COMPLETE,FULL_MATCH,1,1
2026-08-17,2026-08-17,1,0,2026-08-17T16:30:00+00:00,ITA,Italien,141,Coppa Italia,calendar-2026-27,2026/27,5852784,7943,Sassuolo,584022,Cesena,1/32,finished,FETCHED,COMPLETE,FULL_MATCH,1,1
2026-08-17,2026-08-17,1,0,2026-08-17T17:00:00+00:00,SWE,Schweden,67,Allsvenskan,calendar-2026-27,2026/27,5107567,8428,Häcken,8310,Halmstads BK,17,finished,FETCHED,COMPLETE,FULL_MATCH,0,0
2026-08-17,2026-08-17,1,0,2026-08-17T17:00:00+00:00,DEN,Dänemark,46,Superligaen,calendar-2026-27,2026/27,5739484,8595,Brøndby IF,8487,Sønderjyske,4,finished,FETCHED,COMPLETE,FULL_MATCH,2,2_PLUS
2026-08-17,2026-08-17,1,0,2026-08-17T17:00:00+00:00,ESP,Spanien,140,LaLiga2,calendar-2026-27,2026/27,5868403,9869,Sporting Gijon,4033,Sabadell,1,finished,FETCHED,COMPLETE,FULL_MATCH,0,0
2026-08-17,2026-08-17,1,0,2026-08-17T17:45:00+00:00,ARG,Argentinien,112,Liga Profesional,calendar-2026-27,2026/27,5115938,213591,Estudiantes de Rio Cuarto,161727,Atletico Tucuman,5,finished,FETCHED,COMPLETE,FULL_MATCH,1,1
2026-08-17,2026-08-17,1,0,2026-08-17T18:00:00+00:00,SRB,Serbien,182,Super Liga,calendar-2026-27,2026/27,1000015098,187854,Novi Pazar,6406,Vojvodina,5,finished,FETCHED,COMPLETE,FULL_MATCH,1,1
2026-08-17,2026-08-17,1,0,2026-08-17T18:00:00+00:00,BEL,Belgien,264,First Division B,calendar-2026-27,2026/27,1000015438,6363,FC Liege,96953,Francs Borains,1,finished,FETCHED,COMPLETE,FULL_MATCH,3,2_PLUS
2026-08-17,2026-08-17,1,0,2026-08-17T18:00:00+00:00,ISL,Island,215,Besta deildin,calendar-2026-27,2026/27,5225710,8064,Valur,2165,KA Akureyri,19,finished,FETCHED,COMPLETE,FULL_MATCH,4,2_PLUS
2026-08-17,2026-08-17,1,0,2026-08-17T18:00:00+00:00,NED,Niederlande,111,Eerste Divisie,calendar-2026-27,2026/27,5832822,8526,De Graafschap,681217,Jong AZ Alkmaar,2,finished,FETCHED,COMPLETE,FULL_MATCH,5,2_PLUS
2026-08-17,2026-08-17,1,0,2026-08-17T18:00:00+00:00,NED,Niederlande,111,Eerste Divisie,calendar-2026-27,2026/27,5832823,163363,Jong Ajax,6660,FC Emmen,2,finished,FETCHED,COMPLETE,FULL_MATCH,4,2_PLUS
2026-08-17,2026-08-17,1,0,2026-08-17T18:00:00+00:00,NED,Niederlande,111,Eerste Divisie,calendar-2026-27,2026/27,5832824,278960,Jong FC Utrecht,8277,Vitesse,2,finished,FETCHED,COMPLETE,FULL_MATCH,2,2_PLUS
2026-08-17,2026-08-17,1,0,2026-08-17T18:00:00+00:00,KSA,Saudi-Arabien,9942,King's Cup,calendar-2026-27,2026/27,5853714,582816,Al-Adalah,582749,Al-Fayha,1/16,finished,FETCHED,COMPLETE,FULL_MATCH,0,0
2026-08-17,2026-08-17,1,0,2026-08-17T18:00:00+00:00,KSA,Saudi-Arabien,9942,King's Cup,calendar-2026-27,2026/27,5853721,150413,Al-Raed,2529,Al Hilal,1/16,finished,FETCHED,COMPLETE,FULL_MATCH,1,1
2026-08-17,2026-08-17,1,0,2026-08-17T18:30:00+00:00,ROU,Rumänien,189,Liga I,calendar-2026-27,2026/27,5853468,9723,FCSB,188191,Botosani,5,finished,FETCHED,COMPLETE,FULL_MATCH,3,2_PLUS
2026-08-17,2026-08-17,1,0,2026-08-17T18:30:00+00:00,TUR,Türkei,71,Süper Lig,calendar-2026-27,2026/27,5904712,9750,Samsunspor,1925,Göztepe,1,finished,FETCHED,COMPLETE,FULL_MATCH,3,2_PLUS
2026-08-17,2026-08-17,1,0,2026-08-17T18:30:00+00:00,TUR,Türkei,165,1. Lig,calendar-2026-27,2026/27,5908591,163008,Batman Petrolspor,4675,Boluspor,2,finished,FETCHED,COMPLETE,FULL_MATCH,1,1
2026-08-17,2026-08-17,1,0,2026-08-17T18:45:00+00:00,ITA,Italien,141,Coppa Italia,calendar-2026-27,2026/27,5852785,7801,Cremonese,9882,Sampdoria,1/32,finished,FETCHED,COMPLETE,FULL_MATCH,1,1
2026-08-17,2026-08-17,1,0,2026-08-17T19:00:00+00:00,ENG,England,48,Championship,calendar-2026-27,2026/27,5836765,8344,Cardiff,9841,Wrexham,1,finished,FETCHED,COMPLETE,FULL_MATCH,1,1
2026-08-17,2026-08-17,1,0,2026-08-17T19:00:00+00:00,ESP,Spanien,87,LaLiga,calendar-2026-27,2026/27,5868014,9783,Deportivo A Coruña,10268,Elche,1,finished,FETCHED,COMPLETE,FULL_MATCH,1,1
2026-08-17,2026-08-17,1,0,2026-08-17T19:15:00+00:00,ISL,Island,215,Besta deildin,calendar-2026-27,2026/27,5225711,6291,Fram Reykjavik,6343,Stjarnan,19,finished,FETCHED,COMPLETE,FULL_MATCH,1,1
2026-08-17,2026-08-17,1,0,2026-08-17T19:15:00+00:00,ITA,Italien,141,Coppa Italia,calendar-2026-27,2026/27,5852786,8540,Palermo,9888,Lecce,1/32,finished,FETCHED,COMPLETE,FULL_MATCH,0,0
2026-08-17,2026-08-17,1,0,2026-08-17T19:15:00+00:00,POR,Portugal,61,Liga Portugal,calendar-2026-27,2026/27,5887595,212821,Casa Pia AC,9772,Benfica,2,finished,FETCHED,COMPLETE,FULL_MATCH,5,2_PLUS
2026-08-17,2026-08-17,1,0,2026-08-17T19:30:00+00:00,ESP,Spanien,140,LaLiga2,calendar-2026-27,2026/27,5868393,9865,Almeria,8288,Eldense,1,finished,FETCHED,COMPLETE,FULL_MATCH,0,0
2026-08-17,2026-08-17,1,0,2026-08-17T20:00:00+00:00,ARG,Argentinien,112,Liga Profesional,calendar-2026-27,2026/27,5115940,10082,Lanus,10078,Independiente,5,finished,FETCHED,COMPLETE,FULL_MATCH,3,2_PLUS
2026-08-17,"2026-08-17,2026-08-18",2,1,2026-08-17T22:15:00+00:00,ARG,Argentinien,112,Liga Profesional,calendar-2026-27,2026/27,5115947,10079,Velez Sarsfield,161730,Defensa y Justicia,5,finished,FETCHED,COMPLETE,FULL_MATCH,1,1
2026-08-17,"2026-08-17,2026-08-18",2,1,2026-08-17T23:00:00+00:00,BRA,Brasilien,268,Serie A,calendar-2026-27,2026/27,5103590,8702,Internacional,1626,Remo,23,finished,FETCHED,COMPLETE,FULL_MATCH,1,1
2026-08-17,"2026-08-17,2026-08-18",2,1,2026-08-18T00:00:00+00:00,ECU,Ecuador,246,Serie A,calendar-2026-27,2026/27,1000009067,6609,CSD Macara,113053,Universidad Catolica,25,finished,FETCHED,COMPLETE,FULL_MATCH,2,2_PLUS
2026-08-17,"2026-08-17,2026-08-18",2,1,2026-08-18T00:30:00+00:00,CHI,Chile,273,Liga de Primera,calendar-2026-27,2026/27,1000013201,6455,Palestino,4056,Huachipato,19,finished,FETCHED,COMPLETE,FULL_MATCH,4,2_PLUS
2026-08-17,"2026-08-17,2026-08-18",2,1,2026-08-18T00:30:00+00:00,ARG,Argentinien,112,Liga Profesional,calendar-2026-27,2026/27,5115939,568727,Gimnasia Mendoza,10101,Talleres,5,finished,FETCHED,COMPLETE,FULL_MATCH,2,2_PLUS
2026-08-17,"2026-08-17,2026-08-18",2,1,2026-08-18T01:00:00+00:00,MEX,Mexiko,230,Liga MX,calendar-2026-27,2026/27,1000014533,1842,Necaxa,1841,León,4,finished,FETCHED,COMPLETE,FULL_MATCH,2,2_PLUS
2026-08-17,"2026-08-17,2026-08-18",2,1,2026-08-18T03:06:00+00:00,MEX,Mexiko,230,Liga MX,calendar-2026-27,2026/27,1000014534,7848,Pachuca,7847,Puebla,4,finished,FETCHED,COMPLETE,FULL_MATCH,2,2_PLUS
2026-08-18,2026-08-18,1,0,2026-08-18T09:30:00+00:00,AUS,Australien,9471,Australia Cup,calendar-2026-27,2026/27,6014074,1119620,SD Raiders FC,10164,Sydney FC,1/4,finished,FETCHED,COMPLETE,FULL_MATCH,0,0
2026-08-18,2026-08-18,1,0,2026-08-18T13:00:00+00:00,INT,International,9265,ASEAN Championship,calendar-2026-27,2026/27,5844765,5788,Thailand,5825,Singapore,1/2,finished,FETCHED,COMPLETE,FULL_MATCH,2,2_PLUS
2026-08-18,2026-08-18,1,0,2026-08-18T15:00:00+00:00,USA,USA,10282,MLS Next Pro,calendar-2026-27,2026/27,1000007717,915806,Atlanta United 2,1348118,Chicago Fire FC II,26,finished,FETCHED,COMPLETE,FULL_MATCH,1,1
2026-08-18,2026-08-18,1,0,2026-08-18T16:00:00+00:00,INT,International,489,Vereins-Freundschaftsspiele,calendar-2026-27,2026/27,6000509,94937,FC Heidenheim,9823,Bayern München,1,finished,FETCHED,COMPLETE,FULL_MATCH,3,2_PLUS
2026-08-18,2026-08-18,1,0,2026-08-18T16:15:00+00:00,KSA,Saudi-Arabien,9942,King's Cup,calendar-2026-27,2026/27,5853719,1115133,Al Jabalain,101915,Al-Ettifaq,1/16,finished,FETCHED,COMPLETE,FULL_MATCH,0,0
2026-08-18,2026-08-18,1,0,2026-08-18T16:15:00+00:00,KSA,Saudi-Arabien,9942,King's Cup,calendar-2026-27,2026/27,5853726,1523707,Al Najma,8577,Al Ittihad,1/16,finished,FETCHED,COMPLETE,FULL_MATCH,1,1
2026-08-18,2026-08-18,1,0,2026-08-18T16:15:00+00:00,KSA,Saudi-Arabien,9942,King's Cup,calendar-2026-27,2026/27,5853727,582759,Al Akhdoud,550433,Al Khaleej,1/16,finished,FETCHED,COMPLETE,FULL_MATCH,1,1
2026-08-18,2026-08-18,1,0,2026-08-18T18:00:00+00:00,KSA,Saudi-Arabien,9942,King's Cup,calendar-2026-27,2026/27,5853717,1787233,Al Diriyah,101918,Al Nassr FC,1/16,finished,FETCHED,COMPLETE,FULL_MATCH,1,1
2026-08-18,2026-08-18,1,0,2026-08-18T18:00:00+00:00,KSA,Saudi-Arabien,9942,King's Cup,calendar-2026-27,2026/27,5853718,205687,Al-Faisaly,1699505,Neom SC,1/16,finished,FETCHED,COMPLETE,FULL_MATCH,1,1
2026-08-18,2026-08-18,1,0,2026-08-18T18:00:00+00:00,ENG,England,10705,National League Cup,calendar-2026-27,2026/27,6000868,10195,FC Halifax Town,773680,Derby County U21,1,finished,FETCHED,COMPLETE,FULL_MATCH,3,2_PLUS
2026-08-18,2026-08-18,1,0,2026-08-18T18:00:00+00:00,ENG,England,10705,National League Cup,calendar-2026-27,2026/27,6000869,6189,Gateshead FC,1389162,Nottingham Forest U21,1,finished,FETCHED,COMPLETE,FULL_MATCH,2,2_PLUS
2026-08-18,2026-08-18,1,0,2026-08-18T18:00:00+00:00,ENG,England,10705,National League Cup,calendar-2026-27,2026/27,6000871,161812,Wealdstone,773683,Wolverhampton Wanderers U21,1,finished,FETCHED,COMPLETE,FULL_MATCH,4,2_PLUS
2026-08-18,2026-08-18,1,0,2026-08-18T18:00:00+00:00,ENG,England,10705,National League Cup,calendar-2026-27,2026/27,6000906,2488,Boreham Wood,1177187,Leeds United U21,1,finished,FETCHED,COMPLETE,FULL_MATCH,2,2_PLUS
2026-08-18,2026-08-18,1,0,2026-08-18T18:00:00+00:00,ENG,England,10705,National League Cup,calendar-2026-27,2026/27,6000907,161801,Solihull Moors,773660,Middlesbrough U21,3,finished,FETCHED,COMPLETE,FULL_MATCH,1,1
2026-08-18,2026-08-18,1,0,2026-08-18T18:00:00+00:00,ENG,England,10705,National League Cup,calendar-2026-27,2026/27,6000923,158316,Sutton United,773642,Leicester City U21,1,finished,FETCHED,COMPLETE,FULL_MATCH,0,0
2026-08-18,2026-08-18,1,0,2026-08-18T18:00:00+00:00,ENG,England,10705,National League Cup,calendar-2026-27,2026/27,6000924,177067,Truro City,773645,Southampton U21,1,finished,FETCHED,COMPLETE,FULL_MATCH,3,2_PLUS
2026-08-18,2026-08-18,1,0,2026-08-18T18:00:00+00:00,ENG,England,142,EFL Trophy,calendar-2026-27,2026/27,6014858,8528,Wigan,1070261,Aston Villa U21,1,finished,FETCHED,COMPLETE,FULL_MATCH,3,2_PLUS
2026-08-18,2026-08-18,1,0,2026-08-18T18:00:00+00:00,ENG,England,142,EFL Trophy,calendar-2026-27,2026/27,6015011,10007,Stockport County,773653,Everton U21,1,finished,FETCHED,COMPLETE,FULL_MATCH,6,2_PLUS
2026-08-18,2026-08-18,1,0,2026-08-18T18:00:00+00:00,ENG,England,142,EFL Trophy,calendar-2026-27,2026/27,6016303,9798,Reading,8676,Wycombe,1,finished,FETCHED,COMPLETE,FULL_MATCH,2,2_PLUS
2026-08-18,2026-08-18,1,0,2026-08-18T18:00:00+00:00,ENG,England,142,EFL Trophy,calendar-2026-27,2026/27,6016321,8651,Northampton,773678,Brighton & Hove Albion U21,1,finished,FETCHED,COMPLETE,FULL_MATCH,1,1
2026-08-18,2026-08-18,1,0,2026-08-18T18:00:00+00:00,ENG,England,142,EFL Trophy,calendar-2026-27,2026/27,6016337,8351,Leyton Orient,158319,Wimbledon,1,finished,FETCHED,COMPLETE,FULL_MATCH,1,1
2026-08-18,2026-08-18,1,0,2026-08-18T18:30:00+00:00,ENG,England,10705,National League Cup,calendar-2026-27,2026/27,6000889,5763,Braintree Town,1796115,Ipswich Town U21,1,finished,FETCHED,COMPLETE,FULL_MATCH,2,2_PLUS
2026-08-18,2026-08-18,1,0,2026-08-18T18:30:00+00:00,ENG,England,10705,National League Cup,calendar-2026-27,2026/27,6000890,282351,Worthing,773649,West Ham United U21,1,finished,FETCHED,COMPLETE,FULL_MATCH,2,2_PLUS
2026-08-18,2026-08-18,1,0,2026-08-18T18:45:00+00:00,ENG,England,10705,National League Cup,calendar-2026-27,2026/27,6000891,8465,Aldershot Town,860801,Fulham U21,1,finished,FETCHED,COMPLETE,FULL_MATCH,1,1
2026-08-18,2026-08-18,1,0,2026-08-18T18:45:00+00:00,ENG,England,10705,National League Cup,calendar-2026-27,2026/27,6000908,10254,Tamworth,860798,Newcastle United U21,3,finished,FETCHED,COMPLETE,FULL_MATCH,4,2_PLUS
2026-08-18,2026-08-18,1,0,2026-08-18T18:45:00+00:00,ENG,England,10705,National League Cup,calendar-2026-27,2026/27,6000925,8345,Woking,773656,West Bromwich Albion U21,1,finished,FETCHED,COMPLETE,FULL_MATCH,0,0
2026-08-18,2026-08-18,1,0,2026-08-18T18:45:00+00:00,ENG,England,142,EFL Trophy,calendar-2026-27,2026/27,6016338,8175,Barnet,950214,Arsenal U21,1,finished,FETCHED,COMPLETE,FULL_MATCH,2,2_PLUS
2026-08-18,2026-08-18,1,0,2026-08-18T19:00:00+00:00,INT,International,10611,Champions League Qualifikation,calendar-2026-27,2026/27,5987798,8632,Levski Sofia,8563,AEK Athens,final,finished,FETCHED,COMPLETE,FULL_MATCH,0,0
2026-08-18,2026-08-18,1,0,2026-08-18T19:00:00+00:00,INT,International,10611,Champions League Qualifikation,calendar-2026-27,2026/27,5987800,10156,Dinamo Zagreb,8478,Viking,final,finished,FETCHED,COMPLETE,FULL_MATCH,0,0
2026-08-18,2026-08-18,1,0,2026-08-18T19:00:00+00:00,INT,International,10611,Champions League Qualifikation,calendar-2026-27,2026/27,5987803,8695,Fenerbahçe,9748,Lyon,final,finished,FETCHED,COMPLETE,FULL_MATCH,1,1
2026-08-18,2026-08-18,1,0,2026-08-18T20:00:00+00:00,ARG,Argentinien,9305,Copa Argentina,calendar-2026-27,2026/27,1000017715,298629,Deportivo Riestra,10103,Gimnasia LP,8th Finals,finished,FETCHED,COMPLETE,FULL_MATCH,1,1
2026-08-18,"2026-08-18,2026-08-19",2,1,2026-08-18T22:00:00+00:00,INT,International,45,Copa Libertadores,calendar-2026-27,2026/27,1000012929,161729,Independiente Rivadavia,9863,Fluminense,8th Finals,finished,FETCHED,COMPLETE,FULL_MATCH,2,2_PLUS
2026-08-18,"2026-08-18,2026-08-19",2,1,2026-08-18T22:00:00+00:00,INT,International,299,Copa Sudamericana,calendar-2026-27,2026/27,1000013044,1427854,Recoleta,10077,Boca Juniors,8th Finals,finished,FETCHED,COMPLETE,FULL_MATCH,2,2_PLUS
2026-08-18,"2026-08-18,2026-08-19",2,1,2026-08-18T22:30:00+00:00,BRA,Brasilien,8814,Serie B,calendar-2026-27,2026/27,5190662,298660,Londrina EC,165545,Atlético-GO,23,finished,FETCHED,COMPLETE,FULL_MATCH,0,0
2026-08-18,"2026-08-18,2026-08-19",2,1,2026-08-19T00:15:00+00:00,ARG,Argentinien,9305,Copa Argentina,calendar-2026-27,2026/27,1000011148,10087,Banfield,425965,CA Ferrocarril Midland,8th Finals,finished,FETCHED,COMPLETE,FULL_MATCH,2,2_PLUS
2026-08-18,"2026-08-18,2026-08-19",2,1,2026-08-19T00:30:00+00:00,INT,International,45,Copa Libertadores,calendar-2026-27,2026/27,1000012920,6458,Universidad Catolica,10094,Estudiantes,8th Finals,finished,FETCHED,COMPLETE,FULL_MATCH,2,2_PLUS
2026-08-18,"2026-08-18,2026-08-19",2,1,2026-08-19T00:30:00+00:00,INT,International,45,Copa Libertadores,calendar-2026-27,2026/27,1000012930,1894,Tolima,192875,Independiente del Valle,8th Finals,finished,FETCHED,COMPLETE,FULL_MATCH,0,0
2026-08-18,"2026-08-18,2026-08-19",2,1,2026-08-19T00:30:00+00:00,INT,International,299,Copa Sudamericana,calendar-2026-27,2026/27,1000013055,10277,São Paulo,5983,Bolivar,8th Finals,finished,FETCHED,COMPLETE,FULL_MATCH,3,2_PLUS
2026-08-18,"2026-08-18,2026-08-19",2,1,2026-08-19T00:30:00+00:00,BRA,Brasilien,8814,Serie B,calendar-2026-27,2026/27,5190666,2369,Náutico,172341,Ceará,23,finished,FETCHED,COMPLETE,FULL_MATCH,0,0
2026-08-18,"2026-08-18,2026-08-19",2,1,2026-08-19T00:35:00+00:00,BRA,Brasilien,8814,Serie B,calendar-2026-27,2026/27,5190664,9862,Goiás,10274,Juventude,23,finished,FETCHED,COMPLETE,FULL_MATCH,1,1
2026-08-19,2026-08-19,1,0,2026-08-19T09:30:00+00:00,AUS,Australien,9471,Australia Cup,calendar-2026-27,2026/27,6014071,162237,APIA Leichhardt FC,6230,Melbourne Victory,1/4,finished,FETCHED,COMPLETE,FULL_MATCH,1,1
2026-08-19,2026-08-19,1,0,2026-08-19T13:00:00+00:00,INT,International,9265,ASEAN Championship,calendar-2026-27,2026/27,5844767,5894,Vietnam,5823,Malaysia,1/2,finished,FETCHED,COMPLETE,FULL_MATCH,2,2_PLUS
2026-08-19,2026-08-19,1,0,2026-08-19T16:15:00+00:00,KSA,Saudi-Arabien,9942,King's Cup,calendar-2026-27,2026/27,5853728,582823,Damac FC,205686,Al-Taawoun,1/16,finished,FETCHED,COMPLETE,FULL_MATCH,2,2_PLUS
2026-08-19,2026-08-19,1,0,2026-08-19T16:30:00+00:00,KSA,Saudi-Arabien,9942,King's Cup,calendar-2026-27,2026/27,5853729,1017737,Jeddah,1523706,Al Kholood,1/16,finished,FETCHED,COMPLETE,FULL_MATCH,1,1
2026-08-19,2026-08-19,1,0,2026-08-19T17:30:00+00:00,RSA,Südafrika,537,Premier Soccer League,calendar-2026-27,2026/27,5955048,4530,Mamelodi Sundowns FC,352390,Marumo Gallants,Regular Season,finished,FETCHED,COMPLETE,FULL_MATCH,1,1
2026-08-19,2026-08-19,1,0,2026-08-19T18:00:00+00:00,KSA,Saudi-Arabien,9942,King's Cup,calendar-2026-27,2026/27,5853723,1793879,Al-Ula FC,177356,Al Fateh FC,1/16,finished,FETCHED,COMPLETE,FULL_MATCH,1,1
2026-08-19,2026-08-19,1,0,2026-08-19T18:00:00+00:00,ENG,England,142,EFL Trophy,calendar-2026-27,2026/27,6015004,9818,Mansfield,860800,Manchester City U21,1,finished,FETCHED,COMPLETE,FULL_MATCH,2,2_PLUS
2026-08-19,2026-08-19,1,0,2026-08-19T19:00:00+00:00,INT,International,10611,Champions League Qualifikation,calendar-2026-27,2026/27,5987799,9925,Celtic,9977,LASK,final,finished,FETCHED,COMPLETE,FULL_MATCH,1,1
2026-08-19,2026-08-19,1,0,2026-08-19T19:00:00+00:00,INT,International,10611,Champions League Qualifikation,calendar-2026-27,2026/27,5987801,6019,Slovan Bratislava,4622,NK Celje,final,finished,FETCHED,COMPLETE,FULL_MATCH,0,0
2026-08-19,2026-08-19,1,0,2026-08-19T19:00:00+00:00,INT,International,10611,Champions League Qualifikation,calendar-2026-27,2026/27,5987802,9754,Hapoel Beer Sheva,951893,Sabah FK,final,finished,FETCHED,COMPLETE,FULL_MATCH,1,1
2026-08-19,2026-08-19,1,0,2026-08-19T19:00:00+00:00,INT,International,10611,Champions League Qualifikation,calendar-2026-27,2026/27,5987804,8464,NEC Nijmegen,8402,Bodø/Glimt,final,finished,FETCHED,COMPLETE,FULL_MATCH,2,2_PLUS
2026-08-19,2026-08-19,1,0,2026-08-19T19:05:00+00:00,ESP,Spanien,87,LaLiga,calendar-2026-27,2026/27,5868012,9906,Atletico Madrid,9864,Malaga,1,finished,FETCHED,COMPLETE,FULL_MATCH,2,2_PLUS
2026-08-19,2026-08-19,1,0,2026-08-19T21:00:00+00:00,USA,USA,10282,MLS Next Pro,calendar-2026-27,2026/27,1000007718,1348108,New York City FC II,1348109,FC Cincinnati 2,26,finished,FETCHED,COMPLETE,FULL_MATCH,2,2_PLUS
2026-08-19,"2026-08-19,2026-08-20",2,1,2026-08-19T22:00:00+00:00,INT,International,45,Copa Libertadores,calendar-2026-27,2026/27,1000012924,4062,Coquimbo Unido,10089,Club Atletico Platense,8th Finals,finished,FETCHED,COMPLETE,FULL_MATCH,0,0
2026-08-19,"2026-08-19,2026-08-20",2,1,2026-08-19T22:00:00+00:00,INT,International,45,Copa Libertadores,calendar-2026-27,2026/27,1000012925,6295,Cerro Porteno,10283,Palmeiras,8th Finals,finished,FETCHED,COMPLETE,FULL_MATCH,0,0
2026-08-19,"2026-08-19,2026-08-20",2,1,2026-08-19T22:00:00+00:00,INT,International,299,Copa Sudamericana,calendar-2026-27,2026/27,1000013045,10272,Atlético-MG,109705,Bragantino,8th Finals,finished,FETCHED,COMPLETE,FULL_MATCH,3,2_PLUS
2026-08-19,"2026-08-19,2026-08-20",2,1,2026-08-19T22:15:00+00:00,ARG,Argentinien,9305,Copa Argentina,calendar-2026-27,2026/27,1000017714,10080,Racing Club,10092,Belgrano,8th Finals,finished,FETCHED,COMPLETE,FULL_MATCH,0,0
2026-08-19,"2026-08-19,2026-08-20",2,1,2026-08-19T22:30:00+00:00,USA,USA,9134,NWSL,calendar-2026-27,2026/27,5161606,1237244,Racing Louisville (W),433031,Seattle Reign FC (W),0,finished,FETCHED,COMPLETE,FULL_MATCH,1,1
2026-08-19,"2026-08-19,2026-08-20",2,1,2026-08-19T22:30:00+00:00,BRA,Brasilien,8814,Serie B,calendar-2026-27,2026/27,5190663,8287,Fortaleza,231931,São Bernardo,23,finished,FETCHED,COMPLETE,FULL_MATCH,0,0
2026-08-19,"2026-08-19,2026-08-20",2,1,2026-08-19T22:30:00+00:00,BRA,Brasilien,8814,Serie B,calendar-2026-27,2026/27,5190665,104822,Avaí,6305,Sport Recife,23,finished,FETCHED,COMPLETE,FULL_MATCH,3,2_PLUS
2026-08-19,"2026-08-19,2026-08-20",2,1,2026-08-19T23:00:00+00:00,USA,USA,10282,MLS Next Pro,calendar-2026-27,2026/27,1000007720,1348104,Houston Dynamo 2,1348115,San Jose Earthquakes II,26,finished,FETCHED,COMPLETE,FULL_MATCH,1,1
2026-08-19,"2026-08-19,2026-08-20",2,1,2026-08-19T23:00:00+00:00,USA,USA,10282,MLS Next Pro,calendar-2026-27,2026/27,1000007721,1348111,Inter Miami CF II,1121686,New England Revolution II,26,finished,FETCHED,COMPLETE,FULL_MATCH,2,2_PLUS
2026-08-19,"2026-08-19,2026-08-20",2,1,2026-08-19T23:00:00+00:00,USA,USA,10282,MLS Next Pro,calendar-2026-27,2026/27,1000008072,1451868,Crown Legacy FC,1880719,Connecticut United,26,finished,FETCHED,COMPLETE,FULL_MATCH,1,1
2026-08-19,"2026-08-19,2026-08-20",2,1,2026-08-19T23:00:00+00:00,CAN,Kanada,9986,Premier League,calendar-2026-27,2026/27,1000008690,1135780,Atlético Ottawa,1436202,Vancouver FC,18,finished,FETCHED,COMPLETE,FULL_MATCH,3,2_PLUS
2026-08-19,"2026-08-19,2026-08-20",2,1,2026-08-19T23:00:00+00:00,COL,Kolumbien,274,Primera A,calendar-2026-27,2026/27,1000014057,6254,Cucuta,47240,Internacional de Bogota,Clausura - Round 2,finished,FETCHED,COMPLETE,FULL_MATCH,2,2_PLUS
2026-08-19,"2026-08-19,2026-08-20",2,1,2026-08-19T23:00:00+00:00,USA,USA,9296,USL League One,calendar-2026-27,2026/27,5109510,1358088,One Knoxville SC,1701883,Portland Hearts of Pine,25,finished,FETCHED,COMPLETE,FULL_MATCH,2,2_PLUS
2026-08-19,"2026-08-19,2026-08-20",2,1,2026-08-19T23:00:00+00:00,CAN,Kanada,9986,Premier League,calendar-2026-27,2026/27,5175949,1022955,Forge FC,1899648,Supra du Quebec,18,finished,FETCHED,COMPLETE,FULL_MATCH,1,1
2026-08-19,"2026-08-19,2026-08-20",2,1,2026-08-19T23:30:00+00:00,USA,USA,130,MLS,calendar-2026-27,2026/27,5071276,722265,Cincinnati,546238,NYCFC,20,finished,FETCHED,COMPLETE,FULL_MATCH,1,1
2026-08-19,"2026-08-19,2026-08-20",2,1,2026-08-19T23:30:00+00:00,USA,USA,130,MLS,calendar-2026-27,2026/27,5071277,6001,Columbus,161195,Montreal,20,finished,FETCHED,COMPLETE,FULL_MATCH,1,1
2026-08-19,"2026-08-19,2026-08-20",2,1,2026-08-19T23:30:00+00:00,USA,USA,130,MLS,calendar-2026-27,2026/27,5071278,6602,DC United,6580,New England,20,finished,FETCHED,COMPLETE,FULL_MATCH,1,1
2026-08-19,"2026-08-19,2026-08-20",2,1,2026-08-19T23:30:00+00:00,USA,USA,130,MLS,calendar-2026-27,2026/27,5071279,6514,NY Red Bulls,915807,Nashville SC,20,finished,FETCHED,COMPLETE,FULL_MATCH,1,1
2026-08-19,"2026-08-19,2026-08-20",2,1,2026-08-19T23:30:00+00:00,USA,USA,130,MLS,calendar-2026-27,2026/27,5071280,267810,Orlando,6397,Chicago,20,finished,FETCHED,COMPLETE,FULL_MATCH,2,2_PLUS
2026-08-19,"2026-08-19,2026-08-20",2,1,2026-08-19T23:30:00+00:00,USA,USA,130,MLS,calendar-2026-27,2026/27,5071281,191716,Philadelphia,960720,Inter Miami CF,20,finished,FETCHED,COMPLETE,FULL_MATCH,1,1
2026-08-19,"2026-08-19,2026-08-20",2,1,2026-08-19T23:30:00+00:00,USA,USA,130,MLS,calendar-2026-27,2026/27,5071282,56453,Toronto,1323940,Charlotte FC,20,finished,FETCHED,COMPLETE,FULL_MATCH,3,2_PLUS
2026-08-19,"2026-08-19,2026-08-20",2,1,2026-08-19T23:30:00+00:00,BRA,Brasilien,8814,Serie B,calendar-2026-27,2026/27,5190667,197815,Cuiabá,197429,Operário,23,finished,FETCHED,COMPLETE,FULL_MATCH,1,1
2026-08-19,"2026-08-19,2026-08-20",2,1,2026-08-19T23:30:00+00:00,BRA,Brasilien,8814,Serie B,calendar-2026-27,2026/27,5190668,109706,Vila Nova,8630,Ponte Preta,23,finished,FETCHED,COMPLETE,FULL_MATCH,3,2_PLUS
2026-08-19,"2026-08-19,2026-08-20",2,1,2026-08-20T00:00:00+00:00,USA,USA,9134,NWSL,calendar-2026-27,2026/27,5161607,521233,Houston Dash (W),189393,Chicago Stars (W),0,finished,FETCHED,COMPLETE,FULL_MATCH,2,2_PLUS
2026-08-19,"2026-08-19,2026-08-20",2,1,2026-08-20T00:25:00+00:00,USA,USA,130,MLS,calendar-2026-27,2026/27,5071284,6604,Sporting KC,1427963,St. Louis City,20,finished,FETCHED,COMPLETE,FULL_MATCH,1,1
2026-08-19,"2026-08-19,2026-08-20",2,1,2026-08-20T00:30:00+00:00,INT,International,45,Copa Libertadores,calendar-2026-27,2026/27,1000012923,9770,Flamengo,9781,Cruzeiro,8th Finals,finished,FETCHED,COMPLETE,FULL_MATCH,2,2_PLUS
2026-08-19,"2026-08-19,2026-08-20",2,1,2026-08-20T00:30:00+00:00,INT,International,299,Copa Sudamericana,calendar-2026-27,2026/27,1000013052,395613,Torque,89396,Tigre,8th Finals,finished,FETCHED,COMPLETE,FULL_MATCH,0,0
2026-08-19,"2026-08-19,2026-08-20",2,1,2026-08-20T00:30:00+00:00,INT,International,299,Copa Sudamericana,calendar-2026-27,2026/27,1000013056,7818,Santa Fe,10076,River Plate,8th Finals,finished,FETCHED,COMPLETE,FULL_MATCH,0,0
2026-08-19,"2026-08-19,2026-08-20",2,1,2026-08-20T00:30:00+00:00,USA,USA,130,MLS,calendar-2026-27,2026/27,5071286,207242,Minnesota,773958,Atlanta United,20,finished,FETCHED,COMPLETE,FULL_MATCH,2,2_PLUS
2026-08-19,"2026-08-19,2026-08-20",2,1,2026-08-20T00:30:00+00:00,USA,USA,9296,USL League One,calendar-2026-27,2026/27,5109509,1128317,Corpus Christi,422694,Cosmos,25,finished,FETCHED,COMPLETE,FULL_MATCH,1,1
2026-08-19,"2026-08-19,2026-08-20",2,1,2026-08-20T00:30:00+00:00,BRA,Brasilien,8814,Serie B,calendar-2026-27,2026/27,5190659,8355,Botafogo SP,7729,Criciúma,23,finished,FETCHED,COMPLETE,FULL_MATCH,2,2_PLUS
2026-08-19,"2026-08-19,2026-08-20",2,1,2026-08-20T00:45:00+00:00,USA,USA,10282,MLS Next Pro,calendar-2026-27,2026/27,1000007722,1004921,North Texas SC,1451870,Austin FC II,26,finished,FETCHED,COMPLETE,FULL_MATCH,0,0
2026-08-19,"2026-08-19,2026-08-20",2,1,2026-08-20T00:46:00+00:00,USA,USA,9296,USL League One,calendar-2026-27,2026/27,5109511,1448561,Sarasota Paradise,1004918,Chattanooga Red Wolves SC,25,finished,FETCHED,COMPLETE,FULL_MATCH,1,1
2026-08-19,"2026-08-19,2026-08-20",2,1,2026-08-20T01:30:00+00:00,USA,USA,130,MLS,calendar-2026-27,2026/27,5071283,8314,Colorado,867280,LAFC,20,finished,FETCHED,COMPLETE,FULL_MATCH,0,0
2026-08-19,"2026-08-19,2026-08-20",2,1,2026-08-20T01:30:00+00:00,USA,USA,130,MLS,calendar-2026-27,2026/27,5071288,6606,Salt Lake,6399,Dallas,20,finished,FETCHED,COMPLETE,FULL_MATCH,3,2_PLUS
2026-08-19,"2026-08-19,2026-08-20",2,1,2026-08-20T01:30:00+00:00,USA,USA,130,MLS,calendar-2026-27,2026/27,5071289,130394,Seattle Sounders,1218886,Austin FC,20,finished,FETCHED,COMPLETE,FULL_MATCH,3,2_PLUS
2026-08-19,"2026-08-19,2026-08-20",2,1,2026-08-20T02:00:00+00:00,USA,USA,8972,USL Championship,calendar-2026-27,2026/27,5109896,424268,Phoenix Rising FC,614321,Colorado Springs Switchbacks FC,1,finished,FETCHED,COMPLETE,FULL_MATCH,2,2_PLUS
2026-08-19,"2026-08-19,2026-08-20",2,1,2026-08-20T02:30:00+00:00,USA,USA,130,MLS,calendar-2026-27,2026/27,5071285,6637,LA Galaxy,6603,San Jose,20,finished,FETCHED,COMPLETE,FULL_MATCH,1,1
2026-08-19,"2026-08-19,2026-08-20",2,1,2026-08-20T02:30:00+00:00,USA,USA,130,MLS,calendar-2026-27,2026/27,5071287,307690,Portland,1701119,San Diego FC,20,finished,FETCHED,COMPLETE,FULL_MATCH,2,2_PLUS
2026-08-19,"2026-08-19,2026-08-20",2,1,2026-08-20T02:30:00+00:00,USA,USA,130,MLS,calendar-2026-27,2026/27,5071290,307691,Vancouver,8259,Houston,20,finished,FETCHED,COMPLETE,FULL_MATCH,0,0
2026-08-20,2026-08-20,1,0,2026-08-20T14:15:00+00:00,QAT,Katar,535,Qatar Stars League,calendar-2026-27,2026/27,5951962,101901,Al-Wakrah,101900,Qatar SC,1,finished,FETCHED,COMPLETE,FULL_MATCH,2,2_PLUS
2026-08-20,2026-08-20,1,0,2026-08-20T16:00:00+00:00,INT,International,10613,Europa League Qualifikation,calendar-2026-27,2026/27,5987961,8127,Mjällby,10013,Salzburg,final,finished,FETCHED,COMPLETE,FULL_MATCH,1,1
2026-08-20,2026-08-20,1,0,2026-08-20T16:00:00+00:00,INT,International,10615,Conference League Qualifikation,calendar-2026-27,2026/27,5988058,6550,FC Inter Turku,8391,FC København,final,finished,FETCHED,COMPLETE,FULL_MATCH,0,0
2026-08-20,2026-08-20,1,0,2026-08-20T16:30:00+00:00,QAT,Katar,535,Qatar Stars League,calendar-2026-27,2026/27,5951963,101898,Al-Rayyan,1803049,Lusail SC,1,finished,FETCHED,COMPLETE,FULL_MATCH,0,0
2026-08-20,2026-08-20,1,0,2026-08-20T17:00:00+00:00,DEN,Dänemark,85,1. Division,calendar-2026-27,2026/27,5764580,8615,Vendsyssel FF,9940,Hillerød,5,finished,FETCHED,COMPLETE,FULL_MATCH,0,0
2026-08-20,2026-08-20,1,0,2026-08-20T17:00:00+00:00,INT,International,10613,Europa League Qualifikation,calendar-2026-27,2026/27,5987955,9752,Trabzonspor,8222,Ferencvaros,final,finished,FETCHED,COMPLETE,FULL_MATCH,0,0
2026-08-20,2026-08-20,1,0,2026-08-20T17:00:00+00:00,INT,International,10613,Europa League Qualifikation,calendar-2026-27,2026/27,5987963,2182,Lech Poznań,10191,Thun,final,finished,FETCHED,COMPLETE,FULL_MATCH,2,2_PLUS
2026-08-20,2026-08-20,1,0,2026-08-20T17:00:00+00:00,INT,International,10613,Europa League Qualifikation,calendar-2026-27,2026/27,5987964,10188,Beşiktaş,439132,FK Kauno Zalgiris,final,finished,FETCHED,COMPLETE,FULL_MATCH,1,1
2026-08-20,2026-08-20,1,0,2026-08-20T17:00:00+00:00,INT,International,10615,Conference League Qualifikation,calendar-2026-27,2026/27,5988060,8608,Tromsø,10204,Brighton,final,finished,FETCHED,COMPLETE,FULL_MATCH,0,0
2026-08-20,2026-08-20,1,0,2026-08-20T17:00:00+00:00,INT,International,10615,Conference League Qualifikation,calendar-2026-27,2026/27,5988066,8113,FC Midtjylland,10162,Rijeka,final,finished,FETCHED,COMPLETE,FULL_MATCH,1,1
2026-08-20,2026-08-20,1,0,2026-08-20T17:00:00+00:00,INT,International,10615,Conference League Qualifikation,calendar-2026-27,2026/27,5988068,10202,Nordsjælland,10190,St. Gallen,final,finished,FETCHED,COMPLETE,FULL_MATCH,0,0
2026-08-20,2026-08-20,1,0,2026-08-20T17:45:00+00:00,INT,International,10615,Conference League Qualifikation,calendar-2026-27,2026/27,5988064,8619,PAOK Thessaloniki,8468,Brann,final,finished,FETCHED,COMPLETE,FULL_MATCH,2,2_PLUS
2026-08-20,2026-08-20,1,0,2026-08-20T18:00:00+00:00,KSA,Saudi-Arabien,536,Saudi Pro League,calendar-2026-27,2026/27,5970090,582749,Al-Fayha,2529,Al Hilal,2,finished,FETCHED,COMPLETE,FULL_MATCH,2,2_PLUS
2026-08-20,2026-08-20,1,0,2026-08-20T18:00:00+00:00,INT,International,10613,Europa League Qualifikation,calendar-2026-27,2026/27,5987957,9997,St.Truiden,8044,Omonia Nicosia,final,finished,FETCHED,COMPLETE,FULL_MATCH,1,1
2026-08-20,2026-08-20,1,0,2026-08-20T18:00:00+00:00,INT,International,10615,Conference League Qualifikation,calendar-2026-27,2026/27,5988057,8020,Górnik Zabrze,9829,Monaco,final,finished,FETCHED,COMPLETE,FULL_MATCH,4,2_PLUS
2026-08-20,2026-08-20,1,0,2026-08-20T18:00:00+00:00,INT,International,10615,Conference League Qualifikation,calendar-2026-27,2026/27,5988072,8611,FC Twente,7981,Qarabag FK,final,finished,FETCHED,COMPLETE,FULL_MATCH,1,1
2026-08-20,2026-08-20,1,0,2026-08-20T18:15:00+00:00,INT,International,10615,Conference League Qualifikation,calendar-2026-27,2026/27,5988070,10179,Sion,8593,Ajax,final,finished,FETCHED,COMPLETE,FULL_MATCH,5,2_PLUS
2026-08-20,2026-08-20,1,0,2026-08-20T18:30:00+00:00,INT,International,10615,Conference League Qualifikation,calendar-2026-27,2026/27,5988056,9927,Motherwell,8358,Freiburg,final,finished,FETCHED,COMPLETE,FULL_MATCH,2,2_PLUS
2026-08-20,2026-08-20,1,0,2026-08-20T18:30:00+00:00,INT,International,10615,Conference League Qualifikation,calendar-2026-27,2026/27,5988065,8524,Atalanta,10181,Hapoel Tel Aviv,final,finished,FETCHED,COMPLETE,FULL_MATCH,0,0
2026-08-20,2026-08-20,1,0,2026-08-20T18:30:00+00:00,INT,International,10615,Conference League Qualifikation,calendar-2026-27,2026/27,5988074,7896,Lugano,7855,Maccabi Tel Aviv,final,finished,FETCHED,COMPLETE,FULL_MATCH,2,2_PLUS
2026-08-20,2026-08-20,1,0,2026-08-20T18:45:00+00:00,INT,International,10615,Conference League Qualifikation,calendar-2026-27,2026/27,5988059,9860,Hearts,10015,Rapid Wien,final,finished,FETCHED,COMPLETE,FULL_MATCH,3,2_PLUS
2026-08-20,2026-08-20,1,0,2026-08-20T18:45:00+00:00,INT,International,10615,Conference League Qualifikation,calendar-2026-27,2026/27,5988067,8548,Rangers,7758,Jablonec,final,finished,FETCHED,COMPLETE,FULL_MATCH,1,1
2026-08-20,2026-08-20,1,0,2026-08-20T19:00:00+00:00,ENG,England,108,League One,calendar-2026-27,2026/27,5837106,10163,Sheff Wed,8484,Bradford,2,finished,FETCHED,COMPLETE,FULL_MATCH,1,1
2026-08-20,2026-08-20,1,0,2026-08-20T19:00:00+00:00,ESP,Spanien,87,LaLiga,calendar-2026-27,2026/27,5868029,8370,Rayo Vallecano,9866,Deportivo Alaves,2,finished,FETCHED,COMPLETE,FULL_MATCH,2,2_PLUS
2026-08-20,2026-08-20,1,0,2026-08-20T19:00:00+00:00,INT,International,10613,Europa League Qualifikation,calendar-2026-27,2026/27,5987965,9772,Benfica,8071,AGF,final,finished,FETCHED,COMPLETE,FULL_MATCH,0,0
2026-08-20,2026-08-20,1,0,2026-08-20T19:00:00+00:00,INT,International,10615,Conference League Qualifikation,calendar-2026-27,2026/27,5988071,10264,Braga,10011,Austria Wien,final,finished,FETCHED,COMPLETE,FULL_MATCH,1,1
2026-08-20,2026-08-20,1,0,2026-08-20T19:00:00+00:00,INT,International,10615,Conference League Qualifikation,calendar-2026-27,2026/27,5988073,8305,Getafe,7998,Partizan Beograd,final,finished,FETCHED,COMPLETE,FULL_MATCH,2,2_PLUS
2026-08-20,"2026-08-20,2026-08-21",2,1,2026-08-20T22:00:00+00:00,INT,International,45,Copa Libertadores,calendar-2026-27,2026/27,1000012919,6721,LDU de Quito,163782,Mirassol,8th Finals,finished,FETCHED,COMPLETE,FULL_MATCH,0,0
2026-08-20,"2026-08-20,2026-08-21",2,1,2026-08-20T22:00:00+00:00,INT,International,299,Copa Sudamericana,calendar-2026-27,2026/27,1000013048,6619,Olimpia,10276,Vasco da Gama,8th Finals,finished,FETCHED,COMPLETE,FULL_MATCH,2,2_PLUS
2026-08-20,"2026-08-20,2026-08-21",2,1,2026-08-20T22:00:00+00:00,INT,International,299,Copa Sudamericana,calendar-2026-27,2026/27,1000013053,6609,CSD Macara,8514,Santos FC,8th Finals,finished,FETCHED,COMPLETE,FULL_MATCH,0,0
2026-08-20,"2026-08-20,2026-08-21",2,1,2026-08-20T22:30:00+00:00,BRA,Brasilien,8814,Serie B,calendar-2026-27,2026/27,5190661,1221604,Athletic Club,104821,CRB,23,finished,FETCHED,COMPLETE,FULL_MATCH,1,1
2026-08-20,"2026-08-20,2026-08-21",2,1,2026-08-20T23:30:00+00:00,BRA,Brasilien,8814,Serie B,calendar-2026-27,2026/27,5190660,581838,Novorizontino,1757,América-MG,23,finished,FETCHED,COMPLETE,FULL_MATCH,2,2_PLUS
2026-08-20,"2026-08-20,2026-08-21",2,1,2026-08-21T00:30:00+00:00,INT,International,45,Copa Libertadores,calendar-2026-27,2026/27,1000012927,9808,Corinthians,10084,Rosario Central,8th Finals,finished,FETCHED,COMPLETE,FULL_MATCH,1,1
2026-08-20,"2026-08-20,2026-08-21",2,1,2026-08-21T00:30:00+00:00,INT,International,299,Copa Sudamericana,calendar-2026-27,2026/27,1000013046,8517,Botafogo RJ,1845,Cienciano,8th Finals,finished,FETCHED,COMPLETE,FULL_MATCH,0,0
2026-08-20,"2026-08-20,2026-08-21",2,1,2026-08-21T02:00:00+00:00,USA,USA,10282,MLS Next Pro,calendar-2026-27,2026/27,1000007723,1451871,Los Angeles FC II,722268,Sporting Kansas City II,26,finished,FETCHED,COMPLETE,FULL_MATCH,1,1
2026-08-21,2026-08-21,1,0,2026-08-21T10:00:00+00:00,JPN,Japan,223,J. League,calendar-2026-27,2026/27,5803539,8699,Kashiwa Reysol,194016,V-Varen Nagasaki,3,finished,FETCHED,COMPLETE,FULL_MATCH,5,2_PLUS
2026-08-21,2026-08-21,1,0,2026-08-21T10:30:00+00:00,JPN,Japan,223,J. League,calendar-2026-27,2026/27,5803538,4399,FC Tokyo,9756,JEF United Chiba,3,finished,FETCHED,COMPLETE,FULL_MATCH,2,2_PLUS
2026-08-21,2026-08-21,1,0,2026-08-21T14:00:00+00:00,UAE,Vereinigte Arabische Emirate,538,Pro League,calendar-2026-27,2026/27,5961818,209190,Al Ittihad Kalba,102111,Al-Wasl,2,finished,FETCHED,COMPLETE,FULL_MATCH,1,1
2026-08-21,2026-08-21,1,0,2026-08-21T14:00:00+00:00,EGY,Ägypten,519,Premier League,calendar-2026-27,2026/27,5995570,205190,Wadi Degla FC,585662,ZED FC,1,finished,FETCHED,COMPLETE,FULL_MATCH,0,0
2026-08-21,2026-08-21,1,0,2026-08-21T14:15:00+00:00,QAT,Katar,535,Qatar Stars League,calendar-2026-27,2026/27,5951964,101897,Al-Gharafa,568590,Al-Shahaniya,1,finished,FETCHED,COMPLETE,FULL_MATCH,1,1
2026-08-21,2026-08-21,1,0,2026-08-21T15:00:00+00:00,LVA,Lettland,226,Virsliga,calendar-2026-27,2026/27,5162047,2106,Auda,197870,FK Tukums 2000,27,finished,FETCHED,COMPLETE,FULL_MATCH,2,2_PLUS
2026-08-21,2026-08-21,1,0,2026-08-21T15:00:00+00:00,LVA,Lettland,226,Virsliga,calendar-2026-27,2026/27,5162050,8016,FK Liepaja,662738,Grobina,27,finished,FETCHED,COMPLETE,FULL_MATCH,3,2_PLUS
2026-08-21,2026-08-21,1,0,2026-08-21T15:50:00+00:00,KSA,Saudi-Arabien,10721,Saudi First Division,calendar-2026-27,2026/27,1000018414,582744,Al Jeel,1699506,Al-Zulfi,1,finished,FETCHED,COMPLETE,FULL_MATCH,1,1
2026-08-21,2026-08-21,1,0,2026-08-21T16:00:00+00:00,FIN,Finnland,51,Veikkausliiga,calendar-2026-27,2026/27,5147627,162162,SJK,8424,FC Lahti,21,finished,FETCHED,COMPLETE,FULL_MATCH,3,2_PLUS
2026-08-21,2026-08-21,1,0,2026-08-21T16:00:00+00:00,GER,Deutschland,209,DFB Pokal,calendar-2026-27,2026/27,5750671,1175594,SC St. Tönis,9810,Frankfurt,1,finished,FETCHED,COMPLETE,FULL_MATCH,1,1
2026-08-21,2026-08-21,1,0,2026-08-21T16:00:00+00:00,GER,Deutschland,209,DFB Pokal,calendar-2026-27,2026/27,5750685,8171,Preussen Münster,8295,Karlsruher SC,1,finished,FETCHED,COMPLETE,FULL_MATCH,2,2_PLUS
2026-08-21,2026-08-21,1,0,2026-08-21T16:00:00+00:00,GER,Deutschland,209,DFB Pokal,calendar-2026-27,2026/27,5750700,9743,Waldhof Mannheim,8350,Kaiserslautern,1,finished,FETCHED,COMPLETE,FULL_MATCH,1,1
2026-08-21,2026-08-21,1,0,2026-08-21T16:00:00+00:00,DEN,Dänemark,85,1. Division,calendar-2026-27,2026/27,5764582,9950,Hobro,8470,AaB,5,finished,FETCHED,COMPLETE,FULL_MATCH,2,2_PLUS
2026-08-21,2026-08-21,1,0,2026-08-21T16:00:00+00:00,DEN,Dänemark,85,1. Division,calendar-2026-27,2026/27,5764583,8231,Vejle Boldklub,8285,Esbjerg fB,5,finished,FETCHED,COMPLETE,FULL_MATCH,4,2_PLUS
2026-08-21,2026-08-21,1,0,2026-08-21T16:00:00+00:00,KSA,Saudi-Arabien,536,Saudi Pro League,calendar-2026-27,2026/27,5970091,582739,Al Riyadh,101918,Al Nassr FC,2,finished,FETCHED,COMPLETE,FULL_MATCH,2,2_PLUS
2026-08-21,2026-08-21,1,0,2026-08-21T16:15:00+00:00,KSA,Saudi-Arabien,10721,Saudi First Division,calendar-2026-27,2026/27,1000018415,1017726,Al Bukayriyah,1896040,Al Anwar,1,finished,FETCHED,COMPLETE,FULL_MATCH,0,0
2026-08-21,2026-08-21,1,0,2026-08-21T16:15:00+00:00,KSA,Saudi-Arabien,536,Saudi Pro League,calendar-2026-27,2026/27,5970092,101911,Al Hazem,1787233,Al Diriyah,2,finished,FETCHED,COMPLETE,FULL_MATCH,0,0
2026-08-21,2026-08-21,1,0,2026-08-21T16:20:00+00:00,GER,Deutschland,9676,Frauen Bundesliga,calendar-2026-27,2026/27,5922300,1656078,Union Berlin (W),671935,Bayern München (W),1,finished,FETCHED,COMPLETE,FULL_MATCH,4,2_PLUS
2026-08-21,2026-08-21,1,0,2026-08-21T16:30:00+00:00,QAT,Katar,535,Qatar Stars League,calendar-2026-27,2026/27,5951965,101899,Al-Arabi,101904,Al-Shamal,1,finished,FETCHED,COMPLETE,FULL_MATCH,4,2_PLUS
2026-08-21,2026-08-21,1,0,2026-08-21T16:35:00+00:00,UAE,Vereinigte Arabische Emirate,538,Pro League,calendar-2026-27,2026/27,5961819,102123,Al-Nasr SC,102122,Al-Wahda,2,finished,FETCHED,COMPLETE,FULL_MATCH,1,1
2026-08-21,2026-08-21,1,0,2026-08-21T17:00:00+00:00,PER,Peru,131,Liga 1,calendar-2026-27,2026/27,1000017205,1696744,FC Cajamarca,920789,Atletico Grau,Clausura - Round 6,finished,FETCHED,COMPLETE,FULL_MATCH,2,2_PLUS
2026-08-21,2026-08-21,1,0,2026-08-21T17:00:00+00:00,SWE,Schweden,67,Allsvenskan,calendar-2026-27,2026/27,5107579,6694,Sirius,8428,Häcken,18,finished,FETCHED,COMPLETE,FULL_MATCH,2,2_PLUS
2026-08-21,2026-08-21,1,0,2026-08-21T17:00:00+00:00,DEN,Dänemark,85,1. Division,calendar-2026-27,2026/27,5764581,8454,Fredericia,8109,Aarhus Fremad,5,finished,FETCHED,COMPLETE,FULL_MATCH,0,0
2026-08-21,2026-08-21,1,0,2026-08-21T17:00:00+00:00,EGY,Ägypten,519,Premier League,calendar-2026-27,2026/27,5995571,316504,Abo Qir Semad,687954,National Bank,1,finished,FETCHED,COMPLETE,FULL_MATCH,1,1
2026-08-21,2026-08-21,1,0,2026-08-21T17:00:00+00:00,EGY,Ägypten,519,Premier League,calendar-2026-27,2026/27,5995572,80591,Zamalek SC,101766,Al Ittihad Alexandria,1,finished,FETCHED,COMPLETE,FULL_MATCH,0,0
2026-08-21,2026-08-21,1,0,2026-08-21T17:30:00+00:00,ARG,Argentinien,112,Liga Profesional,calendar-2026-27,2026/27,5115948,161728,Aldosivi,10096,Union,6,finished,FETCHED,COMPLETE,FULL_MATCH,3,2_PLUS
2026-08-21,2026-08-21,1,0,2026-08-21T17:30:00+00:00,SUI,Schweiz,163,Challenge League,calendar-2026-27,2026/27,5804567,2442,Stade Nyonnais,1594,Etoile Carouge,4,finished,FETCHED,COMPLETE,FULL_MATCH,0,0
2026-08-21,2026-08-21,1,0,2026-08-21T17:30:00+00:00,SUI,Schweiz,163,Challenge League,calendar-2026-27,2026/27,5804568,7955,Xamax,289334,FC Stade Lausanne-Ouchy,4,finished,FETCHED,COMPLETE,FULL_MATCH,1,1
2026-08-21,2026-08-21,1,0,2026-08-21T17:30:00+00:00,AUT,Österreich,38,Bundesliga,calendar-2026-27,2026/27,5845969,10017,Ried,10012,Grazer AK,4,finished,FETCHED,COMPLETE,FULL_MATCH,0,0
2026-08-21,2026-08-21,1,0,2026-08-21T17:30:00+00:00,ROU,Rumänien,189,Liga I,calendar-2026-27,2026/27,5853476,188187,Petrolul Ploiesti,9738,Rapid Bucuresti,6,finished,FETCHED,COMPLETE,FULL_MATCH,2,2_PLUS
2026-08-21,2026-08-21,1,0,2026-08-21T17:50:00+00:00,KSA,Saudi-Arabien,10721,Saudi First Division,calendar-2026-27,2026/27,1000018416,6354,Al-Wehda,582816,Al-Adalah,1,finished,FETCHED,COMPLETE,FULL_MATCH,1,1
2026-08-21,2026-08-21,1,0,2026-08-21T18:00:00+00:00,BEL,Belgien,264,First Division B,calendar-2026-27,2026/27,1000015446,213307,KSC Lokeren,6351,Eupen,2,finished,FETCHED,COMPLETE,FULL_MATCH,2,2_PLUS
2026-08-21,2026-08-21,1,0,2026-08-21T18:00:00+00:00,BEL,Belgien,264,First Division B,calendar-2026-27,2026/27,1000015449,1378461,Anderlecht Futures,8174,Virton,2,finished,FETCHED,COMPLETE,FULL_MATCH,0,0
2026-08-21,2026-08-21,1,0,2026-08-21T18:00:00+00:00,ENG,England,9084,Premier League 2,calendar-2026-27,2026/27,1000019085,2128213,AFC Bournemouth Academy,773652,Chelsea U21,1,finished,FETCHED,COMPLETE,FULL_MATCH,1,1
2026-08-21,2026-08-21,1,0,2026-08-21T18:00:00+00:00,ENG,England,9084,Premier League 2,calendar-2026-27,2026/27,1000019086,1070261,Aston Villa U21,773678,Brighton & Hove Albion U21,1,finished,FETCHED,COMPLETE,FULL_MATCH,1,1
2026-08-21,2026-08-21,1,0,2026-08-21T18:00:00+00:00,ENG,England,9084,Premier League 2,calendar-2026-27,2026/27,1000019087,773653,Everton U21,1070259,Liverpool U21,1,finished,FETCHED,COMPLETE,FULL_MATCH,0,0
2026-08-21,2026-08-21,1,0,2026-08-21T18:00:00+00:00,ENG,England,9084,Premier League 2,calendar-2026-27,2026/27,1000019088,860801,Fulham U21,1796112,Burnley U21,1,finished,FETCHED,COMPLETE,FULL_MATCH,5,2_PLUS
2026-08-21,2026-08-21,1,0,2026-08-21T18:00:00+00:00,ENG,England,9084,Premier League 2,calendar-2026-27,2026/27,1000019090,773650,Stoke City U21,2054260,Brentford Academy,1,finished,FETCHED,COMPLETE,FULL_MATCH,2,2_PLUS
2026-08-21,2026-08-21,1,0,2026-08-21T18:00:00+00:00,ENG,England,9084,Premier League 2,calendar-2026-27,2026/27,1000019091,773649,West Ham United U21,773645,Southampton U21,1,finished,FETCHED,COMPLETE,FULL_MATCH,0,0
2026-08-21,2026-08-21,1,0,2026-08-21T18:00:00+00:00,CRO,Kroatien,252,HNL,calendar-2026-27,2026/27,5765912,187866,Rudes,175388,NK Lokomotiva,4,finished,FETCHED,COMPLETE,FULL_MATCH,3,2_PLUS
2026-08-21,2026-08-21,1,0,2026-08-21T18:00:00+00:00,FRA,Frankreich,110,Ligue 2,calendar-2026-27,2026/27,5803227,4170,Boulogne,6390,Red Star,3,finished,FETCHED,COMPLETE,FULL_MATCH,1,1
2026-08-21,2026-08-21,1,0,2026-08-21T18:00:00+00:00,FRA,Frankreich,110,Ligue 2,calendar-2026-27,2026/27,5803228,8311,Clermont Foot,9836,Dijon,3,finished,FETCHED,COMPLETE,FULL_MATCH,2,2_PLUS
2026-08-21,2026-08-21,1,0,2026-08-21T18:00:00+00:00,FRA,Frankreich,110,Ligue 2,calendar-2026-27,2026/27,5803229,47214,Dunkerque,10249,Montpellier,3,finished,FETCHED,COMPLETE,FULL_MATCH,1,1
2026-08-21,2026-08-21,1,0,2026-08-21T18:00:00+00:00,FRA,Frankreich,110,Ligue 2,calendar-2026-27,2026/27,5803232,6355,Pau,8481,Nancy,3,finished,FETCHED,COMPLETE,FULL_MATCH,1,1
2026-08-21,2026-08-21,1,0,2026-08-21T18:00:00+00:00,FRA,Frankreich,110,Ligue 2,calendar-2026-27,2026/27,5803234,9874,Sochaux,9747,Guingamp,3,finished,FETCHED,COMPLETE,FULL_MATCH,0,0
2026-08-21,2026-08-21,1,0,2026-08-21T18:00:00+00:00,NED,Niederlande,111,Eerste Divisie,calendar-2026-27,2026/27,5832825,9835,FC Den Bosch,6416,FC Eindhoven,3,finished,FETCHED,COMPLETE,FULL_MATCH,3,2_PLUS
2026-08-21,2026-08-21,1,0,2026-08-21T18:00:00+00:00,NED,Niederlande,111,Eerste Divisie,calendar-2026-27,2026/27,5832826,6631,FC Dordrecht,9803,Roda JC Kerkrade,3,finished,FETCHED,COMPLETE,FULL_MATCH,0,0
2026-08-21,2026-08-21,1,0,2026-08-21T18:00:00+00:00,NED,Niederlande,111,Eerste Divisie,calendar-2026-27,2026/27,5832827,6660,FC Emmen,681217,Jong AZ Alkmaar,3,finished,FETCHED,COMPLETE,FULL_MATCH,4,2_PLUS
2026-08-21,2026-08-21,1,0,2026-08-21T18:00:00+00:00,NED,Niederlande,111,Eerste Divisie,calendar-2026-27,2026/27,5832828,6417,Helmond Sport,10219,RKC Waalwijk,3,finished,FETCHED,COMPLETE,FULL_MATCH,1,1
2026-08-21,2026-08-21,1,0,2026-08-21T18:00:00+00:00,NED,Niederlande,111,Eerste Divisie,calendar-2026-27,2026/27,5832829,9838,MVV Maastricht,6601,FC Volendam,3,finished,FETCHED,COMPLETE,FULL_MATCH,1,1
2026-08-21,2026-08-21,1,0,2026-08-21T18:00:00+00:00,NED,Niederlande,111,Eerste Divisie,calendar-2026-27,2026/27,5832830,8277,Vitesse,4116,Almere City FC,3,finished,FETCHED,COMPLETE,FULL_MATCH,3,2_PLUS
2026-08-21,2026-08-21,1,0,2026-08-21T18:00:00+00:00,KSA,Saudi-Arabien,536,Saudi Pro League,calendar-2026-27,2026/27,5970093,205687,Al-Faisaly,1699505,Neom SC,2,finished,FETCHED,COMPLETE,FULL_MATCH,2,2_PLUS
2026-08-21,2026-08-21,1,0,2026-08-21T18:00:00+00:00,KSA,Saudi-Arabien,536,Saudi Pro League,calendar-2026-27,2026/27,5970094,101919,Al Qadsiah,8577,Al Ittihad,2,finished,FETCHED,COMPLETE,FULL_MATCH,0,0
2026-08-21,2026-08-21,1,0,2026-08-21T18:15:00+00:00,SUI,Schweiz,163,Challenge League,calendar-2026-27,2026/27,5804569,185504,FC Rapperswil-Jona,7894,Winterthur,4,finished,FETCHED,COMPLETE,FULL_MATCH,1,1
2026-08-21,2026-08-21,1,0,2026-08-21T18:30:00+00:00,POL,Polen,196,Ekstraklasa,calendar-2026-27,2026/27,5803950,2186,Cracovia,1286895,Wieczysta Kraków,5,finished,FETCHED,COMPLETE,FULL_MATCH,3,2_PLUS
2026-08-21,2026-08-21,1,0,2026-08-21T18:30:00+00:00,TUR,Türkei,71,Süper Lig,calendar-2026-27,2026/27,5904721,281467,Erzurumspor FK,8637,Galatasaray,2,finished,FETCHED,COMPLETE,FULL_MATCH,1,1
2026-08-21,2026-08-21,1,0,2026-08-21T18:30:00+00:00,TUR,Türkei,165,1. Lig,calendar-2026-27,2026/27,5908595,2088,Karagümrük,10270,Bursaspor,3,finished,FETCHED,COMPLETE,FULL_MATCH,1,1
2026-08-21,2026-08-21,1,0,2026-08-21T18:30:00+00:00,ITA,Italien,86,Serie B,calendar-2026-27,2026/27,5967044,145007,LR Vicenza,10168,Catanzaro,1,finished,FETCHED,COMPLETE,FULL_MATCH,3,2_PLUS
2026-08-21,2026-08-21,1,0,2026-08-21T18:45:00+00:00,IRL,Irland,126,Premier Liga,calendar-2026-27,2026/27,5100947,4594,Bohemian FC,8338,Derry City,28,finished,FETCHED,COMPLETE,FULL_MATCH,7,2_PLUS
2026-08-21,2026-08-21,1,0,2026-08-21T18:45:00+00:00,IRL,Irland,126,Premier Liga,calendar-2026-27,2026/27,5100948,8339,Drogheda United,1854,St. Patrick's Athletic,28,finished,FETCHED,COMPLETE,FULL_MATCH,1,1
2026-08-21,2026-08-21,1,0,2026-08-21T18:45:00+00:00,IRL,Irland,126,Premier Liga,calendar-2026-27,2026/27,5100949,1853,Dundalk,520517,Galway United FC,28,finished,FETCHED,COMPLETE,FULL_MATCH,2,2_PLUS
2026-08-21,2026-08-21,1,0,2026-08-21T18:45:00+00:00,GER,Deutschland,209,DFB Pokal,calendar-2026-27,2026/27,5750697,8294,Hansa Rostock,10269,VfB Stuttgart,1,finished,FETCHED,COMPLETE,FULL_MATCH,2,2_PLUS
2026-08-21,2026-08-21,1,0,2026-08-21T18:45:00+00:00,FRA,Frankreich,53,Ligue 1,calendar-2026-27,2026/27,5802905,8592,Marseille,9848,Strasbourg,1,finished,FETCHED,COMPLETE,FULL_MATCH,4,2_PLUS
2026-08-21,2026-08-21,1,0,2026-08-21T18:45:00+00:00,BEL,Belgien,40,First Division A,calendar-2026-27,2026/27,5811728,9985,Standard Liege,1218969,RAAL La Louviere,3,finished,FETCHED,COMPLETE,FULL_MATCH,2,2_PLUS
2026-08-21,2026-08-21,1,0,2026-08-21T19:00:00+00:00,IRL,Irland,126,Premier Liga,calendar-2026-27,2026/27,5100951,6361,Sligo Rovers,6042,Waterford FC,28,finished,FETCHED,COMPLETE,FULL_MATCH,0,0
2026-08-21,2026-08-21,1,0,2026-08-21T19:00:00+00:00,ENG,England,47,Premier League,calendar-2026-27,2026/27,5795363,9825,Arsenal,8669,Coventry,1,finished,FETCHED,COMPLETE,FULL_MATCH,1,1
2026-08-21,2026-08-21,1,0,2026-08-21T19:00:00+00:00,ESP,Spanien,87,LaLiga,calendar-2026-27,2026/27,5868023,8603,Real Betis,8560,Real Sociedad,2,finished,FETCHED,COMPLETE,FULL_MATCH,1,1
2026-08-21,2026-08-21,1,0,2026-08-21T19:00:00+00:00,ESP,Spanien,140,LaLiga2,calendar-2026-27,2026/27,5868408,7869,Cordoba,7732,Girona,2,finished,FETCHED,COMPLETE,FULL_MATCH,1,1
2026-08-21,2026-08-21,1,0,2026-08-21T20:00:00+00:00,PER,Peru,131,Liga 1,calendar-2026-27,2026/27,1000017206,4410,Alianza Atletico,1848,Sporting Cristal,Clausura - Round 6,finished,FETCHED,COMPLETE,FULL_MATCH,3,2_PLUS
2026-08-21,2026-08-21,1,0,2026-08-21T21:05:00+00:00,COL,Kolumbien,274,Primera A,calendar-2026-27,2026/27,1000014103,424270,CD Jaguares,6255,Chico FC,Clausura - Round 6,finished,FETCHED,COMPLETE,FULL_MATCH,0,0
2026-08-21,2026-08-21,1,0,2026-08-21T21:30:00+00:00,PAR,Paraguay,199,Division Profesional,calendar-2026-27,2026/27,1000017384,162557,Rubio Nu,59844,Sportivo Trinidense,Clausura - Round 6,finished,FETCHED,COMPLETE,FULL_MATCH,0,0
2026-08-21,"2026-08-21,2026-08-22",2,1,2026-08-21T22:30:00+00:00,BOL,Bolivien,144,Primera Division,calendar-2026-27,2026/27,1000019016,2527,The Strongest,879029,Universitario de Vinto,16,finished,FETCHED,COMPLETE,FULL_MATCH,3,2_PLUS
2026-08-21,"2026-08-21,2026-08-22",2,1,2026-08-21T23:00:00+00:00,ARG,Argentinien,112,Liga Profesional,calendar-2026-27,2026/27,5115952,213591,Estudiantes de Rio Cuarto,10083,San Lorenzo,6,finished,FETCHED,COMPLETE,FULL_MATCH,0,0
2026-08-21,"2026-08-21,2026-08-22",2,1,2026-08-22T00:00:00+00:00,ECU,Ecuador,246,Serie A,calendar-2026-27,2026/27,1000009076,1370528,Leones del Norte,192875,Independiente del Valle,26,finished,FETCHED,COMPLETE,FULL_MATCH,4,2_PLUS
2026-08-21,"2026-08-21,2026-08-22",2,1,2026-08-22T00:00:00+00:00,ECU,Ecuador,246,Serie A,calendar-2026-27,2026/27,1000009078,4144,Deportivo Cuenca,304929,Mushuc Runa,26,finished,FETCHED,COMPLETE,FULL_MATCH,0,0
2026-08-21,"2026-08-21,2026-08-22",2,1,2026-08-22T00:30:00+00:00,CHI,Chile,273,Liga de Primera,calendar-2026-27,2026/27,1000013208,4058,Audax Italiano,192435,Union La Calera,20,finished,FETCHED,COMPLETE,FULL_MATCH,0,0
2026-08-21,"2026-08-21,2026-08-22",2,1,2026-08-22T00:30:00+00:00,COL,Kolumbien,274,Primera A,calendar-2026-27,2026/27,1000014101,193029,Alianza FC,4404,Deportivo Pereira,Clausura - Round 6,finished,FETCHED,COMPLETE,FULL_MATCH,0,0
2026-08-21,"2026-08-21,2026-08-22",2,1,2026-08-22T00:30:00+00:00,BOL,Bolivien,144,Primera Division,calendar-2026-27,2026/27,1000019017,1844,Oriente Petrolero,1297060,San Antonio Bulo Bulo,16,finished,FETCHED,COMPLETE,FULL_MATCH,3,2_PLUS
2026-08-21,"2026-08-21,2026-08-22",2,1,2026-08-22T01:00:00+00:00,MEX,Mexiko,230,Liga MX,calendar-2026-27,2026/27,1000014539,1841,León,7849,Monterrey,5,finished,FETCHED,COMPLETE,FULL_MATCH,1,1
2026-08-21,"2026-08-21,2026-08-22",2,1,2026-08-22T01:00:00+00:00,MEX,Mexiko,230,Liga MX,calendar-2026-27,2026/27,1000014540,8561,Tigres,1942,Atlante,5,finished,FETCHED,COMPLETE,FULL_MATCH,2,2_PLUS
2026-08-21,"2026-08-21,2026-08-22",2,1,2026-08-22T02:00:00+00:00,USA,USA,9134,NWSL,calendar-2026-27,2026/27,5161608,1335917,San Diego Wave FC (W),923654,Utah Royals (W),0,finished,FETCHED,COMPLETE,FULL_MATCH,3,2_PLUS
2026-08-21,"2026-08-21,2026-08-22",2,1,2026-08-22T03:10:00+00:00,MEX,Mexiko,230,Liga MX,calendar-2026-27,2026/27,1000014536,649424,Juárez,6576,América,5,finished,FETCHED,COMPLETE,FULL_MATCH,1,1
2026-08-21,"2026-08-21,2026-08-22",2,1,2026-08-22T03:10:00+00:00,MEX,Mexiko,230,Liga MX,calendar-2026-27,2026/27,1000014537,1943,Querétaro,6618,Toluca,5,finished,FETCHED,COMPLETE,FULL_MATCH,3,2_PLUS
2026-08-22,2026-08-22,1,0,2026-08-22T09:00:00+00:00,JPN,Japan,223,J. League,calendar-2026-27,2026/27,5803541,4397,Kashima Antlers,8270,Avispa Fukuoka,3,finished,FETCHED,COMPLETE,FULL_MATCH,3,2_PLUS
2026-08-22,2026-08-22,1,0,2026-08-22T09:30:00+00:00,JPN,Japan,223,J. League,calendar-2026-27,2026/27,5803544,164739,Fagiano Okayama FC,6223,Tokyo Verdy,3,finished,FETCHED,COMPLETE,FULL_MATCH,0,0
2026-08-22,2026-08-22,1,0,2026-08-22T10:00:00+00:00,JPN,Japan,223,J. League,calendar-2026-27,2026/27,5803540,4692,Cerezo Osaka,4426,Shimizu S-Pulse,3,finished,FETCHED,COMPLETE,FULL_MATCH,1,1
2026-08-22,2026-08-22,1,0,2026-08-22T10:00:00+00:00,JPN,Japan,223,J. League,calendar-2026-27,2026/27,5803542,8542,Kyoto Sanga FC,162195,Mito Hollyhock,3,finished,FETCHED,COMPLETE,FULL_MATCH,2,2_PLUS
2026-08-22,2026-08-22,1,0,2026-08-22T10:00:00+00:00,JPN,Japan,223,J. League,calendar-2026-27,2026/27,5803543,8006,Nagoya Grampus,6582,Gamba Osaka,3,finished,FETCHED,COMPLETE,FULL_MATCH,2,2_PLUS
2026-08-22,2026-08-22,1,0,2026-08-22T10:00:00+00:00,GER,Deutschland,9676,Frauen Bundesliga,calendar-2026-27,2026/27,5934502,294857,Eintracht Frankfurt (W),672088,FC Köln (W),1,finished,FETCHED,COMPLETE,FULL_MATCH,0,0
2026-08-22,2026-08-22,1,0,2026-08-22T10:15:00+00:00,JPN,Japan,223,J. League,calendar-2026-27,2026/27,5803545,6224,Sanfrecce,6304,Kawasaki,3,finished,FETCHED,COMPLETE,FULL_MATCH,1,1
2026-08-22,2026-08-22,1,0,2026-08-22T10:30:00+00:00,KOR,Südkorea,9080,K League 1,calendar-2026-27,2026/27,5140000,429440,FC Anyang,92630,FC Seoul,24,finished,FETCHED,COMPLETE,FULL_MATCH,2,2_PLUS
2026-08-22,2026-08-22,1,0,2026-08-22T10:30:00+00:00,KOR,Südkorea,9080,K League 1,calendar-2026-27,2026/27,5140001,133898,Jeju SK,133901,Gimcheon Sangmu,24,finished,FETCHED,COMPLETE,FULL_MATCH,0,0
2026-08-22,2026-08-22,1,0,2026-08-22T10:30:00+00:00,KOR,Südkorea,9080,K League 1,calendar-2026-27,2026/27,5140002,46038,Jeonbuk Hyundai Motors FC,133896,Ulsan HD FC,24,finished,FETCHED,COMPLETE,FULL_MATCH,1,1
2026-08-22,2026-08-22,1,0,2026-08-22T10:30:00+00:00,KOR,Südkorea,9080,K League 1,calendar-2026-27,2026/27,5140003,429441,Bucheon FC 1995,109373,Pohang Steelers,24,finished,FETCHED,COMPLETE,FULL_MATCH,1,1
2026-08-22,2026-08-22,1,0,2026-08-22T10:30:00+00:00,KOR,Südkorea,9116,K League 2,calendar-2026-27,2026/27,5155880,821875,Ansan Greeners,6614,Seongnam FC,23,finished,FETCHED,COMPLETE,FULL_MATCH,2,2_PLUS
2026-08-22,2026-08-22,1,0,2026-08-22T10:30:00+00:00,KOR,Südkorea,9116,K League 2,calendar-2026-27,2026/27,5155881,187960,Cheonan City,88517,Suwon Samsung Bluewings,23,finished,FETCHED,COMPLETE,FULL_MATCH,1,1
2026-08-22,2026-08-22,1,0,2026-08-22T10:30:00+00:00,KOR,Südkorea,9116,K League 2,calendar-2026-27,2026/27,5155882,133897,Daegu FC,6092,Busan I'Park,23,finished,FETCHED,COMPLETE,FULL_MATCH,2,2_PLUS
2026-08-22,2026-08-22,1,0,2026-08-22T10:30:00+00:00,KOR,Südkorea,9116,K League 2,calendar-2026-27,2026/27,5155883,187951,Suwon FC,187953,Gimhae FC 2008,23,finished,FETCHED,COMPLETE,FULL_MATCH,1,1
2026-08-22,2026-08-22,1,0,2026-08-22T10:30:00+00:00,JPN,Japan,223,J. League,calendar-2026-27,2026/27,5803546,6581,Yokohama F.Marinos,4688,Vissel Kobe,3,finished,FETCHED,COMPLETE,FULL_MATCH,0,0
2026-08-22,2026-08-22,1,0,2026-08-22T11:00:00+00:00,CHN,China,120,Super League,calendar-2026-27,2026/27,5186589,1029687,Wuhan Three Towns,4189,Tianjin Jinmen Tiger,24,finished,FETCHED,COMPLETE,FULL_MATCH,0,0
2026-08-22,2026-08-22,1,0,2026-08-22T11:00:00+00:00,GER,Deutschland,209,DFB Pokal,calendar-2026-27,2026/27,5750675,8398,Energie Cottbus,8406,Augsburg,1,finished,FETCHED,COMPLETE,FULL_MATCH,2,2_PLUS
2026-08-22,2026-08-22,1,0,2026-08-22T11:00:00+00:00,GER,Deutschland,209,DFB Pokal,calendar-2026-27,2026/27,5750683,8196,Wehen Wiesbaden,8178,Leverkusen,1,finished,FETCHED,COMPLETE,FULL_MATCH,3,2_PLUS
2026-08-22,2026-08-22,1,0,2026-08-22T11:30:00+00:00,ENG,England,47,Premier League,calendar-2026-27,2026/27,5795364,8667,Hull,10260,Man United,1,finished,FETCHED,COMPLETE,FULL_MATCH,0,0
2026-08-22,2026-08-22,1,0,2026-08-22T11:30:00+00:00,ENG,England,48,Championship,calendar-2026-27,2026/27,5836766,8658,Birmingham,8427,Bristol City,2,finished,FETCHED,COMPLETE,FULL_MATCH,2,2_PLUS
2026-08-22,2026-08-22,1,0,2026-08-22T11:30:00+00:00,ENG,England,48,Championship,calendar-2026-27,2026/27,5836769,8430,Lincoln,8462,Portsmouth,2,finished,FETCHED,COMPLETE,FULL_MATCH,1,1
2026-08-22,2026-08-22,1,0,2026-08-22T11:30:00+00:00,ENG,England,48,Championship,calendar-2026-27,2026/27,5836770,10004,Millwall,9850,Norwich,2,finished,FETCHED,COMPLETE,FULL_MATCH,2,2_PLUS
2026-08-22,2026-08-22,1,0,2026-08-22T11:30:00+00:00,ENG,England,108,League One,calendar-2026-27,2026/27,5837101,9903,Doncaster,8283,Barnsley,2,finished,FETCHED,COMPLETE,FULL_MATCH,0,0
2026-08-22,2026-08-22,1,0,2026-08-22T11:30:00+00:00,ENG,England,108,League One,calendar-2026-27,2026/27,5837103,8346,Luton,9819,Notts County,2,finished,FETCHED,COMPLETE,FULL_MATCH,2,2_PLUS
2026-08-22,2026-08-22,1,0,2026-08-22T11:30:00+00:00,ENG,England,109,League Two,calendar-2026-27,2026/27,5837871,10104,Bristol Rovers,10262,Newport,2,finished,FETCHED,COMPLETE,FULL_MATCH,6,2_PLUS
2026-08-22,2026-08-22,1,0,2026-08-22T11:30:00+00:00,ENG,England,109,League Two,calendar-2026-27,2026/27,5837879,282326,Salford,9786,Chesterfield,2,finished,FETCHED,COMPLETE,FULL_MATCH,0,0
2026-08-22,2026-08-22,1,0,2026-08-22T11:30:00+00:00,ENG,England,109,League Two,calendar-2026-27,2026/27,5837882,10006,Walsall,10005,Grimsby,2,finished,FETCHED,COMPLETE,FULL_MATCH,0,0
2026-08-22,2026-08-22,1,0,2026-08-22T11:35:00+00:00,CHN,China,120,Super League,calendar-2026-27,2026/27,5186590,737052,Chengdu Rongcheng FC,6628,Shanghai Shenhua,24,finished,FETCHED,COMPLETE,FULL_MATCH,6,2_PLUS
2026-08-22,2026-08-22,1,0,2026-08-22T11:35:00+00:00,CHN,China,120,Super League,calendar-2026-27,2026/27,5186591,930027,Shenzhen Peng City,51443,Zhejiang Professional,24,finished,FETCHED,COMPLETE,FULL_MATCH,2,2_PLUS
2026-08-22,2026-08-22,1,0,2026-08-22T12:00:00+00:00,ENG,England,9084,Premier League 2,calendar-2026-27,2026/27,1000019092,950214,Arsenal U21,1267874,Crystal Palace U21,1,finished,FETCHED,COMPLETE,FULL_MATCH,2,2_PLUS
2026-08-22,2026-08-22,1,0,2026-08-22T12:00:00+00:00,CHN,China,120,Super League,calendar-2026-27,2026/27,5186592,4177,Beijing Guoan,1477056,Yunnan Yukun,24,finished,FETCHED,COMPLETE,FULL_MATCH,5,2_PLUS
2026-08-22,2026-08-22,1,0,2026-08-22T12:00:00+00:00,CHN,China,120,Super League,calendar-2026-27,2026/27,5186593,1283248,Qingdao West Coast,8623,Shandong Taishan,24,finished,FETCHED,COMPLETE,FULL_MATCH,1,1
2026-08-22,2026-08-22,1,0,2026-08-22T12:00:00+00:00,FRA,Frankreich,110,Ligue 2,calendar-2026-27,2026/27,5803230,8550,Metz,7853,Laval,3,finished,FETCHED,COMPLETE,FULL_MATCH,2,2_PLUS
2026-08-22,2026-08-22,1,0,2026-08-22T12:00:00+00:00,FRA,Frankreich,110,Ligue 2,calendar-2026-27,2026/27,5803231,9830,Nantes,4120,Rodez,3,finished,FETCHED,COMPLETE,FULL_MATCH,4,2_PLUS
2026-08-22,2026-08-22,1,0,2026-08-22T12:00:00+00:00,GER,Deutschland,9676,Frauen Bundesliga,calendar-2026-27,2026/27,5934501,1513038,Nürnberg (W),394121,VfL Wolfsburg (W),1,finished,FETCHED,COMPLETE,FULL_MATCH,8,2_PLUS
2026-08-22,2026-08-22,1,0,2026-08-22T12:30:00+00:00,LVA,Lettland,226,Virsliga,calendar-2026-27,2026/27,5162048,981193,SK Super Nova,197864,BFC Daugavpils,27,finished,FETCHED,COMPLETE,FULL_MATCH,0,0
2026-08-22,2026-08-22,1,0,2026-08-22T12:30:00+00:00,RUS,Russland,63,Premier League,calendar-2026-27,2026/27,5847157,1692,Fakel,132286,Orenburg,5,finished,FETCHED,COMPLETE,FULL_MATCH,0,0
2026-08-22,2026-08-22,1,0,2026-08-22T12:45:00+00:00,POL,Polen,196,Ekstraklasa,calendar-2026-27,2026/27,5803952,8245,Korona Kielce,89466,Motor Lublin,5,finished,FETCHED,COMPLETE,FULL_MATCH,0,0
2026-08-22,2026-08-22,1,0,2026-08-22T13:00:00+00:00,SWE,Schweden,67,Allsvenskan,calendar-2026-27,2026/27,5107576,10002,Örgryte,8310,Halmstads BK,18,finished,FETCHED,COMPLETE,FULL_MATCH,0,0
2026-08-22,2026-08-22,1,0,2026-08-22T13:00:00+00:00,INT,International,9265,ASEAN Championship,calendar-2026-27,2026/27,5844768,5788,Thailand,5894,Vietnam,final,finished,FETCHED,COMPLETE,FULL_MATCH,2,2_PLUS
2026-08-22,2026-08-22,1,0,2026-08-22T13:00:00+00:00,RSA,Südafrika,9474,South Africa 8 Cup,calendar-2026-27,2026/27,6045940,612014,Sekhukhune United,7866,Orlando Pirates,1/2,finished,FETCHED,COMPLETE,FULL_MATCH,0,0
2026-08-22,2026-08-22,1,0,2026-08-22T13:30:00+00:00,GER,Deutschland,209,DFB Pokal,calendar-2026-27,2026/27,5750676,1073473,SV Hemelingen,9904,Hannover 96,1,finished,FETCHED,COMPLETE,FULL_MATCH,4,2_PLUS
2026-08-22,2026-08-22,1,0,2026-08-22T13:30:00+00:00,GER,Deutschland,209,DFB Pokal,calendar-2026-27,2026/27,5750677,276267,Viktoria Köln 1904,8165,1. FC Nürnberg,1,finished,FETCHED,COMPLETE,FULL_MATCH,2,2_PLUS
2026-08-22,2026-08-22,1,0,2026-08-22T13:30:00+00:00,GER,Deutschland,209,DFB Pokal,calendar-2026-27,2026/27,5750678,145630,FC Hansa Lüneburg,8697,Werder Bremen,1,finished,FETCHED,COMPLETE,FULL_MATCH,2,2_PLUS
2026-08-22,2026-08-22,1,0,2026-08-22T13:30:00+00:00,GER,Deutschland,209,DFB Pokal,calendar-2026-27,2026/27,5750681,8319,Erzgebirge Aue,8226,Hoffenheim,1,finished,FETCHED,COMPLETE,FULL_MATCH,1,1
2026-08-22,2026-08-22,1,0,2026-08-22T13:30:00+00:00,GER,Deutschland,209,DFB Pokal,calendar-2026-27,2026/27,5750686,8293,MSV Duisburg,8232,Elversberg,1,finished,FETCHED,COMPLETE,FULL_MATCH,3,2_PLUS
2026-08-22,2026-08-22,1,0,2026-08-22T13:30:00+00:00,GER,Deutschland,209,DFB Pokal,calendar-2026-27,2026/27,5750696,8271,Saarbrücken,8177,Hertha BSC,1,finished,FETCHED,COMPLETE,FULL_MATCH,2,2_PLUS
2026-08-22,2026-08-22,1,0,2026-08-22T14:00:00+00:00,BEL,Belgien,264,First Division B,calendar-2026-27,2026/27,1000015445,7947,FCV Dender EH,583877,Beerschot,2,finished,FETCHED,COMPLETE,FULL_MATCH,1,1
2026-08-22,2026-08-22,1,0,2026-08-22T14:00:00+00:00,BEL,Belgien,264,First Division B,calendar-2026-27,2026/27,1000015447,1173026,Club Brugge NXT,149408,RFC Seraing,2,finished,FETCHED,COMPLETE,FULL_MATCH,4,2_PLUS
2026-08-22,2026-08-22,1,0,2026-08-22T14:00:00+00:00,FIN,Finnland,51,Veikkausliiga,calendar-2026-27,2026/27,5147629,8473,FF Jaro,4449,AC Oulu,21,finished,FETCHED,COMPLETE,FULL_MATCH,1,1
2026-08-22,2026-08-22,1,0,2026-08-22T14:00:00+00:00,FIN,Finnland,51,Veikkausliiga,calendar-2026-27,2026/27,5147630,162146,Ilves,6597,VPS,21,finished,FETCHED,COMPLETE,FULL_MATCH,0,0
2026-08-22,2026-08-22,1,0,2026-08-22T14:00:00+00:00,LVA,Lettland,226,Virsliga,calendar-2026-27,2026/27,5162049,1899459,Ogre United,192962,FK Jelgava,27,finished,FETCHED,COMPLETE,FULL_MATCH,2,2_PLUS
2026-08-22,2026-08-22,1,0,2026-08-22T14:00:00+00:00,ENG,England,47,Premier League,calendar-2026-27,2026/27,5795365,8668,Everton,9826,Crystal Palace,1,finished,FETCHED,COMPLETE,FULL_MATCH,1,1
2026-08-22,2026-08-22,1,0,2026-08-22T14:00:00+00:00,ENG,England,47,Premier League,calendar-2026-27,2026/27,5795366,9902,Ipswich,8472,Sunderland,1,finished,FETCHED,COMPLETE,FULL_MATCH,1,1
2026-08-22,2026-08-22,1,0,2026-08-22T14:00:00+00:00,ENG,England,47,Premier League,calendar-2026-27,2026/27,5795367,10203,Nottm Forest,8463,Leeds,1,finished,FETCHED,COMPLETE,FULL_MATCH,1,1
2026-08-22,2026-08-22,1,0,2026-08-22T14:00:00+00:00,BEL,Belgien,40,First Division A,calendar-2026-27,2026/27,5811729,10000,Zulte Waregem,8475,SK Beveren,3,finished,FETCHED,COMPLETE,FULL_MATCH,2,2_PLUS
2026-08-22,2026-08-22,1,0,2026-08-22T14:00:00+00:00,ENG,England,48,Championship,calendar-2026-27,2026/27,5836767,8655,Blackburn,8549,Middlesbrough,2,finished,FETCHED,COMPLETE,FULL_MATCH,2,2_PLUS
2026-08-22,2026-08-22,1,0,2026-08-22T14:00:00+00:00,ENG,England,48,Championship,calendar-2026-27,2026/27,5836768,10170,Derby,8344,Cardiff,2,finished,FETCHED,COMPLETE,FULL_MATCH,1,1
2026-08-22,2026-08-22,1,0,2026-08-22T14:00:00+00:00,ENG,England,48,Championship,calendar-2026-27,2026/27,5836771,8411,Preston,8602,Wolves,2,finished,FETCHED,COMPLETE,FULL_MATCH,3,2_PLUS
2026-08-22,2026-08-22,1,0,2026-08-22T14:00:00+00:00,ENG,England,48,Championship,calendar-2026-27,2026/27,5836772,10172,QPR,8559,Bolton,2,finished,FETCHED,COMPLETE,FULL_MATCH,0,0
2026-08-22,2026-08-22,1,0,2026-08-22T14:00:00+00:00,ENG,England,48,Championship,calendar-2026-27,2026/27,5836773,8466,Southampton,10194,Stoke,2,finished,FETCHED,COMPLETE,FULL_MATCH,2,2_PLUS
2026-08-22,2026-08-22,1,0,2026-08-22T14:00:00+00:00,ENG,England,48,Championship,calendar-2026-27,2026/27,5836774,10003,Swansea,8657,Sheff Utd,2,finished,FETCHED,COMPLETE,FULL_MATCH,0,0
2026-08-22,2026-08-22,1,0,2026-08-22T14:00:00+00:00,ENG,England,48,Championship,calendar-2026-27,2026/27,5836776,8654,West Ham,8451,Charlton,2,finished,FETCHED,COMPLETE,FULL_MATCH,2,2_PLUS
2026-08-22,2026-08-22,1,0,2026-08-22T14:00:00+00:00,ENG,England,48,Championship,calendar-2026-27,2026/27,5836777,9841,Wrexham,9817,Watford,2,finished,FETCHED,COMPLETE,FULL_MATCH,0,0
2026-08-22,2026-08-22,1,0,2026-08-22T14:00:00+00:00,ENG,England,108,League One,calendar-2026-27,2026/27,5837099,158319,Wimbledon,9798,Reading,2,finished,FETCHED,COMPLETE,FULL_MATCH,0,0
2026-08-22,2026-08-22,1,0,2026-08-22T14:00:00+00:00,ENG,England,108,League One,calendar-2026-27,2026/27,5837100,45729,Bromley,9834,Cambridge,2,finished,FETCHED,COMPLETE,FULL_MATCH,2,2_PLUS
2026-08-22,2026-08-22,1,0,2026-08-22T14:00:00+00:00,ENG,England,108,League One,calendar-2026-27,2026/27,5837102,8197,Leicester,9792,Burton,2,finished,FETCHED,COMPLETE,FULL_MATCH,0,0
2026-08-22,2026-08-22,1,0,2026-08-22T14:00:00+00:00,ENG,England,108,League One,calendar-2026-27,2026/27,5837104,8645,MK Dons,9796,Huddersfield,2,finished,FETCHED,COMPLETE,FULL_MATCH,1,1
2026-08-22,2026-08-22,1,0,2026-08-22T14:00:00+00:00,ENG,England,108,League One,calendar-2026-27,2026/27,5837105,8677,Peterborough,9818,Mansfield,2,finished,FETCHED,COMPLETE,FULL_MATCH,3,2_PLUS
2026-08-22,2026-08-22,1,0,2026-08-22T14:00:00+00:00,ENG,England,108,League One,calendar-2026-27,2026/27,5837107,10253,Stevenage,8653,Oxford Utd,2,finished,FETCHED,COMPLETE,FULL_MATCH,3,2_PLUS
2026-08-22,2026-08-22,1,0,2026-08-22T14:00:00+00:00,ENG,England,108,League One,calendar-2026-27,2026/27,5837108,10007,Stockport County,8483,Blackpool,2,finished,FETCHED,COMPLETE,FULL_MATCH,1,1
2026-08-22,2026-08-22,1,0,2026-08-22T14:00:00+00:00,ENG,England,108,League One,calendar-2026-27,2026/27,5837109,8528,Wigan,8351,Leyton Orient,2,finished,FETCHED,COMPLETE,FULL_MATCH,1,1
2026-08-22,2026-08-22,1,0,2026-08-22T14:00:00+00:00,ENG,England,108,League One,calendar-2026-27,2026/27,5837110,8676,Wycombe,8401,Plymouth,2,finished,FETCHED,COMPLETE,FULL_MATCH,1,1
2026-08-22,2026-08-22,1,0,2026-08-22T14:00:00+00:00,ENG,England,109,League Two,calendar-2026-27,2026/27,5837872,8416,Colchester,9785,Oldham,2,finished,FETCHED,COMPLETE,FULL_MATCH,2,2_PLUS
2026-08-22,2026-08-22,1,0,2026-08-22T14:00:00+00:00,ENG,England,109,League Two,calendar-2026-27,2026/27,5837873,9784,Crewe,8651,Northampton,2,finished,FETCHED,COMPLETE,FULL_MATCH,1,1
2026-08-22,2026-08-22,1,0,2026-08-22T14:00:00+00:00,ENG,England,109,League Two,calendar-2026-27,2026/27,5837874,9833,Exeter,8671,Accrington,2,finished,FETCHED,COMPLETE,FULL_MATCH,0,0
2026-08-22,2026-08-22,1,0,2026-08-22T14:00:00+00:00,ENG,England,109,League Two,calendar-2026-27,2026/27,5837875,45723,Fleetwood,10173,Gillingham,2,finished,FETCHED,COMPLETE,FULL_MATCH,0,0
2026-08-22,2026-08-22,1,0,2026-08-22T14:00:00+00:00,ENG,England,109,League Two,calendar-2026-27,2026/27,5837876,9799,Port Vale,8313,Tranmere,2,finished,FETCHED,COMPLETE,FULL_MATCH,1,1
2026-08-22,2026-08-22,1,0,2026-08-22T14:00:00+00:00,ENG,England,109,League Two,calendar-2026-27,2026/27,5837877,8493,Rochdale,8647,Crawley,2,finished,FETCHED,COMPLETE,FULL_MATCH,2,2_PLUS
2026-08-22,2026-08-22,1,0,2026-08-22T14:00:00+00:00,ENG,England,109,League Two,calendar-2026-27,2026/27,5837878,8119,Rotherham,9916,York City,2,finished,FETCHED,COMPLETE,FULL_MATCH,0,0
2026-08-22,2026-08-22,1,0,2026-08-22T14:00:00+00:00,ENG,England,109,League Two,calendar-2026-27,2026/27,5837880,9896,Shrewsbury,8175,Barnet,2,finished,FETCHED,COMPLETE,FULL_MATCH,2,2_PLUS
2026-08-22,2026-08-22,1,0,2026-08-22T14:00:00+00:00,ENG,England,109,League Two,calendar-2026-27,2026/27,5837881,9795,Swindon,8680,Cheltenham,2,finished,FETCHED,COMPLETE,FULL_MATCH,2,2_PLUS
2026-08-22,2026-08-22,1,0,2026-08-22T14:00:00+00:00,UAE,Vereinigte Arabische Emirate,538,Pro League,calendar-2026-27,2026/27,5961820,149994,Ajman,102113,Hatta,2,finished,FETCHED,COMPLETE,FULL_MATCH,1,1
2026-08-22,2026-08-22,1,0,2026-08-22T14:00:00+00:00,UAE,Vereinigte Arabische Emirate,538,Pro League,calendar-2026-27,2026/27,5961821,102119,Shabab Al-Ahli Dubai FC,102118,Al-Dhafra,2,finished,FETCHED,COMPLETE,FULL_MATCH,2,2_PLUS
2026-08-22,2026-08-22,1,0,2026-08-22T14:00:00+00:00,EGY,Ägypten,519,Premier League,calendar-2026-27,2026/27,5995573,101747,Tala'ea El Gaish,101757,Al Mokawloon Al Arab,1,finished,FETCHED,COMPLETE,FULL_MATCH,1,1
2026-08-22,2026-08-22,1,0,2026-08-22T14:00:00+00:00,EGY,Ägypten,519,Premier League,calendar-2026-27,2026/27,5995574,139526,Asyut Petroleum,103017,Petrojet-Suez,1,finished,FETCHED,COMPLETE,FULL_MATCH,2,2_PLUS
2026-08-22,2026-08-22,1,0,2026-08-22T14:15:00+00:00,QAT,Katar,535,Qatar Stars League,calendar-2026-27,2026/27,5951966,203826,Al-Duhail SC,101905,Al-Sailiya,1,finished,FETCHED,COMPLETE,FULL_MATCH,2,2_PLUS
2026-08-22,2026-08-22,1,0,2026-08-22T14:30:00+00:00,NED,Niederlande,57,Eredivisie,calendar-2026-27,2026/27,5781716,6422,Fortuna Sittard,10229,AZ Alkmaar,3,finished,FETCHED,COMPLETE,FULL_MATCH,2,2_PLUS
2026-08-22,2026-08-22,1,0,2026-08-22T14:30:00+00:00,NED,Niederlande,111,Eerste Divisie,calendar-2026-27,2026/27,5832831,9761,NAC Breda,163363,Jong Ajax,3,finished,FETCHED,COMPLETE,FULL_MATCH,4,2_PLUS
2026-08-22,2026-08-22,1,0,2026-08-22T14:30:00+00:00,POR,Portugal,61,Liga Portugal,calendar-2026-27,2026/27,5887603,10212,Maritimo,1786,Academico Viseu,3,finished,FETCHED,COMPLETE,FULL_MATCH,2,2_PLUS
2026-08-22,2026-08-22,1,0,2026-08-22T15:00:00+00:00,CZE,Tschechien,122,1. Liga,calendar-2026-27,2026/27,5831144,10180,Mlada Boleslav,2021,Slovacko,5,finished,FETCHED,COMPLETE,FULL_MATCH,2,2_PLUS
2026-08-22,2026-08-22,1,0,2026-08-22T15:00:00+00:00,CZE,Tschechien,122,1. Liga,calendar-2026-27,2026/27,5831148,1860,FC Zlin,10245,Slovan Liberec,5,finished,FETCHED,COMPLETE,FULL_MATCH,1,1
2026-08-22,2026-08-22,1,0,2026-08-22T15:00:00+00:00,AUT,Österreich,38,Bundesliga,calendar-2026-27,2026/27,5845970,10008,Altach,10056,Hartberg,4,finished,FETCHED,COMPLETE,FULL_MATCH,2,2_PLUS
2026-08-22,2026-08-22,1,0,2026-08-22T15:00:00+00:00,RUS,Russland,63,Premier League,calendar-2026-27,2026/27,5847151,8708,Akhmat,8705,Rostov,5,finished,FETCHED,COMPLETE,FULL_MATCH,3,2_PLUS
2026-08-22,2026-08-22,1,0,2026-08-22T15:00:00+00:00,ESP,Spanien,87,LaLiga,calendar-2026-27,2026/27,5868021,8315,Athletic Club,8302,Sevilla,2,finished,FETCHED,COMPLETE,FULL_MATCH,3,2_PLUS
2026-08-22,2026-08-22,1,0,2026-08-22T15:00:00+00:00,ESP,Spanien,140,LaLiga2,calendar-2026-27,2026/27,5868412,8670,Real Oviedo,7854,Leganes,2,finished,FETCHED,COMPLETE,FULL_MATCH,0,0
2026-08-22,2026-08-22,1,0,2026-08-22T15:00:00+00:00,CZE,Tschechien,122,1. Liga,calendar-2026-27,2026/27,5943689,106189,Artis Brno,10247,Sparta Prague,5,finished,FETCHED,COMPLETE,FULL_MATCH,2,2_PLUS
2026-08-22,2026-08-22,1,0,2026-08-22T15:15:00+00:00,FRA,Frankreich,53,Ligue 1,calendar-2026-27,2026/27,5802904,8588,Lens,8583,Auxerre,1,finished,FETCHED,COMPLETE,FULL_MATCH,6,2_PLUS
2026-08-22,2026-08-22,1,0,2026-08-22T15:30:00+00:00,POL,Polen,196,Ekstraklasa,calendar-2026-27,2026/27,5803954,8028,Piast Gliwice,8673,Legia Warszawa,5,finished,FETCHED,COMPLETE,FULL_MATCH,1,1
2026-08-22,2026-08-22,1,0,2026-08-22T15:30:00+00:00,ROU,Rumänien,189,Liga I,calendar-2026-27,2026/27,5853479,584663,UTA Arad,1515102,Corvinul Hunedoara,6,finished,FETCHED,COMPLETE,FULL_MATCH,0,0
2026-08-22,2026-08-22,1,0,2026-08-22T15:45:00+00:00,KSA,Saudi-Arabien,536,Saudi Pro League,calendar-2026-27,2026/27,5970095,177356,Al Fateh FC,101915,Al-Ettifaq,2,finished,FETCHED,COMPLETE,FULL_MATCH,1,1
2026-08-22,2026-08-22,1,0,2026-08-22T16:00:00+00:00,PER,Peru,131,Liga 1,calendar-2026-27,2026/27,1000017208,165148,Sport Huancayo,1573140,Club Deportivo Moquegua,Clausura - Round 6,finished,FETCHED,COMPLETE,FULL_MATCH,1,1
2026-08-22,2026-08-22,1,0,2026-08-22T16:00:00+00:00,GER,Deutschland,209,DFB Pokal,calendar-2026-27,2026/27,5750672,7774,Eintracht Trier,178475,RB Leipzig,1,finished,FETCHED,COMPLETE,FULL_MATCH,3,2_PLUS
2026-08-22,2026-08-22,1,0,2026-08-22T16:00:00+00:00,GER,Deutschland,209,DFB Pokal,calendar-2026-27,2026/27,5750693,94941,Sonnenhof Großaspach,9912,Arminia Bielefeld,1,finished,FETCHED,COMPLETE,FULL_MATCH,1,1
2026-08-22,2026-08-22,1,0,2026-08-22T16:00:00+00:00,GER,Deutschland,209,DFB Pokal,calendar-2026-27,2026/27,5750698,9753,1860 München,8150,Holstein Kiel,1,finished,FETCHED,COMPLETE,FULL_MATCH,1,1
2026-08-22,2026-08-22,1,0,2026-08-22T16:00:00+00:00,SVK,Slowakei,176,1. liga,calendar-2026-27,2026/27,5772163,10186,Ruzomberok,2169,Dukla Banska Bystrica,5,finished,FETCHED,COMPLETE,FULL_MATCH,1,1
2026-08-22,2026-08-22,1,0,2026-08-22T16:00:00+00:00,SVK,Slowakei,176,1. liga,calendar-2026-27,2026/27,5772164,103598,DAC 1904 Dunajska Streda,2437,Zeleziarne Podbrezova,5,finished,FETCHED,COMPLETE,FULL_MATCH,5,2_PLUS
2026-08-22,2026-08-22,1,0,2026-08-22T16:00:00+00:00,SVK,Slowakei,176,1. liga,calendar-2026-27,2026/27,5772165,9899,Zemplin Michalovce,555292,Skalica,5,finished,FETCHED,COMPLETE,FULL_MATCH,1,1
2026-08-22,2026-08-22,1,0,2026-08-22T16:00:00+00:00,SUI,Schweiz,69,Super League,calendar-2026-27,2026/27,5804238,10199,Luzern,7730,Lausanne,4,finished,FETCHED,COMPLETE,FULL_MATCH,0,0
2026-08-22,2026-08-22,1,0,2026-08-22T16:00:00+00:00,SUI,Schweiz,163,Challenge League,calendar-2026-27,2026/27,5804570,10175,Wil,6404,Kriens,4,finished,FETCHED,COMPLETE,FULL_MATCH,1,1
2026-08-22,2026-08-22,1,0,2026-08-22T16:00:00+00:00,TUR,Türkei,71,Süper Lig,calendar-2026-27,2026/27,5904716,2166,Rizespor,9750,Samsunspor,2,finished,FETCHED,COMPLETE,FULL_MATCH,1,1
2026-08-22,2026-08-22,1,0,2026-08-22T16:00:00+00:00,TUR,Türkei,71,Süper Lig,calendar-2026-27,2026/27,5904718,357274,Çorum FK,4685,Kasımpaşa,2,finished,FETCHED,COMPLETE,FULL_MATCH,0,0
2026-08-22,2026-08-22,1,0,2026-08-22T16:00:00+00:00,TUR,Türkei,165,1. Lig,calendar-2026-27,2026/27,5908594,1281818,Igdir FK,10182,Kayserispor,3,finished,FETCHED,COMPLETE,FULL_MATCH,1,1
2026-08-22,2026-08-22,1,0,2026-08-22T16:00:00+00:00,TUR,Türkei,165,1. Lig,calendar-2026-27,2026/27,5908599,281460,Ümraniyespor,863838,Esenler Erokspor,3,finished,FETCHED,COMPLETE,FULL_MATCH,2,2_PLUS
2026-08-22,2026-08-22,1,0,2026-08-22T16:10:00+00:00,KSA,Saudi-Arabien,536,Saudi Pro League,calendar-2026-27,2026/27,5970096,1523706,Al Kholood,205686,Al-Taawoun,2,finished,FETCHED,COMPLETE,FULL_MATCH,2,2_PLUS
2026-08-22,2026-08-22,1,0,2026-08-22T16:15:00+00:00,KSA,Saudi-Arabien,10721,Saudi First Division,calendar-2026-27,2026/27,1000018417,1523707,Al Najma,1652183,Al-Jandal,1,finished,FETCHED,COMPLETE,FULL_MATCH,1,1
2026-08-22,2026-08-22,1,0,2026-08-22T16:15:00+00:00,BEL,Belgien,40,First Division A,calendar-2026-27,2026/27,5811730,9986,Sporting Charleroi,8203,KV Mechelen,3,finished,FETCHED,COMPLETE,FULL_MATCH,1,1
2026-08-22,2026-08-22,1,0,2026-08-22T16:20:00+00:00,KSA,Saudi-Arabien,10721,Saudi First Division,calendar-2026-27,2026/27,1000018418,101917,Al Taee,582759,Al Akhdoud,1,finished,FETCHED,COMPLETE,FULL_MATCH,2,2_PLUS
2026-08-22,2026-08-22,1,0,2026-08-22T16:30:00+00:00,SRB,Serbien,182,Super Liga,calendar-2026-27,2026/27,1000015104,563180,Macva Sabac,6410,Radnicki Nis,6,finished,FETCHED,COMPLETE,FULL_MATCH,1,1
2026-08-22,2026-08-22,1,0,2026-08-22T16:30:00+00:00,ITA,Italien,55,Serie A,calendar-2026-27,2026/27,5749645,8636,Inter,6504,Monza,1,finished,FETCHED,COMPLETE,FULL_MATCH,3,2_PLUS
2026-08-22,2026-08-22,1,0,2026-08-22T16:30:00+00:00,ITA,Italien,55,Serie A,calendar-2026-27,2026/27,5749648,8600,Udinese,10171,Como,1,finished,FETCHED,COMPLETE,FULL_MATCH,1,1
2026-08-22,2026-08-22,1,0,2026-08-22T16:30:00+00:00,DEN,Dänemark,85,1. Division,calendar-2026-27,2026/27,5764584,9805,AB,10240,Hvidovre,5,finished,FETCHED,COMPLETE,FULL_MATCH,1,1
2026-08-22,2026-08-22,1,0,2026-08-22T16:30:00+00:00,CRO,Kroatien,252,HNL,calendar-2026-27,2026/27,5765913,1581,Slaven,206560,HNK Gorica,4,finished,FETCHED,COMPLETE,FULL_MATCH,0,0
2026-08-22,2026-08-22,1,0,2026-08-22T16:30:00+00:00,ENG,England,47,Premier League,calendar-2026-27,2026/27,5795368,9937,Brentford,8586,Tottenham,1,finished,FETCHED,COMPLETE,FULL_MATCH,1,1
2026-08-22,2026-08-22,1,0,2026-08-22T16:30:00+00:00,QAT,Katar,535,Qatar Stars League,calendar-2026-27,2026/27,5951967,101895,Al-Sadd,179097,Al-Ahli,1,finished,FETCHED,COMPLETE,FULL_MATCH,1,1
2026-08-22,2026-08-22,1,0,2026-08-22T16:35:00+00:00,UAE,Vereinigte Arabische Emirate,538,Pro League,calendar-2026-27,2026/27,5961822,102117,Al-Ain,149993,Khorfakkan,2,finished,FETCHED,COMPLETE,FULL_MATCH,0,0
2026-08-22,2026-08-22,1,0,2026-08-22T16:45:00+00:00,NED,Niederlande,57,Eredivisie,calendar-2026-27,2026/27,5781715,8614,Sparta Rotterdam,9908,FC Utrecht,3,finished,FETCHED,COMPLETE,FULL_MATCH,4,2_PLUS
2026-08-22,2026-08-22,1,0,2026-08-22T16:45:00+00:00,SCO,Schottland,64,Premiership,calendar-2026-27,2026/27,5793910,9938,Dundee United,8284,Dundee FC,3,finished,FETCHED,COMPLETE,FULL_MATCH,1,1
2026-08-22,2026-08-22,1,0,2026-08-22T17:00:00+00:00,USA,USA,10282,MLS Next Pro,calendar-2026-27,2026/27,1000007725,915806,Atlanta United 2,722266,Orlando City B,26,finished,FETCHED,COMPLETE,FULL_MATCH,4,2_PLUS
2026-08-22,2026-08-22,1,0,2026-08-22T17:00:00+00:00,SRB,Serbien,182,Super Liga,calendar-2026-27,2026/27,1000015105,1675,FK Radnicki 1923,568569,FK IMT Beograd,6,finished,FETCHED,COMPLETE,FULL_MATCH,2,2_PLUS
2026-08-22,2026-08-22,1,0,2026-08-22T17:00:00+00:00,ISR,Israel,127,Ligat ha'Al,calendar-2026-27,2026/27,1000015247,7929,Maccabi Petach Tikva,2095,Hapoel Ironi Kiryat Shmona,1,finished,FETCHED,COMPLETE,FULL_MATCH,1,1
2026-08-22,2026-08-22,1,0,2026-08-22T17:00:00+00:00,ISR,Israel,127,Ligat ha'Al,calendar-2026-27,2026/27,1000015248,543580,Ironi Tiberias,9755,Hapoel Petah Tikva,1,finished,FETCHED,COMPLETE,FULL_MATCH,1,1
2026-08-22,2026-08-22,1,0,2026-08-22T17:00:00+00:00,ESP,Spanien,140,LaLiga2,calendar-2026-27,2026/27,5868404,8393,Albacete,161744,Real Sociedad B,2,finished,FETCHED,COMPLETE,FULL_MATCH,1,1
2026-08-22,2026-08-22,1,0,2026-08-22T17:00:00+00:00,ESP,Spanien,140,LaLiga2,calendar-2026-27,2026/27,5868407,357259,AD Ceuta FC,8306,Las Palmas,2,finished,FETCHED,COMPLETE,FULL_MATCH,1,1
2026-08-22,2026-08-22,1,0,2026-08-22T17:00:00+00:00,POR,Portugal,61,Liga Portugal,calendar-2026-27,2026/27,5887601,7842,Estoril,7841,Rio Ave,3,finished,FETCHED,COMPLETE,FULL_MATCH,1,1
2026-08-22,2026-08-22,1,0,2026-08-22T17:00:00+00:00,GRE,Griechenland,135,Super League 1,calendar-2026-27,2026/27,5943225,8563,AEK Athens,8675,Iraklis,1,finished,FETCHED,COMPLETE,FULL_MATCH,2,2_PLUS
2026-08-22,2026-08-22,1,0,2026-08-22T17:00:00+00:00,GRE,Griechenland,135,Super League 1,calendar-2026-27,2026/27,5943226,1585,Kalamata,8239,Aris Thessaloniki,1,finished,FETCHED,COMPLETE,FULL_MATCH,3,2_PLUS
2026-08-22,2026-08-22,1,0,2026-08-22T17:00:00+00:00,ITA,Italien,86,Serie B,calendar-2026-27,2026/27,5967041,6488,Carrarese,9889,Mantova,1,finished,FETCHED,COMPLETE,FULL_MATCH,2,2_PLUS
2026-08-22,2026-08-22,1,0,2026-08-22T17:00:00+00:00,ITA,Italien,86,Serie B,calendar-2026-27,2026/27,5967047,189475,Südtirol,208932,Virtus Entella,1,finished,FETCHED,COMPLETE,FULL_MATCH,1,1
2026-08-22,2026-08-22,1,0,2026-08-22T17:00:00+00:00,EGY,Ägypten,519,Premier League,calendar-2026-27,2026/27,5995575,101752,Ghazl Al Mahalla,517894,Pyramids FC,1,finished,FETCHED,COMPLETE,FULL_MATCH,2,2_PLUS
2026-08-22,2026-08-22,1,0,2026-08-22T17:00:00+00:00,EGY,Ägypten,519,Premier League,calendar-2026-27,2026/27,5995576,101762,Al Masry SC,205189,Smouha SC,1,finished,FETCHED,COMPLETE,FULL_MATCH,1,1
2026-08-22,2026-08-22,1,0,2026-08-22T17:15:00+00:00,RUS,Russland,63,Premier League,calendar-2026-27,2026/27,5847154,9760,CSKA,8710,Lokomotiv,5,finished,FETCHED,COMPLETE,FULL_MATCH,3,2_PLUS
2026-08-22,2026-08-22,1,0,2026-08-22T17:30:00+00:00,ISR,Israel,127,Ligat ha'Al,calendar-2026-27,2026/27,1000015250,10185,Maccabi Haifa,89753,Hapoel Ramat Gan,1,finished,FETCHED,COMPLETE,FULL_MATCH,2,2_PLUS
2026-08-22,2026-08-22,1,0,2026-08-22T17:30:00+00:00,AUT,Österreich,38,Bundesliga,calendar-2026-27,2026/27,5845971,10014,Sturm Graz,9982,Austria Lustenau,4,finished,FETCHED,COMPLETE,FULL_MATCH,1,1
2026-08-22,2026-08-22,1,0,2026-08-22T17:30:00+00:00,ESP,Spanien,87,LaLiga,calendar-2026-27,2026/27,5868030,10267,Valencia,9910,Celta Vigo,2,finished,FETCHED,COMPLETE,FULL_MATCH,0,0
2026-08-22,2026-08-22,1,0,2026-08-22T17:50:00+00:00,KSA,Saudi-Arabien,10721,Saudi First Division,calendar-2026-27,2026/27,1000018419,463259,Al-Orobah FC,150413,Al-Raed,1,finished,FETCHED,COMPLETE,FULL_MATCH,0,0
2026-08-22,2026-08-22,1,0,2026-08-22T18:00:00+00:00,CAN,Kanada,9986,Premier League,calendar-2026-27,2026/27,1000008691,1022948,HFX Wanderers FC,1436202,Vancouver FC,19,finished,FETCHED,COMPLETE,FULL_MATCH,0,0
2026-08-22,2026-08-22,1,0,2026-08-22T18:00:00+00:00,BEL,Belgien,264,First Division B,calendar-2026-27,2026/27,1000015448,465631,K. Lierse SK,274583,Patro Eisden,2,finished,FETCHED,COMPLETE,FULL_MATCH,3,2_PLUS
2026-08-22,2026-08-22,1,0,2026-08-22T18:00:00+00:00,FRA,Frankreich,110,Ligue 2,calendar-2026-27,2026/27,5803235,9853,Saint-Etienne,9855,Grenoble,3,finished,FETCHED,COMPLETE,FULL_MATCH,1,1
2026-08-22,2026-08-22,1,0,2026-08-22T18:00:00+00:00,CZE,Tschechien,122,1. Liga,calendar-2026-27,2026/27,5831146,7787,Slavia Prague,1670,Bohemians 1905,5,finished,FETCHED,COMPLETE,FULL_MATCH,2,2_PLUS
2026-08-22,2026-08-22,1,0,2026-08-22T18:00:00+00:00,KSA,Saudi-Arabien,536,Saudi Pro League,calendar-2026-27,2026/27,5970097,2530,Al Ahli,150414,Abha,2,finished,FETCHED,COMPLETE,FULL_MATCH,2,2_PLUS
2026-08-22,2026-08-22,1,0,2026-08-22T18:00:00+00:00,KSA,Saudi-Arabien,536,Saudi Pro League,calendar-2026-27,2026/27,5970098,550433,Al Khaleej,101916,Al Shabab,2,finished,FETCHED,COMPLETE,FULL_MATCH,0,0
2026-08-22,2026-08-22,1,0,2026-08-22T18:15:00+00:00,PER,Peru,131,Liga 1,calendar-2026-27,2026/27,1000017209,425692,CD UT Cajamarca,536945,Comerciantes Unidos,Clausura - Round 6,finished,FETCHED,COMPLETE,FULL_MATCH,2,2_PLUS
2026-08-22,2026-08-22,1,0,2026-08-22T18:15:00+00:00,POL,Polen,196,Ekstraklasa,calendar-2026-27,2026/27,5803958,8025,Śląsk Wrocław,8024,Widzew Łódź,5,finished,FETCHED,COMPLETE,FULL_MATCH,4,2_PLUS
2026-08-22,2026-08-22,1,0,2026-08-22T18:30:00+00:00,SVK,Slowakei,176,1. liga,calendar-2026-27,2026/27,5772167,969268,FC Kosice,6019,Slovan Bratislava,5,finished,FETCHED,COMPLETE,FULL_MATCH,1,1
2026-08-22,2026-08-22,1,0,2026-08-22T18:30:00+00:00,GER,Deutschland,8924,Super Cup,calendar-2026-27,2026/27,5801099,9789,Dortmund,9823,Bayern München,final,finished,FETCHED,COMPLETE,FULL_MATCH,1,1
2026-08-22,2026-08-22,1,0,2026-08-22T18:30:00+00:00,SUI,Schweiz,69,Super League,calendar-2026-27,2026/27,5804239,10243,FC Zürich,9931,Basel,4,finished,FETCHED,COMPLETE,FULL_MATCH,2,2_PLUS
2026-08-22,2026-08-22,1,0,2026-08-22T18:30:00+00:00,ROU,Rumänien,189,Liga I,calendar-2026-27,2026/27,5853473,10271,Dinamo Bucuresti,89022,Universitatea Cluj,6,finished,FETCHED,COMPLETE,FULL_MATCH,2,2_PLUS
2026-08-22,2026-08-22,1,0,2026-08-22T18:30:00+00:00,TUR,Türkei,71,Süper Lig,calendar-2026-27,2026/27,5904719,8695,Fenerbahçe,8622,Konyaspor,2,finished,FETCHED,COMPLETE,FULL_MATCH,2,2_PLUS
2026-08-22,2026-08-22,1,0,2026-08-22T18:30:00+00:00,TUR,Türkei,165,1. Lig,calendar-2026-27,2026/27,5908596,1931,Antalyaspor,95745,Pendikspor,3,finished,FETCHED,COMPLETE,FULL_MATCH,3,2_PLUS
2026-08-22,2026-08-22,1,0,2026-08-22T18:30:00+00:00,TUR,Türkei,165,1. Lig,calendar-2026-27,2026/27,5908603,658811,Bodrum FK,178387,Muglaspor,3,finished,FETCHED,COMPLETE,FULL_MATCH,0,0
2026-08-22,2026-08-22,1,0,2026-08-22T18:30:00+00:00,GRE,Griechenland,135,Super League 1,calendar-2026-27,2026/27,5943228,8638,Olympiacos,10187,Atromitos,1,finished,FETCHED,COMPLETE,FULL_MATCH,1,1
2026-08-22,2026-08-22,1,0,2026-08-22T18:45:00+00:00,ITA,Italien,55,Serie A,calendar-2026-27,2026/27,5749644,10233,Genoa,9875,Napoli,1,finished,FETCHED,COMPLETE,FULL_MATCH,2,2_PLUS
2026-08-22,2026-08-22,1,0,2026-08-22T18:45:00+00:00,ITA,Italien,55,Serie A,calendar-2026-27,2026/27,5749646,10167,Parma,8529,Cagliari,1,finished,FETCHED,COMPLETE,FULL_MATCH,1,1
2026-08-22,2026-08-22,1,0,2026-08-22T18:45:00+00:00,FRA,Frankreich,53,Ligue 1,calendar-2026-27,2026/27,5802903,8682,Le Mans,8521,Brest,1,finished,FETCHED,COMPLETE,FULL_MATCH,2,2_PLUS
2026-08-22,2026-08-22,1,0,2026-08-22T18:45:00+00:00,FRA,Frankreich,53,Ligue 1,calendar-2026-27,2026/27,5802906,9831,Nice,8689,Lorient,1,finished,FETCHED,COMPLETE,FULL_MATCH,0,0
2026-08-22,2026-08-22,1,0,2026-08-22T18:45:00+00:00,FRA,Frankreich,53,Ligue 1,calendar-2026-27,2026/27,5802908,9941,Toulouse,9748,Lyon,1,finished,FETCHED,COMPLETE,FULL_MATCH,2,2_PLUS
2026-08-22,2026-08-22,1,0,2026-08-22T18:45:00+00:00,FRA,Frankreich,53,Ligue 1,calendar-2026-27,2026/27,5802909,10242,Troyes,6379,Paris FC,1,finished,FETCHED,COMPLETE,FULL_MATCH,0,0
2026-08-22,2026-08-22,1,0,2026-08-22T18:45:00+00:00,BEL,Belgien,40,First Division A,calendar-2026-27,2026/27,5811731,9988,Royal Antwerp,9987,Genk,3,finished,FETCHED,COMPLETE,FULL_MATCH,6,2_PLUS
2026-08-22,2026-08-22,1,0,2026-08-22T19:00:00+00:00,ECU,Ecuador,246,Serie A,calendar-2026-27,2026/27,1000009079,113053,Universidad Catolica,162922,Manta,26,finished,FETCHED,COMPLETE,FULL_MATCH,2,2_PLUS
2026-08-22,2026-08-22,1,0,2026-08-22T19:00:00+00:00,SRB,Serbien,182,Super Liga,calendar-2026-27,2026/27,1000015107,8692,OFK Beograd,6231,FK Zemun,6,finished,FETCHED,COMPLETE,FULL_MATCH,0,0
2026-08-22,2026-08-22,1,0,2026-08-22T19:00:00+00:00,PAR,Paraguay,199,Division Profesional,calendar-2026-27,2026/27,1000017382,1242560,Sportivo Ameliano,1427854,Recoleta,Clausura - Round 6,finished,FETCHED,COMPLETE,FULL_MATCH,2,2_PLUS
2026-08-22,2026-08-22,1,0,2026-08-22T19:00:00+00:00,BOL,Bolivien,144,Primera Division,calendar-2026-27,2026/27,1000019018,1297346,ABB,1504770,GV San Jose,16,finished,FETCHED,COMPLETE,FULL_MATCH,2,2_PLUS
2026-08-22,2026-08-22,1,0,2026-08-22T19:00:00+00:00,BRA,Brasilien,268,Serie A,calendar-2026-27,2026/27,5103594,9863,Fluminense,1626,Remo,24,finished,FETCHED,COMPLETE,FULL_MATCH,2,2_PLUS
2026-08-22,2026-08-22,1,0,2026-08-22T19:00:00+00:00,ARG,Argentinien,112,Liga Profesional,calendar-2026-27,2026/27,5115949,161727,Atletico Tucuman,10090,Instituto,6,finished,FETCHED,COMPLETE,FULL_MATCH,0,0
2026-08-22,2026-08-22,1,0,2026-08-22T19:00:00+00:00,ARG,Argentinien,112,Liga Profesional,calendar-2026-27,2026/27,5115953,10103,Gimnasia LP,568727,Gimnasia Mendoza,6,finished,FETCHED,COMPLETE,FULL_MATCH,3,2_PLUS
2026-08-22,2026-08-22,1,0,2026-08-22T19:00:00+00:00,CRO,Kroatien,252,HNL,calendar-2026-27,2026/27,5765909,10156,Dinamo Zagreb,10165,NK Varazdin,4,finished,FETCHED,COMPLETE,FULL_MATCH,3,2_PLUS
2026-08-22,2026-08-22,1,0,2026-08-22T19:00:00+00:00,NED,Niederlande,57,Eredivisie,calendar-2026-27,2026/27,5781719,10228,SC Heerenveen,6413,PEC Zwolle,3,finished,FETCHED,COMPLETE,FULL_MATCH,2,2_PLUS
2026-08-22,2026-08-22,1,0,2026-08-22T19:00:00+00:00,ITA,Italien,86,Serie B,calendar-2026-27,2026/27,5967039,6722,Avellino,9849,Arezzo,1,finished,FETCHED,COMPLETE,FULL_MATCH,2,2_PLUS
2026-08-22,2026-08-22,1,0,2026-08-22T19:00:00+00:00,ITA,Italien,86,Serie B,calendar-2026-27,2026/27,5967040,6266,Benevento,9887,Modena,1,finished,FETCHED,COMPLETE,FULL_MATCH,2,2_PLUS
2026-08-22,2026-08-22,1,0,2026-08-22T19:00:00+00:00,ITA,Italien,86,Serie B,calendar-2026-27,2026/27,5967043,8534,Empoli,7801,Cremonese,1,finished,FETCHED,COMPLETE,FULL_MATCH,0,0
2026-08-22,2026-08-22,1,0,2026-08-22T19:30:00+00:00,ESP,Spanien,87,LaLiga,calendar-2026-27,2026/27,5868025,8558,Espanyol,8633,Real Madrid,2,finished,FETCHED,COMPLETE,FULL_MATCH,1,1
2026-08-22,2026-08-22,1,0,2026-08-22T19:30:00+00:00,ESP,Spanien,140,LaLiga2,calendar-2026-27,2026/27,5868410,8288,Eldense,8385,Cadiz,2,finished,FETCHED,COMPLETE,FULL_MATCH,4,2_PLUS
2026-08-22,2026-08-22,1,0,2026-08-22T19:30:00+00:00,POR,Portugal,61,Liga Portugal,calendar-2026-27,2026/27,5887607,9768,Sporting CP,9780,Alverca,3,finished,FETCHED,COMPLETE,FULL_MATCH,3,2_PLUS
2026-08-22,2026-08-22,1,0,2026-08-22T20:30:00+00:00,CAN,Kanada,9986,Premier League,calendar-2026-27,2026/27,1000008692,1022952,Cavalry FC,1135780,Atlético Ottawa,19,finished,FETCHED,COMPLETE,FULL_MATCH,1,1
2026-08-22,2026-08-22,1,0,2026-08-22T20:30:00+00:00,COL,Kolumbien,274,Primera A,calendar-2026-27,2026/27,1000014099,193025,Aguilas Doradas,4403,Millonarios,Clausura - Round 6,finished,FETCHED,COMPLETE,FULL_MATCH,2,2_PLUS
2026-08-22,2026-08-22,1,0,2026-08-22T20:30:00+00:00,PER,Peru,131,Liga 1,calendar-2026-27,2026/27,1000017202,1573153,ADC Juan Pablo II,1104719,Asociacion Deportiva Tarma,Clausura - Round 6,finished,FETCHED,COMPLETE,FULL_MATCH,4,2_PLUS
2026-08-22,2026-08-22,1,0,2026-08-22T21:00:00+00:00,USA,USA,10282,MLS Next Pro,calendar-2026-27,2026/27,1000007724,1348108,New York City FC II,1121686,New England Revolution II,26,finished,FETCHED,COMPLETE,FULL_MATCH,1,1
2026-08-22,2026-08-22,1,0,2026-08-22T21:00:00+00:00,BRA,Brasilien,8814,Serie B,calendar-2026-27,2026/27,5190673,172341,Ceará,298660,Londrina EC,24,finished,FETCHED,COMPLETE,FULL_MATCH,1,1
2026-08-22,2026-08-22,1,0,2026-08-22T21:05:00+00:00,COL,Kolumbien,274,Primera A,calendar-2026-27,2026/27,1000014097,1894,Tolima,4401,Bucaramanga,Clausura - Round 6,finished,FETCHED,COMPLETE,FULL_MATCH,0,0
2026-08-22,2026-08-22,1,0,2026-08-22T21:15:00+00:00,BOL,Bolivien,144,Primera Division,calendar-2026-27,2026/27,1000019019,49720,Aurora,1846,Real Potosi,16,finished,FETCHED,COMPLETE,FULL_MATCH,0,0
2026-08-22,2026-08-22,1,0,2026-08-22T21:30:00+00:00,ECU,Ecuador,246,Serie A,calendar-2026-27,2026/27,1000009074,113054,Tecnico Universitario,194754,Guayaquil City,26,finished,FETCHED,COMPLETE,FULL_MATCH,4,2_PLUS
2026-08-22,2026-08-22,1,0,2026-08-22T21:30:00+00:00,CHI,Chile,273,Liga de Primera,calendar-2026-27,2026/27,1000013210,4056,Huachipato,584840,Deportes Limache,20,finished,FETCHED,COMPLETE,FULL_MATCH,1,1
2026-08-22,2026-08-22,1,0,2026-08-22T21:30:00+00:00,BRA,Brasilien,268,Serie A,calendar-2026-27,2026/27,5103600,8702,Internacional,10272,Atlético-MG,24,finished,FETCHED,COMPLETE,FULL_MATCH,0,0
2026-08-22,2026-08-22,1,0,2026-08-22T21:30:00+00:00,ARG,Argentinien,112,Liga Profesional,calendar-2026-27,2026/27,5115955,10078,Independiente,161729,Independiente Rivadavia,6,finished,FETCHED,COMPLETE,FULL_MATCH,0,0
2026-08-22,2026-08-22,1,0,2026-08-22T21:30:00+00:00,BRA,Brasilien,8814,Serie B,calendar-2026-27,2026/27,5190677,197815,Cuiabá,9862,Goiás,24,finished,FETCHED,COMPLETE,FULL_MATCH,1,1
2026-08-22,"2026-08-22,2026-08-23",2,1,2026-08-22T22:30:00+00:00,USA,USA,8972,USL Championship,calendar-2026-27,2026/27,5109904,1003205,Loudoun United FC,1003208,New Mexico United,1,finished,FETCHED,COMPLETE,FULL_MATCH,0,0
2026-08-22,"2026-08-22,2026-08-23",2,1,2026-08-22T22:30:00+00:00,USA,USA,9134,NWSL,calendar-2026-27,2026/27,5161609,1237561,Kansas City Current (W),433031,Seattle Reign FC (W),0,finished,FETCHED,COMPLETE,FULL_MATCH,1,1
2026-08-22,"2026-08-22,2026-08-23",2,1,2026-08-22T23:00:00+00:00,CAN,Kanada,10872,Northern Super League,calendar-2026-27,2026/27,1000009206,1739719,Ottawa Rapid FC,1739724,Vancouver Rise FC,Regular Season,finished,FETCHED,COMPLETE,FULL_MATCH,5,2_PLUS
2026-08-22,"2026-08-22,2026-08-23",2,1,2026-08-22T23:00:00+00:00,USA,USA,9296,USL League One,calendar-2026-27,2026/27,5109513,1004918,Chattanooga Red Wolves SC,422694,Cosmos,25,finished,FETCHED,COMPLETE,FULL_MATCH,3,2_PLUS
2026-08-22,"2026-08-22,2026-08-23",2,1,2026-08-22T23:00:00+00:00,USA,USA,9296,USL League One,calendar-2026-27,2026/27,5109517,267811,Richmond Kickers,1701883,Portland Hearts of Pine,25,finished,FETCHED,COMPLETE,FULL_MATCH,1,1
2026-08-22,"2026-08-22,2026-08-23",2,1,2026-08-22T23:00:00+00:00,USA,USA,9296,USL League One,calendar-2026-27,2026/27,5109519,1121685,Union Omaha,1448561,Sarasota Paradise,25,finished,FETCHED,COMPLETE,FULL_MATCH,1,1
2026-08-22,"2026-08-22,2026-08-23",2,1,2026-08-22T23:00:00+00:00,USA,USA,8972,USL Championship,calendar-2026-27,2026/27,5109898,1877733,Brooklyn,267816,Pittsburgh Riverhounds SC,1,finished,FETCHED,COMPLETE,FULL_MATCH,1,1
2026-08-22,"2026-08-22,2026-08-23",2,1,2026-08-22T23:00:00+00:00,USA,USA,8972,USL Championship,calendar-2026-27,2026/27,5109901,540855,Detroit City FC,197328,Tampa Bay Rowdies,1,finished,FETCHED,COMPLETE,FULL_MATCH,0,0
2026-08-22,"2026-08-22,2026-08-23",2,1,2026-08-22T23:00:00+00:00,USA,USA,8972,USL Championship,calendar-2026-27,2026/27,5109902,514649,Indy Eleven,614316,Louisville City FC,1,finished,FETCHED,COMPLETE,FULL_MATCH,2,2_PLUS
2026-08-22,"2026-08-22,2026-08-23",2,1,2026-08-22T23:00:00+00:00,USA,USA,8972,USL Championship,calendar-2026-27,2026/27,5109903,1430405,Lexington SC,915809,Las Vegas Lights FC,1,finished,FETCHED,COMPLETE,FULL_MATCH,2,2_PLUS
2026-08-22,"2026-08-22,2026-08-23",2,1,2026-08-22T23:07:00+00:00,MEX,Mexiko,230,Liga MX,calendar-2026-27,2026/27,1000014538,7807,Chivas,162418,Tijuana,5,finished,FETCHED,COMPLETE,FULL_MATCH,4,2_PLUS
2026-08-22,"2026-08-22,2026-08-23",2,1,2026-08-22T23:10:00+00:00,COL,Kolumbien,274,Primera A,calendar-2026-27,2026/27,1000014102,7818,Santa Fe,10280,America de Cali,Clausura - Round 6,finished,FETCHED,COMPLETE,FULL_MATCH,0,0
2026-08-22,"2026-08-22,2026-08-23",2,1,2026-08-22T23:30:00+00:00,USA,USA,10282,MLS Next Pro,calendar-2026-27,2026/27,1000007726,1610955,Carolina Core FC,1348109,FC Cincinnati 2,26,finished,FETCHED,COMPLETE,FULL_MATCH,4,2_PLUS
2026-08-22,"2026-08-22,2026-08-23",2,1,2026-08-22T23:30:00+00:00,CAN,Kanada,9986,Premier League,calendar-2026-27,2026/27,1000008693,1022955,Forge FC,1022953,Pacific FC,19,finished,FETCHED,COMPLETE,FULL_MATCH,2,2_PLUS
2026-08-22,"2026-08-22,2026-08-23",2,1,2026-08-22T23:30:00+00:00,BOL,Bolivien,144,Primera Division,calendar-2026-27,2026/27,1000019020,164353,Nacional Potosi,958325,Independiente Petrolero,16,finished,FETCHED,COMPLETE,FULL_MATCH,2,2_PLUS
2026-08-22,"2026-08-22,2026-08-23",2,1,2026-08-22T23:30:00+00:00,USA,USA,130,MLS,calendar-2026-27,2026/27,5071291,1323940,Charlotte FC,6602,DC United,21,finished,FETCHED,COMPLETE,FULL_MATCH,4,2_PLUS
2026-08-22,"2026-08-22,2026-08-23",2,1,2026-08-22T23:30:00+00:00,USA,USA,130,MLS,calendar-2026-27,2026/27,5071292,722265,Cincinnati,130394,Seattle Sounders,21,finished,FETCHED,COMPLETE,FULL_MATCH,1,1
2026-08-22,"2026-08-22,2026-08-23",2,1,2026-08-22T23:30:00+00:00,USA,USA,130,MLS,calendar-2026-27,2026/27,5071293,960720,Inter Miami CF,56453,Toronto,21,finished,FETCHED,COMPLETE,FULL_MATCH,3,2_PLUS
2026-08-22,"2026-08-22,2026-08-23",2,1,2026-08-22T23:30:00+00:00,USA,USA,130,MLS,calendar-2026-27,2026/27,5071294,161195,Montreal,6637,LA Galaxy,21,finished,FETCHED,COMPLETE,FULL_MATCH,2,2_PLUS
2026-08-22,"2026-08-22,2026-08-23",2,1,2026-08-22T23:30:00+00:00,USA,USA,130,MLS,calendar-2026-27,2026/27,5071295,6514,NY Red Bulls,6397,Chicago,21,finished,FETCHED,COMPLETE,FULL_MATCH,1,1
2026-08-22,"2026-08-22,2026-08-23",2,1,2026-08-22T23:30:00+00:00,USA,USA,130,MLS,calendar-2026-27,2026/27,5071296,267810,Orlando,6606,Salt Lake,21,finished,FETCHED,COMPLETE,FULL_MATCH,2,2_PLUS
2026-08-22,"2026-08-22,2026-08-23",2,1,2026-08-22T23:30:00+00:00,BRA,Brasilien,268,Serie A,calendar-2026-27,2026/27,5103599,9781,Cruzeiro,9770,Flamengo,24,finished,FETCHED,COMPLETE,FULL_MATCH,2,2_PLUS
2026-08-22,"2026-08-22,2026-08-23",2,1,2026-08-22T23:30:00+00:00,USA,USA,9296,USL League One,calendar-2026-27,2026/27,5109516,1358088,One Knoxville SC,1877675,Boise,25,finished,FETCHED,COMPLETE,FULL_MATCH,1,1
2026-08-22,"2026-08-22,2026-08-23",2,1,2026-08-22T23:30:00+00:00,USA,USA,8972,USL Championship,calendar-2026-27,2026/27,5109906,1597140,Rhode Island FC,915808,Monterey Bay FC,1,finished,FETCHED,COMPLETE,FULL_MATCH,2,2_PLUS
2026-08-22,"2026-08-22,2026-08-23",2,1,2026-08-22T23:30:00+00:00,USA,USA,9134,NWSL,calendar-2026-27,2026/27,5161610,243295,North Carolina Courage (W),1795723,Boston Legacy FC (W),0,finished,FETCHED,COMPLETE,FULL_MATCH,2,2_PLUS
2026-08-22,"2026-08-22,2026-08-23",2,1,2026-08-23T00:00:00+00:00,ECU,Ecuador,246,Serie A,calendar-2026-27,2026/27,1000009080,6453,Barcelona SC,1014174,Orense,26,finished,FETCHED,COMPLETE,FULL_MATCH,1,1
2026-08-22,"2026-08-22,2026-08-23",2,1,2026-08-23T00:00:00+00:00,CHI,Chile,273,Liga de Primera,calendar-2026-27,2026/27,1000013205,6458,Universidad Catolica,49559,Ñublense,20,finished,FETCHED,COMPLETE,FULL_MATCH,3,2_PLUS
2026-08-22,"2026-08-22,2026-08-23",2,1,2026-08-23T00:00:00+00:00,PER,Peru,131,Liga 1,calendar-2026-27,2026/27,1000017201,920788,Deportivo Garcilaso,305171,Cusco FC,Clausura - Round 6,finished,FETCHED,COMPLETE,FULL_MATCH,4,2_PLUS
2026-08-22,"2026-08-22,2026-08-23,2026-08-30",3,1,2026-08-23T00:00:00+00:00,VEN,Venezuela,339,Primera Division,calendar-2026-27,2026/27,1000018888,1896,Deportivo Tachira,7850,Caracas,Clausura - Round 6,cancelled,FETCHED,COMPLETE,FULL_MATCH,0,0
2026-08-22,"2026-08-22,2026-08-23,2026-08-30",3,1,2026-08-23T00:00:00+00:00,VEN,Venezuela,339,Primera Division,calendar-2026-27,2026/27,1000018889,49685,Trujillanos FC,49683,Monagas SC,Clausura - Round 6,cancelled,FETCHED,COMPLETE,FULL_MATCH,3,2_PLUS
2026-08-22,"2026-08-22,2026-08-23,2026-08-31",3,2,2026-08-23T00:00:00+00:00,VEN,Venezuela,339,Primera Division,calendar-2026-27,2026/27,1000018890,188213,Universidad Central,1267963,Rayo Zuliano,Clausura - Round 6,cancelled,FETCHED,COMPLETE,FULL_MATCH,4,2_PLUS
2026-08-22,"2026-08-22,2026-08-23,2026-08-31",3,2,2026-08-23T00:00:00+00:00,VEN,Venezuela,339,Primera Division,calendar-2026-27,2026/27,1000018891,657277,Academia Puerto Cabello,1349498,Anzoategui FC,Clausura - Round 6,cancelled,FETCHED,COMPLETE,FULL_MATCH,1,1
2026-08-22,"2026-08-22,2026-08-23,2026-08-30,2026-08-31",4,2,2026-08-23T00:00:00+00:00,VEN,Venezuela,339,Primera Division,calendar-2026-27,2026/27,1000018892,49681,Carabobo FC,49686,Zamora FC,Clausura - Round 6,cancelled,FETCHED,COMPLETE,FULL_MATCH,0,0
2026-08-22,"2026-08-22,2026-08-23,2026-08-30,2026-08-31",4,2,2026-08-23T00:00:00+00:00,VEN,Venezuela,339,Primera Division,calendar-2026-27,2026/27,1000018893,49682,Portuguesa FC,365280,Metropolitanos FC,Clausura - Round 6,cancelled,FETCHED,COMPLETE,FULL_MATCH,2,2_PLUS
2026-08-22,"2026-08-22,2026-08-23,2026-08-30,2026-08-31",4,2,2026-08-23T00:00:00+00:00,VEN,Venezuela,339,Primera Division,calendar-2026-27,2026/27,1000018894,176496,Deportivo La Guaira,93061,Estudiantes Merida,Clausura - Round 6,cancelled,FETCHED,COMPLETE,FULL_MATCH,2,2_PLUS
2026-08-22,"2026-08-22,2026-08-23",2,1,2026-08-23T00:00:00+00:00,USA,USA,9296,USL League One,calendar-2026-27,2026/27,5109515,1004919,Forward Madison FC,614315,Charlotte Independence,25,finished,FETCHED,COMPLETE,FULL_MATCH,1,1
2026-08-22,"2026-08-22,2026-08-23",2,1,2026-08-23T00:00:00+00:00,USA,USA,8972,USL Championship,calendar-2026-27,2026/27,5109897,1003207,Birmingham Legion FC,1737991,Sporting JAX,1,finished,FETCHED,COMPLETE,FULL_MATCH,5,2_PLUS
2026-08-22,"2026-08-22,2026-08-23",2,1,2026-08-23T00:00:00+00:00,ARG,Argentinien,112,Liga Profesional,calendar-2026-27,2026/27,5115954,10081,Huracan,298629,Deportivo Riestra,6,finished,FETCHED,COMPLETE,FULL_MATCH,0,0
2026-08-22,"2026-08-22,2026-08-23",2,1,2026-08-23T00:00:00+00:00,ARG,Argentinien,112,Liga Profesional,calendar-2026-27,2026/27,5115957,10201,Newell's Old Boys,10087,Banfield,6,finished,FETCHED,COMPLETE,FULL_MATCH,3,2_PLUS
2026-08-22,"2026-08-22,2026-08-23",2,1,2026-08-23T00:30:00+00:00,USA,USA,130,MLS,calendar-2026-27,2026/27,5071299,915807,Nashville SC,6001,Columbus,21,finished,FETCHED,COMPLETE,FULL_MATCH,4,2_PLUS
2026-08-22,"2026-08-22,2026-08-23",2,1,2026-08-23T00:30:00+00:00,USA,USA,130,MLS,calendar-2026-27,2026/27,5071302,1427963,St. Louis City,8259,Houston,21,finished,FETCHED,COMPLETE,FULL_MATCH,2,2_PLUS
2026-08-22,"2026-08-22,2026-08-23",2,1,2026-08-23T00:30:00+00:00,USA,USA,9296,USL League One,calendar-2026-27,2026/27,5109514,1128317,Corpus Christi,1706430,Westchester SC,25,finished,FETCHED,COMPLETE,FULL_MATCH,2,2_PLUS
2026-08-22,"2026-08-22,2026-08-23",2,1,2026-08-23T00:45:00+00:00,USA,USA,10282,MLS Next Pro,calendar-2026-27,2026/27,1000007728,1004921,North Texas SC,1348105,Minnesota United 2,26,finished,FETCHED,COMPLETE,FULL_MATCH,0,0
2026-08-22,"2026-08-22,2026-08-23",2,1,2026-08-23T00:45:00+00:00,USA,USA,9134,NWSL,calendar-2026-27,2026/27,5161611,433029,Portland Thorns (W),1795705,Denver Summit FC (W),0,finished,FETCHED,COMPLETE,FULL_MATCH,0,0
2026-08-22,"2026-08-22,2026-08-23",2,1,2026-08-23T01:00:00+00:00,MEX,Mexiko,230,Liga MX,calendar-2026-27,2026/27,1000014535,7847,Puebla,7857,Santos,5,finished,FETCHED,COMPLETE,FULL_MATCH,3,2_PLUS
2026-08-22,"2026-08-22,2026-08-23",2,1,2026-08-23T01:00:00+00:00,USA,USA,130,MLS,calendar-2026-27,2026/27,5071297,1218886,Austin FC,191716,Philadelphia,21,finished,FETCHED,COMPLETE,FULL_MATCH,0,0
2026-08-22,"2026-08-22,2026-08-23",2,1,2026-08-23T01:00:00+00:00,USA,USA,8972,USL Championship,calendar-2026-27,2026/27,5109908,722269,San Antonio FC,1130413,Oakland Roots SC,1,finished,FETCHED,COMPLETE,FULL_MATCH,1,1
2026-08-22,"2026-08-22,2026-08-23",2,1,2026-08-23T01:15:00+00:00,COL,Kolumbien,274,Primera A,calendar-2026-27,2026/27,1000014098,2528,Independiente Medellin,6254,Cucuta,Clausura - Round 6,finished,FETCHED,COMPLETE,FULL_MATCH,0,0
2026-08-22,"2026-08-22,2026-08-23",2,1,2026-08-23T01:30:00+00:00,USA,USA,130,MLS,calendar-2026-27,2026/27,5071303,307691,Vancouver,6399,Dallas,21,finished,FETCHED,COMPLETE,FULL_MATCH,1,1
2026-08-22,"2026-08-22,2026-08-23",2,1,2026-08-23T01:30:00+00:00,USA,USA,9296,USL League One,calendar-2026-27,2026/27,5109520,1584038,Spokane Velocity FC,1004920,Greenville Triumph SC,25,finished,FETCHED,COMPLETE,FULL_MATCH,1,1
2026-08-22,"2026-08-22,2026-08-23",2,1,2026-08-23T02:00:00+00:00,USA,USA,8972,USL Championship,calendar-2026-27,2026/27,5109905,267813,Orange County SC,614325,FC Tulsa,1,finished,FETCHED,COMPLETE,FULL_MATCH,4,2_PLUS
2026-08-22,"2026-08-22,2026-08-23",2,1,2026-08-23T02:30:00+00:00,USA,USA,130,MLS,calendar-2026-27,2026/27,5071298,867280,LAFC,307690,Portland,21,finished,FETCHED,COMPLETE,FULL_MATCH,1,1
2026-08-22,"2026-08-22,2026-08-23",2,1,2026-08-23T02:30:00+00:00,USA,USA,130,MLS,calendar-2026-27,2026/27,5071300,1701119,San Diego FC,8314,Colorado,21,finished,FETCHED,COMPLETE,FULL_MATCH,1,1
2026-08-22,"2026-08-22,2026-08-23",2,1,2026-08-23T02:30:00+00:00,USA,USA,130,MLS,calendar-2026-27,2026/27,5071301,6603,San Jose,207242,Minnesota,21,finished,FETCHED,COMPLETE,FULL_MATCH,2,2_PLUS
2026-08-22,"2026-08-22,2026-08-23",2,1,2026-08-23T03:00:00+00:00,MEX,Mexiko,230,Liga MX,calendar-2026-27,2026/27,1000014541,6578,Cruz Azul,6577,Atlas,5,finished,FETCHED,COMPLETE,FULL_MATCH,0,0
2026-08-22,"2026-08-22,2026-08-23",2,1,2026-08-23T03:00:00+00:00,USA,USA,9296,USL League One,calendar-2026-27,2026/27,5109512,1701876,AV Alta,1701877,FC Naples,25,finished,FETCHED,COMPLETE,FULL_MATCH,2,2_PLUS
2026-08-22,"2026-08-22,2026-08-23",2,1,2026-08-23T03:00:00+00:00,USA,USA,8972,USL Championship,calendar-2026-27,2026/27,5109907,521004,Sacramento Republic FC,424268,Phoenix Rising FC,1,finished,FETCHED,COMPLETE,FULL_MATCH,1,1
2026-08-22,"2026-08-22,2026-08-23",2,1,2026-08-23T03:17:00+00:00,USA,USA,8972,USL Championship,calendar-2026-27,2026/27,5109900,614321,Colorado Springs Switchbacks FC,1003209,El Paso Locomotive FC,1,finished,FETCHED,COMPLETE,FULL_MATCH,1,1
2026-08-23,2026-08-23,1,0,2026-08-23T10:00:00+00:00,DEN,Dänemark,46,Superligaen,calendar-2026-27,2026/27,5739486,8487,Sønderjyske,10202,Nordsjælland,5,finished,FETCHED,COMPLETE,FULL_MATCH,2,2_PLUS
2026-08-23,2026-08-23,1,0,2026-08-23T10:00:00+00:00,RUS,Russland,63,Premier League,calendar-2026-27,2026/27,5847152,1068364,Akron Togliatti,8709,Krylya Sovetov,5,finished,FETCHED,COMPLETE,FULL_MATCH,2,2_PLUS
2026-08-23,2026-08-23,1,0,2026-08-23T10:15:00+00:00,NED,Niederlande,57,Eredivisie,calendar-2026-27,2026/27,5781717,6433,Go Ahead Eagles,10217,ADO Den Haag,3,finished,FETCHED,COMPLETE,FULL_MATCH,3,2_PLUS
2026-08-23,2026-08-23,1,0,2026-08-23T10:30:00+00:00,KOR,Südkorea,9080,K League 1,calendar-2026-27,2026/27,5140004,133900,Daejeon Hana Citizen,164734,Gangwon FC,24,finished,FETCHED,COMPLETE,FULL_MATCH,3,2_PLUS
2026-08-23,2026-08-23,1,0,2026-08-23T10:30:00+00:00,KOR,Südkorea,9080,K League 1,calendar-2026-27,2026/27,5140005,245905,Gwangju FC,133895,Incheon United,24,finished,FETCHED,COMPLETE,FULL_MATCH,1,1
2026-08-23,2026-08-23,1,0,2026-08-23T10:30:00+00:00,KOR,Südkorea,9116,K League 2,calendar-2026-27,2026/27,5155884,429442,Chungnam Asan FC,1897657,Yongin FC,23,finished,FETCHED,COMPLETE,FULL_MATCH,2,2_PLUS
2026-08-23,2026-08-23,1,0,2026-08-23T10:30:00+00:00,KOR,Südkorea,9116,K League 2,calendar-2026-27,2026/27,5155885,833651,Cheongju FC,133899,Gyeongnam FC,23,finished,FETCHED,COMPLETE,FULL_MATCH,0,0
2026-08-23,2026-08-23,1,0,2026-08-23T10:30:00+00:00,KOR,Südkorea,9116,K League 2,calendar-2026-27,2026/27,5155886,109377,Jeonnam Dragons,739800,Hwaseong FC,23,finished,FETCHED,COMPLETE,FULL_MATCH,0,0
2026-08-23,2026-08-23,1,0,2026-08-23T10:30:00+00:00,KOR,Südkorea,9116,K League 2,calendar-2026-27,2026/27,5155887,616212,Seoul E-Land FC,739803,Paju Frontier,23,finished,FETCHED,COMPLETE,FULL_MATCH,2,2_PLUS
2026-08-23,2026-08-23,1,0,2026-08-23T10:30:00+00:00,JPN,Japan,223,J. League,calendar-2026-27,2026/27,5803547,194011,Machida Zelvia,6244,Urawa Red Diamonds,3,finished,FETCHED,COMPLETE,FULL_MATCH,2,2_PLUS
2026-08-23,2026-08-23,1,0,2026-08-23T11:00:00+00:00,ENG,England,9084,Premier League 2,calendar-2026-27,2026/27,1000019093,773660,Middlesbrough U21,773658,Norwich City U21,1,finished,FETCHED,COMPLETE,FULL_MATCH,0,0
2026-08-23,2026-08-23,1,0,2026-08-23T11:00:00+00:00,CHN,China,120,Super League,calendar-2026-27,2026/27,5186594,737054,Liaoning Tieren,51442,Henan FC,24,finished,FETCHED,COMPLETE,FULL_MATCH,6,2_PLUS
2026-08-23,2026-08-23,1,0,2026-08-23T11:00:00+00:00,GER,Deutschland,209,DFB Pokal,calendar-2026-27,2026/27,5750674,343377,SSV Jeddeloh,94937,FC Heidenheim,1,finished,FETCHED,COMPLETE,FULL_MATCH,3,2_PLUS
2026-08-23,2026-08-23,1,0,2026-08-23T11:00:00+00:00,GER,Deutschland,209,DFB Pokal,calendar-2026-27,2026/27,5750695,8357,Greuther Fürth,9911,Bochum,1,finished,FETCHED,COMPLETE,FULL_MATCH,2,2_PLUS
2026-08-23,2026-08-23,1,0,2026-08-23T11:00:00+00:00,DEN,Dänemark,85,1. Division,calendar-2026-27,2026/27,5764585,8289,HB Køge,6308,Kolding IF,5,finished,FETCHED,COMPLETE,FULL_MATCH,1,1
2026-08-23,2026-08-23,1,0,2026-08-23T11:00:00+00:00,ENG,England,48,Championship,calendar-2026-27,2026/27,5836775,8659,West Brom,8191,Burnley,2,finished,FETCHED,COMPLETE,FULL_MATCH,2,2_PLUS
2026-08-23,2026-08-23,1,0,2026-08-23T11:35:00+00:00,CHN,China,120,Super League,calendar-2026-27,2026/27,5186595,198616,Shanghai Port,4183,Qingdao Hainiu,24,finished,FETCHED,COMPLETE,FULL_MATCH,1,1
2026-08-23,2026-08-23,1,0,2026-08-23T12:00:00+00:00,SCO,Schottland,10791,SWPL 1,calendar-2026-27,2026/27,1000016459,1716180,Aberdeen,294582,Glasgow City,2,finished,FETCHED,COMPLETE,FULL_MATCH,2,2_PLUS
2026-08-23,2026-08-23,1,0,2026-08-23T12:00:00+00:00,SCO,Schottland,10791,SWPL 1,calendar-2026-27,2026/27,1000016460,1269308,Celtic,1716183,Montrose,2,finished,FETCHED,COMPLETE,FULL_MATCH,3,2_PLUS
2026-08-23,2026-08-23,1,0,2026-08-23T12:00:00+00:00,SCO,Schottland,10791,SWPL 1,calendar-2026-27,2026/27,1000016462,1716178,Partick Thistle,789902,Hibernian LFC,2,finished,FETCHED,COMPLETE,FULL_MATCH,1,1
2026-08-23,2026-08-23,1,0,2026-08-23T12:00:00+00:00,ENG,England,9084,Premier League 2,calendar-2026-27,2026/27,1000019094,1177187,Leeds United U21,773656,West Bromwich Albion U21,1,finished,FETCHED,COMPLETE,FULL_MATCH,4,2_PLUS
2026-08-23,2026-08-23,1,0,2026-08-23T12:00:00+00:00,SWE,Schweden,67,Allsvenskan,calendar-2026-27,2026/27,5107575,9893,IFK Göteborg,8014,Elfsborg,18,finished,FETCHED,COMPLETE,FULL_MATCH,2,2_PLUS
2026-08-23,2026-08-23,1,0,2026-08-23T12:00:00+00:00,SWE,Schweden,67,Allsvenskan,calendar-2026-27,2026/27,5107580,6194,Västerås SK,9892,Kalmar FF,18,finished,FETCHED,COMPLETE,FULL_MATCH,0,0
2026-08-23,2026-08-23,1,0,2026-08-23T12:00:00+00:00,FIN,Finnland,51,Veikkausliiga,calendar-2026-27,2026/27,5147631,1693,KuPS,6634,IFK Mariehamn,21,finished,FETCHED,COMPLETE,FULL_MATCH,2,2_PLUS
2026-08-23,2026-08-23,1,0,2026-08-23T12:00:00+00:00,FIN,Finnland,51,Veikkausliiga,calendar-2026-27,2026/27,5147632,9861,HJK,2361,IF Gnistan,21,finished,FETCHED,COMPLETE,FULL_MATCH,3,2_PLUS
2026-08-23,2026-08-23,1,0,2026-08-23T12:00:00+00:00,CHN,China,120,Super League,calendar-2026-27,2026/27,5186596,1477050,Chongqing Tongliang Long,1477043,Dalian Yingbo,24,finished,FETCHED,COMPLETE,FULL_MATCH,1,1
2026-08-23,2026-08-23,1,0,2026-08-23T12:00:00+00:00,DEN,Dänemark,46,Superligaen,calendar-2026-27,2026/27,5739485,8071,AGF,8414,OB,5,finished,FETCHED,COMPLETE,FULL_MATCH,1,1
2026-08-23,2026-08-23,1,0,2026-08-23T12:00:00+00:00,SUI,Schweiz,69,Super League,calendar-2026-27,2026/27,5804240,10192,Young Boys,9824,FC Vaduz,4,finished,FETCHED,COMPLETE,FULL_MATCH,2,2_PLUS
2026-08-23,2026-08-23,1,0,2026-08-23T12:00:00+00:00,SUI,Schweiz,163,Challenge League,calendar-2026-27,2026/27,5804571,6447,Yverdon,9930,Aarau,4,finished,FETCHED,COMPLETE,FULL_MATCH,1,1
2026-08-23,2026-08-23,1,0,2026-08-23T12:00:00+00:00,GER,Deutschland,9676,Frauen Bundesliga,calendar-2026-27,2026/27,5934504,679910,TSG 1899 Hoffenheim (W),1656089,VfB Stuttgart (W),1,finished,FETCHED,COMPLETE,FULL_MATCH,1,1
2026-08-23,2026-08-23,1,0,2026-08-23T12:05:00+00:00,DEN,Dänemark,46,Superligaen,calendar-2026-27,2026/27,5739487,8113,FC Midtjylland,8410,Randers FC,5,finished,FETCHED,COMPLETE,FULL_MATCH,0,0
2026-08-23,2026-08-23,1,0,2026-08-23T12:15:00+00:00,RUS,Russland,63,Premier League,calendar-2026-27,2026/27,5847156,9763,Dinamo,1066681,Rodina,5,finished,FETCHED,COMPLETE,FULL_MATCH,2,2_PLUS
2026-08-23,2026-08-23,1,0,2026-08-23T12:30:00+00:00,NED,Niederlande,57,Eredivisie,calendar-2026-27,2026/27,5781714,8640,PSV Eindhoven,8674,FC Groningen,3,finished,FETCHED,COMPLETE,FULL_MATCH,2,2_PLUS
2026-08-23,2026-08-23,1,0,2026-08-23T12:45:00+00:00,POL,Polen,196,Ekstraklasa,calendar-2026-27,2026/27,5803956,5769,Radomiak Radom,8021,Zagłębie Lubin,5,finished,FETCHED,COMPLETE,FULL_MATCH,0,0
2026-08-23,2026-08-23,1,0,2026-08-23T13:00:00+00:00,ENG,England,47,Premier League,calendar-2026-27,2026/27,5795369,10204,Brighton,10252,Aston Villa,1,finished,FETCHED,COMPLETE,FULL_MATCH,0,0
2026-08-23,2026-08-23,1,0,2026-08-23T13:00:00+00:00,ENG,England,47,Premier League,calendar-2026-27,2026/27,5795370,8456,Man City,8678,Bournemouth,1,finished,FETCHED,COMPLETE,FULL_MATCH,2,2_PLUS
2026-08-23,2026-08-23,1,0,2026-08-23T13:00:00+00:00,FRA,Frankreich,53,Ligue 1,calendar-2026-27,2026/27,5802901,8121,Angers,8639,Lille,1,finished,FETCHED,COMPLETE,FULL_MATCH,0,0
2026-08-23,2026-08-23,1,0,2026-08-23T13:00:00+00:00,ROU,Rumänien,189,Liga I,calendar-2026-27,2026/27,5853477,583706,Sepsi OSK,210132,FCV Farul Constanta,6,finished,FETCHED,COMPLETE,FULL_MATCH,2,2_PLUS
2026-08-23,2026-08-23,1,0,2026-08-23T13:00:00+00:00,RSA,Südafrika,9474,South Africa 8 Cup,calendar-2026-27,2026/27,6045941,4530,Mamelodi Sundowns FC,102097,Lamontville Golden Arrows,1/2,finished,FETCHED,COMPLETE,FULL_MATCH,0,0
2026-08-23,2026-08-23,1,0,2026-08-23T13:30:00+00:00,GER,Deutschland,209,DFB Pokal,calendar-2026-27,2026/27,5750679,8320,Carl Zeiss Jena,8262,Darmstadt,1,finished,FETCHED,COMPLETE,FULL_MATCH,0,0
2026-08-23,2026-08-23,1,0,2026-08-23T13:30:00+00:00,GER,Deutschland,209,DFB Pokal,calendar-2026-27,2026/27,5750684,860781,VfB Krieschow,9905,Mainz,1,finished,FETCHED,COMPLETE,FULL_MATCH,4,2_PLUS
2026-08-23,2026-08-23,1,0,2026-08-23T13:30:00+00:00,GER,Deutschland,209,DFB Pokal,calendar-2026-27,2026/27,5750688,2393,Bahlinger SC,8188,Magdeburg,1,finished,FETCHED,COMPLETE,FULL_MATCH,1,1
2026-08-23,2026-08-23,1,0,2026-08-23T13:30:00+00:00,GER,Deutschland,209,DFB Pokal,calendar-2026-27,2026/27,5750689,208110,Westfalia Rhynern,8480,Dynamo Dresden,1,finished,FETCHED,COMPLETE,FULL_MATCH,1,1
2026-08-23,2026-08-23,1,0,2026-08-23T13:30:00+00:00,GER,Deutschland,209,DFB Pokal,calendar-2026-27,2026/27,5750691,9776,Eintracht Braunschweig,8149,Union Berlin,1,finished,FETCHED,COMPLETE,FULL_MATCH,4,2_PLUS
2026-08-23,2026-08-23,1,0,2026-08-23T13:30:00+00:00,GER,Deutschland,209,DFB Pokal,calendar-2026-27,2026/27,5750692,555501,TSV Schott Mainz,9788,M'gladbach,1,finished,FETCHED,COMPLETE,FULL_MATCH,3,2_PLUS
2026-08-23,2026-08-23,1,0,2026-08-23T14:00:00+00:00,BEL,Belgien,264,First Division B,calendar-2026-27,2026/27,1000015450,1378463,Genk U23,6363,FC Liege,2,finished,FETCHED,COMPLETE,FULL_MATCH,2,2_PLUS
2026-08-23,2026-08-23,1,0,2026-08-23T14:00:00+00:00,DEN,Dänemark,46,Superligaen,calendar-2026-27,2026/27,5739488,9814,AC Horsens,9907,Lyngby,5,finished,FETCHED,COMPLETE,FULL_MATCH,2,2_PLUS
2026-08-23,2026-08-23,1,0,2026-08-23T14:00:00+00:00,BEL,Belgien,40,First Division A,calendar-2026-27,2026/27,5811734,6702,Lommel,10001,Westerlo,3,finished,FETCHED,COMPLETE,FULL_MATCH,2,2_PLUS
2026-08-23,2026-08-23,1,0,2026-08-23T14:00:00+00:00,TUR,Türkei,165,1. Lig,calendar-2026-27,2026/27,5908597,162975,Bandırmaspor,8387,Keçiörengücü,3,finished,FETCHED,COMPLETE,FULL_MATCH,1,1
2026-08-23,2026-08-23,1,0,2026-08-23T14:00:00+00:00,GER,Deutschland,9676,Frauen Bundesliga,calendar-2026-27,2026/27,5934506,1513040,RB Leipzig (W),679913,Bayer Leverkusen (W),1,finished,FETCHED,COMPLETE,FULL_MATCH,2,2_PLUS
2026-08-23,2026-08-23,1,0,2026-08-23T14:00:00+00:00,UAE,Vereinigte Arabische Emirate,538,Pro League,calendar-2026-27,2026/27,5961823,182933,Baniyas,1552577,United FC,2,finished,FETCHED,COMPLETE,FULL_MATCH,4,2_PLUS
2026-08-23,2026-08-23,1,0,2026-08-23T14:00:00+00:00,EGY,Ägypten,519,Premier League,calendar-2026-27,2026/27,5995577,178268,El Gouna FC,797212,Modern Sport FC,1,finished,FETCHED,COMPLETE,FULL_MATCH,2,2_PLUS
2026-08-23,2026-08-23,1,0,2026-08-23T14:15:00+00:00,QAT,Katar,11030,Second Division,calendar-2026-27,2026/27,1000018593,101902,Al-Khor,582508,Al Markhiya,1,finished,FETCHED,COMPLETE,FULL_MATCH,1,1
2026-08-23,2026-08-23,1,0,2026-08-23T14:30:00+00:00,SWE,Schweden,67,Allsvenskan,calendar-2026-27,2026/27,5107574,8248,Hammarby,8297,GAIS,18,finished,FETCHED,COMPLETE,FULL_MATCH,0,0
2026-08-23,2026-08-23,1,0,2026-08-23T14:30:00+00:00,SWE,Schweden,67,Allsvenskan,calendar-2026-27,2026/27,5107578,8501,Brommapojkarna,6544,Degerfors,18,finished,FETCHED,COMPLETE,FULL_MATCH,2,2_PLUS
2026-08-23,2026-08-23,1,0,2026-08-23T14:30:00+00:00,RUS,Russland,63,Premier League,calendar-2026-27,2026/27,5847155,1068353,Dynamo Makhachkala,168719,Krasnodar,5,finished,FETCHED,COMPLETE,FULL_MATCH,1,1
2026-08-23,2026-08-23,1,0,2026-08-23T14:30:00+00:00,POR,Portugal,61,Liga Portugal,calendar-2026-27,2026/27,5887608,7844,Vitoria de Guimaraes,10214,Nacional,3,finished,FETCHED,COMPLETE,FULL_MATCH,0,0
2026-08-23,2026-08-23,1,0,2026-08-23T14:45:00+00:00,NED,Niederlande,57,Eredivisie,calendar-2026-27,2026/27,5781721,7788,Cambuur,10235,Feyenoord,3,finished,FETCHED,COMPLETE,FULL_MATCH,3,2_PLUS
2026-08-23,2026-08-23,1,0,2026-08-23T14:45:00+00:00,NED,Niederlande,111,Eerste Divisie,calendar-2026-27,2026/27,5832832,9839,VVV-Venlo,8526,De Graafschap,3,finished,FETCHED,COMPLETE,FULL_MATCH,0,0
2026-08-23,2026-08-23,1,0,2026-08-23T15:00:00+00:00,SCO,Schottland,10791,SWPL 1,calendar-2026-27,2026/27,1000016461,1716179,Motherwell,1716177,Heart of Midlothian,2,finished,FETCHED,COMPLETE,FULL_MATCH,2,2_PLUS
2026-08-23,2026-08-23,1,0,2026-08-23T15:00:00+00:00,SCO,Schottland,10791,SWPL 1,calendar-2026-27,2026/27,1000016463,1378209,Rangers,1716184,Spartans FC,2,finished,FETCHED,COMPLETE,FULL_MATCH,2,2_PLUS
2026-08-23,2026-08-23,1,0,2026-08-23T15:00:00+00:00,FIN,Finnland,51,Veikkausliiga,calendar-2026-27,2026/27,5147628,6633,TPS,6550,FC Inter Turku,21,finished,FETCHED,COMPLETE,FULL_MATCH,0,0
2026-08-23,2026-08-23,1,0,2026-08-23T15:00:00+00:00,SVK,Slowakei,176,1. liga,calendar-2026-27,2026/27,5772162,6496,Trencin,4662,Spartak Trnava,5,finished,FETCHED,COMPLETE,FULL_MATCH,3,2_PLUS
2026-08-23,2026-08-23,1,0,2026-08-23T15:00:00+00:00,CZE,Tschechien,122,1. Liga,calendar-2026-27,2026/27,5831147,4721,Teplice,1673,FC Zbrojovka Brno,5,finished,FETCHED,COMPLETE,FULL_MATCH,1,1
2026-08-23,2026-08-23,1,0,2026-08-23T15:00:00+00:00,ESP,Spanien,87,LaLiga,calendar-2026-27,2026/27,5868022,9906,Atletico Madrid,10205,Villarreal,2,finished,FETCHED,COMPLETE,FULL_MATCH,4,2_PLUS
2026-08-23,2026-08-23,1,0,2026-08-23T15:00:00+00:00,ESP,Spanien,140,LaLiga2,calendar-2026-27,2026/27,5868409,8372,Eibar,10281,Real Valladolid,2,finished,FETCHED,COMPLETE,FULL_MATCH,1,1
2026-08-23,2026-08-23,1,0,2026-08-23T15:15:00+00:00,FRA,Frankreich,53,Ligue 1,calendar-2026-27,2026/27,5802902,9746,Le Havre,9829,Monaco,1,finished,FETCHED,COMPLETE,FULL_MATCH,0,0
2026-08-23,2026-08-23,1,0,2026-08-23T15:30:00+00:00,ENG,England,47,Premier League,calendar-2026-27,2026/27,5795371,10261,Newcastle,8650,Liverpool,1,finished,FETCHED,COMPLETE,FULL_MATCH,3,2_PLUS
2026-08-23,2026-08-23,1,0,2026-08-23T15:30:00+00:00,POL,Polen,196,Ekstraklasa,calendar-2026-27,2026/27,5803951,4023,GKS Katowice,8243,Wisła Płock,5,finished,FETCHED,COMPLETE,FULL_MATCH,3,2_PLUS
2026-08-23,2026-08-23,1,0,2026-08-23T15:30:00+00:00,ROU,Rumänien,189,Liga I,calendar-2026-27,2026/27,5853478,480286,Universitatea Craiova,405332,FC Voluntari,6,finished,FETCHED,COMPLETE,FULL_MATCH,3,2_PLUS
2026-08-23,2026-08-23,1,0,2026-08-23T15:50:00+00:00,KSA,Saudi-Arabien,10721,Saudi First Division,calendar-2026-27,2026/27,1000018420,272869,Hajer,1017737,Jeddah,1,finished,FETCHED,COMPLETE,FULL_MATCH,1,1
2026-08-23,2026-08-23,1,0,2026-08-23T16:00:00+00:00,CAN,Kanada,10872,Northern Super League,calendar-2026-27,2026/27,1000009207,1739714,Halifax Tides FC,1739721,AFC Toronto,Regular Season,finished,FETCHED,COMPLETE,FULL_MATCH,0,0
2026-08-23,2026-08-23,1,0,2026-08-23T16:00:00+00:00,CHI,Chile,273,Liga de Primera,calendar-2026-27,2026/27,1000013206,1891,La Serena,4055,Cobresal,20,finished,FETCHED,COMPLETE,FULL_MATCH,4,2_PLUS
2026-08-23,2026-08-23,1,0,2026-08-23T16:00:00+00:00,CHI,Chile,273,Liga de Primera,calendar-2026-27,2026/27,1000013211,4134,Deportes Concepcion,4062,Coquimbo Unido,20,finished,FETCHED,COMPLETE,FULL_MATCH,1,1
2026-08-23,2026-08-23,1,0,2026-08-23T16:00:00+00:00,LVA,Lettland,226,Virsliga,calendar-2026-27,2026/27,5162051,248871,RFS,624924,Riga FC,27,finished,FETCHED,COMPLETE,FULL_MATCH,5,2_PLUS
2026-08-23,2026-08-23,1,0,2026-08-23T16:00:00+00:00,DEN,Dänemark,46,Superligaen,calendar-2026-27,2026/27,5739489,9939,Viborg,8391,FC København,5,finished,FETCHED,COMPLETE,FULL_MATCH,1,1
2026-08-23,2026-08-23,1,0,2026-08-23T16:00:00+00:00,GER,Deutschland,209,DFB Pokal,calendar-2026-27,2026/27,5750673,8194,Düsseldorf,8358,Freiburg,1,finished,FETCHED,COMPLETE,FULL_MATCH,5,2_PLUS
2026-08-23,2026-08-23,1,0,2026-08-23T16:00:00+00:00,GER,Deutschland,209,DFB Pokal,calendar-2026-27,2026/27,5750682,8296,RW Essen,8152,St. Pauli,1,finished,FETCHED,COMPLETE,FULL_MATCH,1,1
2026-08-23,2026-08-23,1,0,2026-08-23T16:00:00+00:00,GER,Deutschland,209,DFB Pokal,calendar-2026-27,2026/27,5750699,1072445,1. FC Phönix Lübeck,8460,Paderborn,1,finished,FETCHED,COMPLETE,FULL_MATCH,3,2_PLUS
2026-08-23,2026-08-23,1,0,2026-08-23T16:00:00+00:00,TUR,Türkei,71,Süper Lig,calendar-2026-27,2026/27,5904713,9752,Trabzonspor,1933,Başakşehir,2,finished,FETCHED,COMPLETE,FULL_MATCH,1,1
2026-08-23,2026-08-23,1,0,2026-08-23T16:00:00+00:00,TUR,Türkei,71,Süper Lig,calendar-2026-27,2026/27,5904714,4681,Eyüpspor,4081,Gaziantep FK,2,finished,FETCHED,COMPLETE,FULL_MATCH,1,1
2026-08-23,2026-08-23,1,0,2026-08-23T16:00:00+00:00,TUR,Türkei,165,1. Lig,calendar-2026-27,2026/27,5908600,4675,Boluspor,1088486,Mardin 1969 Spor,3,finished,FETCHED,COMPLETE,FULL_MATCH,1,1
2026-08-23,2026-08-23,1,0,2026-08-23T16:15:00+00:00,KSA,Saudi-Arabien,10721,Saudi First Division,calendar-2026-27,2026/27,1000018421,2026233,Al-Saqer FC,582823,Damac FC,1,finished,FETCHED,COMPLETE,FULL_MATCH,0,0
2026-08-23,2026-08-23,1,0,2026-08-23T16:30:00+00:00,QAT,Katar,11030,Second Division,calendar-2026-27,2026/27,1000018594,1791633,Al-Bidda SC,2109588,Al-Gharafa II,1,finished,FETCHED,COMPLETE,FULL_MATCH,1,1
2026-08-23,2026-08-23,1,0,2026-08-23T16:30:00+00:00,ITA,Italien,55,Serie A,calendar-2026-27,2026/27,5749643,9891,Frosinone,9885,Juventus,1,finished,FETCHED,COMPLETE,FULL_MATCH,0,0
2026-08-23,2026-08-23,1,0,2026-08-23T16:30:00+00:00,ITA,Italien,55,Serie A,calendar-2026-27,2026/27,5749649,7881,Venezia,9888,Lecce,1,finished,FETCHED,COMPLETE,FULL_MATCH,2,2_PLUS
2026-08-23,2026-08-23,1,0,2026-08-23T16:30:00+00:00,CRO,Kroatien,252,HNL,calendar-2026-27,2026/27,5765911,10162,Rijeka,6038,NK Istra 1961,4,finished,FETCHED,COMPLETE,FULL_MATCH,3,2_PLUS
2026-08-23,2026-08-23,1,0,2026-08-23T16:30:00+00:00,BEL,Belgien,40,First Division A,calendar-2026-27,2026/27,5811735,8342,Club Brugge,9984,Cercle Brugge,3,finished,FETCHED,COMPLETE,FULL_MATCH,0,0
2026-08-23,2026-08-23,1,0,2026-08-23T16:30:00+00:00,GER,Deutschland,9676,Frauen Bundesliga,calendar-2026-27,2026/27,5934503,1638021,Hamburger SV (W),679909,Freiburg (W),1,finished,FETCHED,COMPLETE,FULL_MATCH,2,2_PLUS
2026-08-23,2026-08-23,1,0,2026-08-23T16:30:00+00:00,GRE,Griechenland,135,Super League 1,calendar-2026-27,2026/27,5943227,7753,OFI Crete,885256,NFC Volos,1,finished,FETCHED,COMPLETE,FULL_MATCH,0,0
2026-08-23,2026-08-23,1,0,2026-08-23T16:35:00+00:00,UAE,Vereinigte Arabische Emirate,538,Pro League,calendar-2026-27,2026/27,5961824,102124,Sharjah Cultural Club,102101,Al-Jazira,2,finished,FETCHED,COMPLETE,FULL_MATCH,1,1
2026-08-23,2026-08-23,1,0,2026-08-23T17:00:00+00:00,SRB,Serbien,182,Super Liga,calendar-2026-27,2026/27,1000015108,8687,FK Crvena Zvezda,6374,Cukaricki,6,finished,FETCHED,COMPLETE,FULL_MATCH,3,2_PLUS
2026-08-23,2026-08-23,1,0,2026-08-23T17:00:00+00:00,SRB,Serbien,182,Super Liga,calendar-2026-27,2026/27,1000015111,463461,FK Radnik Surdulica,187854,Novi Pazar,6,finished,FETCHED,COMPLETE,FULL_MATCH,0,0
2026-08-23,2026-08-23,1,0,2026-08-23T17:00:00+00:00,ISL,Island,215,Besta deildin,calendar-2026-27,2026/27,5225712,8004,IA Akranes,8151,FH Hafnarfjordur,20,finished,FETCHED,COMPLETE,FULL_MATCH,1,1
2026-08-23,2026-08-23,1,0,2026-08-23T17:00:00+00:00,ISL,Island,215,Besta deildin,calendar-2026-27,2026/27,5225713,2165,KA Akureyri,8130,KR Reykjavik,20,finished,FETCHED,COMPLETE,FULL_MATCH,2,2_PLUS
2026-08-23,2026-08-23,1,0,2026-08-23T17:00:00+00:00,ISL,Island,215,Besta deildin,calendar-2026-27,2026/27,5225714,4472,Keflavik,8299,IBV Vestmannaeyjar,20,finished,FETCHED,COMPLETE,FULL_MATCH,0,0
2026-08-23,2026-08-23,1,0,2026-08-23T17:00:00+00:00,ISL,Island,215,Besta deildin,calendar-2026-27,2026/27,5225715,6343,Stjarnan,4496,Thor Akureyri,20,finished,FETCHED,COMPLETE,FULL_MATCH,3,2_PLUS
2026-08-23,2026-08-23,1,0,2026-08-23T17:00:00+00:00,SVK,Slowakei,176,1. liga,calendar-2026-27,2026/27,5772166,6022,Zilina,611956,Komarno,5,finished,FETCHED,COMPLETE,FULL_MATCH,3,2_PLUS
2026-08-23,2026-08-23,1,0,2026-08-23T17:00:00+00:00,RUS,Russland,63,Premier League,calendar-2026-27,2026/27,5847158,8643,Spartak,8698,Zenit,5,finished,FETCHED,COMPLETE,FULL_MATCH,0,0
2026-08-23,2026-08-23,1,0,2026-08-23T17:00:00+00:00,ESP,Spanien,140,LaLiga2,calendar-2026-27,2026/27,5868405,10279,Castellon,4033,Sabadell,2,finished,FETCHED,COMPLETE,FULL_MATCH,0,0
2026-08-23,2026-08-23,1,0,2026-08-23T17:00:00+00:00,ESP,Spanien,140,LaLiga2,calendar-2026-27,2026/27,5868413,9869,Sporting Gijon,7876,Burgos CF,2,finished,FETCHED,COMPLETE,FULL_MATCH,0,0
2026-08-23,2026-08-23,1,0,2026-08-23T17:00:00+00:00,POR,Portugal,61,Liga Portugal,calendar-2026-27,2026/27,5887606,1567,Santa Clara,1634,Famalicao,3,finished,FETCHED,COMPLETE,FULL_MATCH,0,0
2026-08-23,2026-08-23,1,0,2026-08-23T17:00:00+00:00,ITA,Italien,86,Serie B,calendar-2026-27,2026/27,5967046,6479,Pisa,583944,Padova,1,finished,FETCHED,COMPLETE,FULL_MATCH,1,1
2026-08-23,2026-08-23,1,0,2026-08-23T17:00:00+00:00,ITA,Italien,86,Serie B,calendar-2026-27,2026/27,5967048,9876,Hellas Verona,8522,Ascoli,1,finished,FETCHED,COMPLETE,FULL_MATCH,2,2_PLUS
2026-08-23,2026-08-23,1,0,2026-08-23T17:00:00+00:00,EGY,Ägypten,519,Premier League,calendar-2026-27,2026/27,5995578,608449,Ceramica Cleopatra,316488,Olympic El Qanah FC,1,finished,FETCHED,COMPLETE,FULL_MATCH,2,2_PLUS
2026-08-23,2026-08-23,1,0,2026-08-23T17:00:00+00:00,EGY,Ägypten,519,Premier League,calendar-2026-27,2026/27,5995579,101745,Al Ahly SC,101754,Al Sharkeyah-ENPPI,1,finished,FETCHED,COMPLETE,FULL_MATCH,2,2_PLUS
2026-08-23,2026-08-23,1,0,2026-08-23T17:15:00+00:00,ISR,Israel,127,Ligat ha'Al,calendar-2026-27,2026/27,1000015249,459591,Hapoel Jerusalem FC,7855,Maccabi Tel Aviv,1,finished,FETCHED,COMPLETE,FULL_MATCH,4,2_PLUS
2026-08-23,2026-08-23,1,0,2026-08-23T17:15:00+00:00,BEL,Belgien,264,First Division B,calendar-2026-27,2026/27,1000015451,96953,Francs Borains,2263,Sporting Hasselt,2,finished,FETCHED,COMPLETE,FULL_MATCH,1,1
2026-08-23,2026-08-23,1,0,2026-08-23T17:30:00+00:00,ESP,Spanien,87,LaLiga,calendar-2026-27,2026/27,5868026,8305,Getafe,8696,Racing Santander,2,finished,FETCHED,COMPLETE,FULL_MATCH,1,1
2026-08-23,2026-08-23,1,0,2026-08-23T17:45:00+00:00,ARG,Argentinien,112,Liga Profesional,calendar-2026-27,2026/27,5115950,213534,Barracas Central,10089,Club Atletico Platense,6,finished,FETCHED,COMPLETE,FULL_MATCH,2,2_PLUS
2026-08-23,2026-08-23,1,0,2026-08-23T17:45:00+00:00,ARG,Argentinien,112,Liga Profesional,calendar-2026-27,2026/27,5115960,202757,Sarmiento,10094,Estudiantes,6,finished,FETCHED,COMPLETE,FULL_MATCH,1,1
2026-08-23,2026-08-23,1,0,2026-08-23T18:00:00+00:00,PER,Peru,131,Liga 1,calendar-2026-27,2026/27,1000017204,4412,Sport Boys,1845,Cienciano,Clausura - Round 6,finished,FETCHED,COMPLETE,FULL_MATCH,2,2_PLUS
2026-08-23,2026-08-23,1,0,2026-08-23T18:00:00+00:00,KSA,Saudi-Arabien,10721,Saudi First Division,calendar-2026-27,2026/27,1000018422,1793879,Al-Ula FC,1115133,Al Jabalain,1,finished,FETCHED,COMPLETE,FULL_MATCH,2,2_PLUS
2026-08-23,2026-08-23,1,0,2026-08-23T18:00:00+00:00,USA,USA,9134,NWSL,calendar-2026-27,2026/27,5161612,189393,Chicago Stars (W),1237244,Racing Louisville (W),0,finished,FETCHED,COMPLETE,FULL_MATCH,4,2_PLUS
2026-08-23,2026-08-23,1,0,2026-08-23T18:00:00+00:00,CZE,Tschechien,122,1. Liga,calendar-2026-27,2026/27,5831145,6461,Sigma Olomouc,2406,Pardubice,5,finished,FETCHED,COMPLETE,FULL_MATCH,3,2_PLUS
2026-08-23,2026-08-23,1,0,2026-08-23T18:00:00+00:00,GRE,Griechenland,135,Super League 1,calendar-2026-27,2026/27,5943231,8619,PAOK Thessaloniki,4493,Levadiakos,1,finished,FETCHED,COMPLETE,FULL_MATCH,2,2_PLUS
2026-08-23,2026-08-23,1,0,2026-08-23T18:15:00+00:00,POL,Polen,196,Ekstraklasa,calendar-2026-27,2026/27,5803955,8023,Pogoń Szczecin,10265,Wisła Kraków,5,finished,FETCHED,COMPLETE,FULL_MATCH,0,0
2026-08-23,2026-08-23,1,0,2026-08-23T18:30:00+00:00,ROU,Rumänien,189,Liga I,calendar-2026-27,2026/27,5853472,9731,CFR Cluj,9723,FCSB,6,finished,FETCHED,COMPLETE,FULL_MATCH,1,1
2026-08-23,2026-08-23,1,0,2026-08-23T18:30:00+00:00,TUR,Türkei,71,Süper Lig,calendar-2026-27,2026/27,5904715,4678,Alanyaspor,10188,Beşiktaş,2,finished,FETCHED,COMPLETE,FULL_MATCH,1,1
2026-08-23,2026-08-23,1,0,2026-08-23T18:30:00+00:00,TUR,Türkei,71,Süper Lig,calendar-2026-27,2026/27,5904717,1925,Göztepe,7800,Gençlerbirliği,2,finished,FETCHED,COMPLETE,FULL_MATCH,1,1
2026-08-23,2026-08-23,1,0,2026-08-23T18:30:00+00:00,TUR,Türkei,165,1. Lig,calendar-2026-27,2026/27,5908598,2090,Sariyer,163008,Batman Petrolspor,3,finished,FETCHED,COMPLETE,FULL_MATCH,2,2_PLUS
2026-08-23,2026-08-23,1,0,2026-08-23T18:30:00+00:00,TUR,Türkei,165,1. Lig,calendar-2026-27,2026/27,5908601,146408,Van Spor Kulübü,106560,Istanbulspor,3,finished,FETCHED,COMPLETE,FULL_MATCH,1,1
2026-08-23,2026-08-23,1,0,2026-08-23T18:30:00+00:00,GRE,Griechenland,135,Super League 1,calendar-2026-27,2026/27,5943230,162386,Panetolikos,80654,Asteras Tripolis,1,finished,FETCHED,COMPLETE,FULL_MATCH,3,2_PLUS
2026-08-23,2026-08-23,1,0,2026-08-23T18:45:00+00:00,ITA,Italien,55,Serie A,calendar-2026-27,2026/27,5749641,8524,Atalanta,7943,Sassuolo,1,finished,FETCHED,COMPLETE,FULL_MATCH,2,2_PLUS
2026-08-23,2026-08-23,1,0,2026-08-23T18:45:00+00:00,ITA,Italien,55,Serie A,calendar-2026-27,2026/27,5749647,9804,Torino,8564,Milan,1,finished,FETCHED,COMPLETE,FULL_MATCH,3,2_PLUS
2026-08-23,2026-08-23,1,0,2026-08-23T18:45:00+00:00,FRA,Frankreich,53,Ligue 1,calendar-2026-27,2026/27,5803105,9851,Rennes,9847,PSG,1,finished,FETCHED,COMPLETE,FULL_MATCH,2,2_PLUS
2026-08-23,2026-08-23,1,0,2026-08-23T19:00:00+00:00,USA,USA,10282,MLS Next Pro,calendar-2026-27,2026/27,1000008073,722264,Philadelphia Union II,1880719,Connecticut United,26,finished,FETCHED,COMPLETE,FULL_MATCH,2,2_PLUS
2026-08-23,2026-08-23,1,0,2026-08-23T19:00:00+00:00,CAN,Kanada,10872,Northern Super League,calendar-2026-27,2026/27,1000009208,1739717,Montreal Roses FC,1739712,Calgary Wild FC,Regular Season,finished,FETCHED,COMPLETE,FULL_MATCH,2,2_PLUS
2026-08-23,2026-08-23,1,0,2026-08-23T19:00:00+00:00,CHI,Chile,273,Liga de Primera,calendar-2026-27,2026/27,1000013204,6310,Universidad de Chile,7815,Colo Colo,20,finished,FETCHED,COMPLETE,FULL_MATCH,1,1
2026-08-23,2026-08-23,1,0,2026-08-23T19:00:00+00:00,COL,Kolumbien,274,Primera A,calendar-2026-27,2026/27,1000014100,244167,Fortaleza FC,6368,Atletico Nacional,Clausura - Round 6,finished,FETCHED,COMPLETE,FULL_MATCH,2,2_PLUS
2026-08-23,2026-08-23,1,0,2026-08-23T19:00:00+00:00,SRB,Serbien,182,Super Liga,calendar-2026-27,2026/27,1000015106,1739,Mladost Lucani,7998,Partizan Beograd,6,finished,FETCHED,COMPLETE,FULL_MATCH,2,2_PLUS
2026-08-23,2026-08-23,1,0,2026-08-23T19:00:00+00:00,SRB,Serbien,182,Super Liga,calendar-2026-27,2026/27,1000015110,6406,Vojvodina,676141,Zeleznicar Pancevo,6,finished,FETCHED,COMPLETE,FULL_MATCH,1,1
2026-08-23,2026-08-23,1,0,2026-08-23T19:00:00+00:00,PAR,Paraguay,199,Division Profesional,calendar-2026-27,2026/27,1000017381,6619,Olimpia,6295,Cerro Porteno,Clausura - Round 6,finished,FETCHED,COMPLETE,FULL_MATCH,2,2_PLUS
2026-08-23,2026-08-23,1,0,2026-08-23T19:00:00+00:00,BOL,Bolivien,144,Primera Division,calendar-2026-27,2026/27,1000019021,1504766,CDT Real Oruro,5983,Bolivar,16,finished,FETCHED,COMPLETE,FULL_MATCH,4,2_PLUS
2026-08-23,2026-08-23,1,0,2026-08-23T19:00:00+00:00,BRA,Brasilien,268,Serie A,calendar-2026-27,2026/27,5103597,10283,Palmeiras,10276,Vasco da Gama,24,finished,FETCHED,COMPLETE,FULL_MATCH,5,2_PLUS
2026-08-23,2026-08-23,1,0,2026-08-23T19:00:00+00:00,BRA,Brasilien,268,Serie A,calendar-2026-27,2026/27,5103598,109705,Bragantino,9769,Grêmio,24,finished,FETCHED,COMPLETE,FULL_MATCH,1,1
2026-08-23,2026-08-23,1,0,2026-08-23T19:00:00+00:00,BRA,Brasilien,268,Serie A,calendar-2026-27,2026/27,5103602,7733,Vitória,7877,Bahia,24,finished,FETCHED,COMPLETE,FULL_MATCH,2,2_PLUS
2026-08-23,2026-08-23,1,0,2026-08-23T19:00:00+00:00,BRA,Brasilien,8814,Serie B,calendar-2026-27,2026/27,5190669,8630,Ponte Preta,104822,Avaí,24,finished,FETCHED,COMPLETE,FULL_MATCH,2,2_PLUS
2026-08-23,2026-08-23,1,0,2026-08-23T19:00:00+00:00,BRA,Brasilien,8814,Serie B,calendar-2026-27,2026/27,5190670,231931,São Bernardo,2369,Náutico,24,finished,FETCHED,COMPLETE,FULL_MATCH,2,2_PLUS
2026-08-23,2026-08-23,1,0,2026-08-23T19:00:00+00:00,CRO,Kroatien,252,HNL,calendar-2026-27,2026/27,5765910,10154,Hajduk Split,10157,Osijek,4,finished,FETCHED,COMPLETE,FULL_MATCH,3,2_PLUS
2026-08-23,2026-08-23,1,0,2026-08-23T19:00:00+00:00,ITA,Italien,86,Serie B,calendar-2026-27,2026/27,5967042,584022,Cesena,9882,Sampdoria,1,finished,FETCHED,COMPLETE,FULL_MATCH,1,1
2026-08-23,2026-08-23,1,0,2026-08-23T19:00:00+00:00,ITA,Italien,86,Serie B,calendar-2026-27,2026/27,5967045,8540,Palermo,6106,Juve Stabia,1,finished,FETCHED,COMPLETE,FULL_MATCH,0,0
2026-08-23,2026-08-23,1,0,2026-08-23T19:15:00+00:00,ISL,Island,215,Besta deildin,calendar-2026-27,2026/27,5225716,6017,Vikingur Reykjavik,8064,Valur,20,finished,FETCHED,COMPLETE,FULL_MATCH,2,2_PLUS
2026-08-23,2026-08-23,1,0,2026-08-23T19:30:00+00:00,ESP,Spanien,87,LaLiga,calendar-2026-27,2026/27,5868024,10268,Elche,8634,Barcelona,2,finished,FETCHED,COMPLETE,FULL_MATCH,3,2_PLUS
2026-08-23,2026-08-23,1,0,2026-08-23T19:30:00+00:00,ESP,Spanien,140,LaLiga2,calendar-2026-27,2026/27,5868414,9867,Tenerife,9865,Almeria,2,finished,FETCHED,COMPLETE,FULL_MATCH,0,0
2026-08-23,2026-08-23,1,0,2026-08-23T19:30:00+00:00,POR,Portugal,61,Liga Portugal,calendar-2026-27,2026/27,5887605,9773,FC Porto,158085,Arouca,3,finished,FETCHED,COMPLETE,FULL_MATCH,2,2_PLUS
2026-08-23,2026-08-23,1,0,2026-08-23T20:00:00+00:00,USA,USA,10282,MLS Next Pro,calendar-2026-27,2026/27,1000007729,1348118,Chicago Fire FC II,1348111,Inter Miami CF II,26,finished,FETCHED,COMPLETE,FULL_MATCH,3,2_PLUS
2026-08-23,2026-08-23,1,0,2026-08-23T20:00:00+00:00,ARG,Argentinien,112,Liga Profesional,calendar-2026-27,2026/27,5115951,10092,Belgrano,161730,Defensa y Justicia,6,finished,FETCHED,COMPLETE,FULL_MATCH,2,2_PLUS
2026-08-23,2026-08-23,1,0,2026-08-23T20:00:00+00:00,USA,USA,9134,NWSL,calendar-2026-27,2026/27,5161613,433030,Washington Spirit (W),728922,Orlando Pride (W),0,finished,FETCHED,COMPLETE,FULL_MATCH,0,0
2026-08-23,2026-08-23,1,0,2026-08-23T20:00:00+00:00,CAN,Kanada,9986,Premier League,calendar-2026-27,2026/27,5175953,1022954,Inter Toronto FC,1899648,Supra du Quebec,19,finished,FETCHED,COMPLETE,FULL_MATCH,1,1
2026-08-23,2026-08-23,1,0,2026-08-23T20:30:00+00:00,ECU,Ecuador,246,Serie A,calendar-2026-27,2026/27,1000009075,519457,Delfin,6608,Aucas,26,finished,FETCHED,COMPLETE,FULL_MATCH,1,1
2026-08-23,2026-08-23,1,0,2026-08-23T20:30:00+00:00,PER,Peru,131,Liga 1,calendar-2026-27,2026/27,1000017203,4417,FBC Melgar,6398,Alianza Lima,Clausura - Round 6,finished,FETCHED,COMPLETE,FULL_MATCH,0,0
2026-08-23,2026-08-23,1,0,2026-08-23T20:30:00+00:00,USA,USA,130,MLS,calendar-2026-27,2026/27,5071305,6580,New England,546238,NYCFC,21,finished,FETCHED,COMPLETE,FULL_MATCH,0,0
2026-08-23,2026-08-23,1,0,2026-08-23T21:00:00+00:00,BRA,Brasilien,8814,Serie B,calendar-2026-27,2026/27,5190672,197429,Operário,109706,Vila Nova,24,finished,FETCHED,COMPLETE,FULL_MATCH,0,0
2026-08-23,2026-08-23,1,0,2026-08-23T21:05:00+00:00,COL,Kolumbien,274,Primera A,calendar-2026-27,2026/27,1000014105,4405,Deportivo Pasto,348397,Llaneros FC,Clausura - Round 6,finished,FETCHED,COMPLETE,FULL_MATCH,1,1
2026-08-23,2026-08-23,1,0,2026-08-23T21:15:00+00:00,BOL,Bolivien,144,Primera Division,calendar-2026-27,2026/27,1000019022,114830,Guabira,49678,Blooming,16,finished,FETCHED,COMPLETE,FULL_MATCH,2,2_PLUS
2026-08-23,2026-08-23,1,0,2026-08-23T21:30:00+00:00,BRA,Brasilien,268,Serie A,calendar-2026-27,2026/27,5103596,8514,Santos FC,163782,Mirassol,24,finished,FETCHED,COMPLETE,FULL_MATCH,1,1
2026-08-23,2026-08-23,1,0,2026-08-23T21:30:00+00:00,BRA,Brasilien,268,Serie A,calendar-2026-27,2026/27,5103603,197693,Chapecoense AF,10277,São Paulo,24,finished,FETCHED,COMPLETE,FULL_MATCH,0,0
2026-08-23,2026-08-23,1,0,2026-08-23T21:30:00+00:00,BRA,Brasilien,8814,Serie B,calendar-2026-27,2026/27,5190675,7729,Criciúma,8287,Fortaleza,24,finished,FETCHED,COMPLETE,FULL_MATCH,1,1
2026-08-23,"2026-08-23,2026-08-24",2,1,2026-08-23T22:00:00+00:00,USA,USA,9134,NWSL,calendar-2026-27,2026/27,5161614,1607273,Bay FC (W),521233,Houston Dash (W),0,finished,FETCHED,COMPLETE,FULL_MATCH,1,1
2026-08-23,"2026-08-23,2026-08-24",2,1,2026-08-23T22:15:00+00:00,ARG,Argentinien,112,Liga Profesional,calendar-2026-27,2026/27,5115959,10076,River Plate,10079,Vélez Sarsfield,6,finished,FETCHED,COMPLETE,FULL_MATCH,2,2_PLUS
2026-08-23,"2026-08-23,2026-08-24",2,1,2026-08-23T22:30:00+00:00,BRA,Brasilien,268,Serie A,calendar-2026-27,2026/27,5103601,9767,Coritiba,9808,Corinthians,24,finished,FETCHED,COMPLETE,FULL_MATCH,2,2_PLUS
2026-08-23,"2026-08-23,2026-08-24",2,1,2026-08-23T23:00:00+00:00,USA,USA,10282,MLS Next Pro,calendar-2026-27,2026/27,1000007731,1451868,Crown Legacy FC,540884,Chattanooga FC,26,finished,FETCHED,COMPLETE,FULL_MATCH,3,2_PLUS
2026-08-23,"2026-08-23,2026-08-24",2,1,2026-08-23T23:00:00+00:00,USA,USA,10282,MLS Next Pro,calendar-2026-27,2026/27,1000007732,1445755,Huntsville City FC,1348126,Columbus Crew 2,26,finished,FETCHED,COMPLETE,FULL_MATCH,1,1
2026-08-23,"2026-08-23,2026-08-24",2,1,2026-08-23T23:00:00+00:00,USA,USA,10282,MLS Next Pro,calendar-2026-27,2026/27,1000007733,614318,Red Bull New York  II,614319,Toronto FC II,26,finished,FETCHED,COMPLETE,FULL_MATCH,3,2_PLUS
2026-08-23,"2026-08-23,2026-08-24",2,1,2026-08-23T23:00:00+00:00,USA,USA,10282,MLS Next Pro,calendar-2026-27,2026/27,1000007734,1346404,St. Louis City 2,1348104,Houston Dynamo 2,26,finished,FETCHED,COMPLETE,FULL_MATCH,3,2_PLUS
2026-08-23,"2026-08-23,2026-08-24",2,1,2026-08-23T23:00:00+00:00,CHI,Chile,273,Liga de Primera,calendar-2026-27,2026/27,1000013209,6296,O'Higgins,6455,Palestino,20,finished,FETCHED,COMPLETE,FULL_MATCH,1,1
2026-08-23,"2026-08-23,2026-08-24",2,1,2026-08-23T23:00:00+00:00,MEX,Mexiko,230,Liga MX,calendar-2026-27,2026/27,1000014542,6358,San Luis,7848,Pachuca,5,finished,FETCHED,COMPLETE,FULL_MATCH,2,2_PLUS
2026-08-23,"2026-08-23,2026-08-24",2,1,2026-08-23T23:00:00+00:00,USA,USA,130,MLS,calendar-2026-27,2026/27,5071304,773958,Atlanta United,6604,Sporting KC,21,finished,FETCHED,COMPLETE,FULL_MATCH,1,1
2026-08-23,"2026-08-23,2026-08-24",2,1,2026-08-23T23:10:00+00:00,COL,Kolumbien,274,Primera A,calendar-2026-27,2026/27,1000014106,6387,Deportivo Cali,47240,Internacional de Bogotá,Clausura - Round 6,finished,FETCHED,COMPLETE,FULL_MATCH,1,1
2026-08-23,"2026-08-23,2026-08-24",2,1,2026-08-23T23:30:00+00:00,PER,Peru,131,Liga 1,calendar-2026-27,2026/27,1000017207,4409,Universitario de Deportes,741328,Los Chankas,Clausura - Round 6,finished,FETCHED,COMPLETE,FULL_MATCH,2,2_PLUS
2026-08-23,"2026-08-23,2026-08-24",2,1,2026-08-23T23:30:00+00:00,BOL,Bolivien,144,Primera Division,calendar-2026-27,2026/27,1000019023,1074622,Real Tomayapo,805913,Always Ready,16,finished,FETCHED,COMPLETE,FULL_MATCH,1,1
2026-08-23,"2026-08-23,2026-08-24",2,1,2026-08-24T00:00:00+00:00,ECU,Ecuador,246,Serie A,calendar-2026-27,2026/27,1000009073,6721,LDU de Quito,1850,Emelec,26,finished,FETCHED,COMPLETE,FULL_MATCH,0,0
2026-08-23,"2026-08-23,2026-08-24",2,1,2026-08-24T00:00:00+00:00,USA,USA,9134,NWSL,calendar-2026-27,2026/27,5161615,1335914,Angel City FC (W),189397,Gotham FC (W),0,finished,FETCHED,COMPLETE,FULL_MATCH,0,0
2026-08-23,"2026-08-23,2026-08-24",2,1,2026-08-24T00:30:00+00:00,USA,USA,10282,MLS Next Pro,calendar-2026-27,2026/27,1000007735,1451870,Austin FC II,1348115,San Jose Earthquakes II,26,finished,FETCHED,COMPLETE,FULL_MATCH,1,1
2026-08-23,"2026-08-23,2026-08-24",2,1,2026-08-24T00:30:00+00:00,ARG,Argentinien,112,Liga Profesional,calendar-2026-27,2026/27,5115958,10080,Racing Club,10077,Boca Juniors,6,finished,FETCHED,COMPLETE,FULL_MATCH,0,0
2026-08-23,"2026-08-23,2026-08-24",2,1,2026-08-24T00:38:00+00:00,USA,USA,10282,MLS Next Pro,calendar-2026-27,2026/27,1000007727,1348103,Colorado Rapids 2,614324,Real Monarchs SLC,26,finished,FETCHED,COMPLETE,FULL_MATCH,4,2_PLUS
2026-08-23,"2026-08-23,2026-08-24",2,1,2026-08-24T01:00:00+00:00,MEX,Mexiko,230,Liga MX,calendar-2026-27,2026/27,1000014543,1946,Pumas,1842,Necaxa,5,finished,FETCHED,COMPLETE,FULL_MATCH,2,2_PLUS
2026-08-23,"2026-08-23,2026-08-24",2,1,2026-08-24T01:15:00+00:00,COL,Kolumbien,274,Primera A,calendar-2026-27,2026/27,1000014104,2254,Junior FC,6024,Once Caldas,Clausura - Round 6,finished,FETCHED,COMPLETE,FULL_MATCH,2,2_PLUS
2026-08-23,"2026-08-23,2026-08-24",2,1,2026-08-24T02:00:00+00:00,USA,USA,10282,MLS Next Pro,calendar-2026-27,2026/27,1000007730,521005,Ventura County FC,614322,Portland Timbers 2,26,finished,FETCHED,COMPLETE,FULL_MATCH,2,2_PLUS
2026-08-24,2026-08-24,1,0,2026-08-24T14:15:00+00:00,QAT,Katar,11030,Second Division,calendar-2026-27,2026/27,1000018595,582505,Al Mesaimeer,479161,Muaither SC,1,finished,FETCHED,COMPLETE,FULL_MATCH,1,1
2026-08-24,2026-08-24,1,0,2026-08-24T15:30:00+00:00,ROU,Rumänien,189,Liga I,calendar-2026-27,2026/27,5853474,188191,Botoșani,583690,Csikszereda Miercurea Ciuc,6,finished,FETCHED,COMPLETE,FULL_MATCH,1,1
2026-08-24,2026-08-24,1,0,2026-08-24T16:00:00+00:00,GER,Deutschland,209,DFB Pokal,calendar-2026-27,2026/27,5750680,339999,VSG Altglienicke,8721,Wolfsburg,1,finished,FETCHED,COMPLETE,FULL_MATCH,5,2_PLUS
2026-08-24,2026-08-24,1,0,2026-08-24T16:00:00+00:00,GER,Deutschland,209,DFB Pokal,calendar-2026-27,2026/27,5750687,7783,SC Verl,9790,Hamburger SV,1,finished,FETCHED,COMPLETE,FULL_MATCH,2,2_PLUS
2026-08-24,2026-08-24,1,0,2026-08-24T16:00:00+00:00,GER,Deutschland,209,DFB Pokal,calendar-2026-27,2026/27,5750690,145486,Würzburger Kickers,8722,Köln,1,finished,FETCHED,COMPLETE,FULL_MATCH,2,2_PLUS
2026-08-24,2026-08-24,1,0,2026-08-24T16:00:00+00:00,GER,Deutschland,9676,Frauen Bundesliga,calendar-2026-27,2026/27,5934505,1638033,Mainz 05 (W),672089,Werder Bremen (W),1,finished,FETCHED,COMPLETE,FULL_MATCH,0,0
2026-08-24,2026-08-24,1,0,2026-08-24T16:30:00+00:00,QAT,Katar,11030,Second Division,calendar-2026-27,2026/27,1000018596,582510,Al-Shamal II,1345067,Al-Kharaitiyat SC,1,finished,FETCHED,COMPLETE,FULL_MATCH,0,0
2026-08-24,2026-08-24,1,0,2026-08-24T16:30:00+00:00,ITA,Italien,55,Serie A,calendar-2026-27,2026/27,5749642,9857,Bologna,8543,Lazio,1,finished,FETCHED,COMPLETE,FULL_MATCH,1,1
2026-08-24,2026-08-24,1,0,2026-08-24T16:40:00+00:00,KSA,Saudi-Arabien,536,Saudi Pro League,calendar-2026-27,2026/27,5970099,1699505,Neom SC,101919,Al Qadsiah,3,finished,FETCHED,COMPLETE,FULL_MATCH,1,1
2026-08-24,2026-08-24,1,0,2026-08-24T17:00:00+00:00,ISR,Israel,127,Ligat ha'Al,calendar-2026-27,2026/27,1000015253,1832,Maccabi Netanya,8718,Bnei Sakhnin,1,finished,FETCHED,COMPLETE,FULL_MATCH,0,0
2026-08-24,2026-08-24,1,0,2026-08-24T17:00:00+00:00,SWE,Schweden,67,Allsvenskan,calendar-2026-27,2026/27,5107577,10237,Malmö FF,9802,Djurgården,18,finished,FETCHED,COMPLETE,FULL_MATCH,2,2_PLUS
2026-08-24,2026-08-24,1,0,2026-08-24T17:00:00+00:00,DEN,Dänemark,46,Superligaen,calendar-2026-27,2026/27,5739490,8595,Brøndby IF,8415,Silkeborg,5,finished,FETCHED,COMPLETE,FULL_MATCH,3,2_PLUS
2026-08-24,2026-08-24,1,0,2026-08-24T17:00:00+00:00,ESP,Spanien,140,LaLiga2,calendar-2026-27,2026/27,5868406,161743,Celta Fortuna,494050,FC Andorra,2,finished,FETCHED,COMPLETE,FULL_MATCH,6,2_PLUS
2026-08-24,2026-08-24,1,0,2026-08-24T17:30:00+00:00,RUS,Russland,63,Premier League,calendar-2026-27,2026/27,5847153,49694,Baltika,8683,Rubin,5,finished,FETCHED,COMPLETE,FULL_MATCH,1,1
2026-08-24,2026-08-24,1,0,2026-08-24T17:30:00+00:00,ESP,Spanien,87,LaLiga,calendar-2026-27,2026/27,5868028,8371,Osasuna,8581,Levante,2,finished,FETCHED,COMPLETE,FULL_MATCH,0,0
2026-08-24,2026-08-24,1,0,2026-08-24T18:00:00+00:00,ENG,England,9084,Premier League 2,calendar-2026-27,2026/27,1000019095,860800,Manchester City U21,773683,Wolverhampton Wanderers U21,1,finished,FETCHED,COMPLETE,FULL_MATCH,1,1
2026-08-24,2026-08-24,1,0,2026-08-24T18:00:00+00:00,ENG,England,9084,Premier League 2,calendar-2026-27,2026/27,1000019096,1070257,Manchester United U21,1796115,Ipswich Town U21,1,finished,FETCHED,COMPLETE,FULL_MATCH,1,1
2026-08-24,2026-08-24,1,0,2026-08-24T18:00:00+00:00,ENG,England,9084,Premier League 2,calendar-2026-27,2026/27,1000019097,860798,Newcastle United U21,860802,Tottenham Hotspur U21,1,finished,FETCHED,COMPLETE,FULL_MATCH,2,2_PLUS
2026-08-24,2026-08-24,1,0,2026-08-24T18:00:00+00:00,ENG,England,9084,Premier League 2,calendar-2026-27,2026/27,1000019098,773686,Reading U21,773680,Derby County U21,1,finished,FETCHED,COMPLETE,FULL_MATCH,3,2_PLUS
2026-08-24,2026-08-24,1,0,2026-08-24T18:00:00+00:00,ENG,England,9084,Premier League 2,calendar-2026-27,2026/27,1000019099,773657,Sunderland U21,1389162,Nottingham Forest U21,1,finished,FETCHED,COMPLETE,FULL_MATCH,5,2_PLUS
2026-08-24,2026-08-24,1,0,2026-08-24T18:00:00+00:00,NED,Niederlande,111,Eerste Divisie,calendar-2026-27,2026/27,5832833,455494,Jong PSV,7781,TOP Oss,3,finished,FETCHED,COMPLETE,FULL_MATCH,0,0
2026-08-24,2026-08-24,1,0,2026-08-24T18:00:00+00:00,NED,Niederlande,111,Eerste Divisie,calendar-2026-27,2026/27,5832834,278960,Jong FC Utrecht,9791,Heracles,3,finished,FETCHED,COMPLETE,FULL_MATCH,2,2_PLUS
2026-08-24,2026-08-24,1,0,2026-08-24T18:00:00+00:00,KSA,Saudi-Arabien,536,Saudi Pro League,calendar-2026-27,2026/27,5970100,8577,Al Ittihad,101911,Al Hazem,3,finished,FETCHED,COMPLETE,FULL_MATCH,2,2_PLUS
2026-08-24,2026-08-24,1,0,2026-08-24T18:30:00+00:00,ROU,Rumänien,189,Liga I,calendar-2026-27,2026/27,5853475,9736,Oțelul Galați,9732,FC Argeș Pitesti,6,finished,FETCHED,COMPLETE,FULL_MATCH,1,1
2026-08-24,2026-08-24,1,0,2026-08-24T18:30:00+00:00,TUR,Türkei,71,Süper Lig,calendar-2026-27,2026/27,5904720,1569,Kocaelispor,96498,Amed Sportif,2,finished,FETCHED,COMPLETE,FULL_MATCH,1,1
2026-08-24,2026-08-24,1,0,2026-08-24T18:30:00+00:00,TUR,Türkei,165,1. Lig,calendar-2026-27,2026/27,5908602,6265,Sivasspor,658812,Manisa Futbol Kulübü,3,finished,FETCHED,COMPLETE,FULL_MATCH,1,1
2026-08-24,2026-08-24,1,0,2026-08-24T18:45:00+00:00,ITA,Italien,55,Serie A,calendar-2026-27,2026/27,5749640,8686,Roma,8535,Fiorentina,1,finished,FETCHED,COMPLETE,FULL_MATCH,3,2_PLUS
2026-08-24,2026-08-24,1,0,2026-08-24T18:45:00+00:00,GER,Deutschland,209,DFB Pokal,calendar-2026-27,2026/27,5750694,7761,Hallescher FC,10189,Schalke 04,1,finished,FETCHED,COMPLETE,FULL_MATCH,6,2_PLUS
2026-08-24,2026-08-24,1,0,2026-08-24T18:45:00+00:00,FRA,Frankreich,110,Ligue 2,calendar-2026-27,2026/27,5803233,9837,Reims,293352,Annecy FC,3,finished,FETCHED,COMPLETE,FULL_MATCH,3,2_PLUS
2026-08-24,2026-08-24,1,0,2026-08-24T19:00:00+00:00,PAR,Paraguay,199,Division Profesional,calendar-2026-27,2026/27,1000017385,49689,Nacional,49687,Luqueño,Clausura - Round 6,finished,FETCHED,COMPLETE,FULL_MATCH,1,1
2026-08-24,2026-08-24,1,0,2026-08-24T19:00:00+00:00,ENG,England,47,Premier League,calendar-2026-27,2026/27,5795372,9879,Fulham,8455,Chelsea,1,finished,FETCHED,COMPLETE,FULL_MATCH,2,2_PLUS
2026-08-24,2026-08-24,1,0,2026-08-24T19:15:00+00:00,ISL,Island,215,Besta deildin,calendar-2026-27,2026/27,5225717,8332,Breiðablik,6291,Fram Reykjavík,20,finished,FETCHED,COMPLETE,FULL_MATCH,2,2_PLUS
2026-08-24,2026-08-24,1,0,2026-08-24T19:15:00+00:00,POR,Portugal,61,Liga Portugal,calendar-2026-27,2026/27,5887602,9764,Gil Vicente,212821,Casa Pia AC,3,finished,FETCHED,COMPLETE,FULL_MATCH,0,0
2026-08-24,2026-08-24,1,0,2026-08-24T19:30:00+00:00,ESP,Spanien,87,LaLiga,calendar-2026-27,2026/27,5868027,9864,Málaga,9783,Deportivo A Coruña,2,finished,FETCHED,COMPLETE,FULL_MATCH,0,0
2026-08-24,2026-08-24,1,0,2026-08-24T19:30:00+00:00,ESP,Spanien,140,LaLiga2,calendar-2026-27,2026/27,5868411,7878,Granada,8661,Mallorca,2,finished,FETCHED,COMPLETE,FULL_MATCH,1,1
2026-08-24,2026-08-24,1,0,2026-08-24T21:30:00+00:00,PAR,Paraguay,199,Division Profesional,calendar-2026-27,2026/27,1000017386,6620,Libertad,198186,Sportivo San Lorenzo,Clausura - Round 6,finished,FETCHED,COMPLETE,FULL_MATCH,1,1
2026-08-24,"2026-08-24,2026-08-25",2,1,2026-08-24T22:00:00+00:00,ARG,Argentinien,112,Liga Profesional,calendar-2026-27,2026/27,5115962,89396,Tigre,213596,Central Córdoba de Santiago,6,finished,FETCHED,COMPLETE,FULL_MATCH,1,1
2026-08-24,"2026-08-24,2026-08-25",2,1,2026-08-24T22:30:00+00:00,BRA,Brasilien,8814,Serie B,calendar-2026-27,2026/27,5190671,1221604,Athletic Club,581838,Novorizontino,24,finished,FETCHED,COMPLETE,FULL_MATCH,4,2_PLUS
2026-08-24,"2026-08-24,2026-08-25",2,1,2026-08-24T22:30:00+00:00,BRA,Brasilien,8814,Serie B,calendar-2026-27,2026/27,5190676,6305,Sport Recife,1757,América-MG,24,finished,FETCHED,COMPLETE,FULL_MATCH,1,1
2026-08-24,"2026-08-24,2026-08-25",2,1,2026-08-24T23:00:00+00:00,BRA,Brasilien,268,Serie A,calendar-2026-27,2026/27,5103595,8517,Botafogo RJ,10273,Athletico Paranaense,24,finished,FETCHED,COMPLETE,FULL_MATCH,3,2_PLUS
2026-08-24,"2026-08-24,2026-08-25",2,1,2026-08-24T23:00:00+00:00,USA,USA,8972,USL Championship,calendar-2026-27,2026/27,5109899,162183,Charleston Battery,721896,Miami FC,1,finished,FETCHED,COMPLETE,FULL_MATCH,3,2_PLUS
2026-08-24,"2026-08-24,2026-08-25",2,1,2026-08-24T23:30:00+00:00,CHI,Chile,273,Liga de Primera,calendar-2026-27,2026/27,1000013207,1890,Everton CD,4054,Universidad de Concepción,20,finished,FETCHED,COMPLETE,FULL_MATCH,0,0
2026-08-24,"2026-08-24,2026-08-25",2,1,2026-08-25T00:00:00+00:00,ECU,Ecuador,246,Serie A,calendar-2026-27,2026/27,1000009077,1345405,Libertad,6609,CSD Macará,26,finished,FETCHED,COMPLETE,FULL_MATCH,0,0
2026-08-24,"2026-08-24,2026-08-25",2,1,2026-08-25T00:15:00+00:00,ARG,Argentinien,112,Liga Profesional,calendar-2026-27,2026/27,5115956,10082,Lanús,10086,Argentinos Juniors,6,finished,FETCHED,COMPLETE,FULL_MATCH,2,2_PLUS
2026-08-24,"2026-08-24,2026-08-25",2,1,2026-08-25T00:15:00+00:00,ARG,Argentinien,112,Liga Profesional,calendar-2026-27,2026/27,5115961,10101,Talleres,10084,Rosario Central,6,finished,FETCHED,COMPLETE,FULL_MATCH,3,2_PLUS
2026-08-24,"2026-08-24,2026-08-25",2,1,2026-08-25T02:00:00+00:00,USA,USA,10282,MLS Next Pro,calendar-2026-27,2026/27,1000007736,614327,Tacoma Defiance,722268,Sporting Kansas City II,26,finished,FETCHED,COMPLETE,FULL_MATCH,1,1
2026-08-25,2026-08-25,1,0,2026-08-25T09:30:00+00:00,AUS,Australien,9471,Australia Cup,calendar-2026-27,2026/27,6014073,582215,Lions FC,629991,North Sunshine Eagles SC,1/4,finished,FETCHED,COMPLETE,FULL_MATCH,0,0
2026-08-25,2026-08-25,1,0,2026-08-25T10:30:00+00:00,KOR,Südkorea,9080,K League 1,calendar-2026-27,2026/27,5140006,133901,Gimcheon Sangmu,46038,Jeonbuk Hyundai Motors FC,25,finished,FETCHED,COMPLETE,FULL_MATCH,0,0
2026-08-25,2026-08-25,1,0,2026-08-25T10:30:00+00:00,KOR,Südkorea,9080,K League 1,calendar-2026-27,2026/27,5140007,133898,Jeju SK,109373,Pohang Steelers,25,finished,FETCHED,COMPLETE,FULL_MATCH,2,2_PLUS
2026-08-25,2026-08-25,1,0,2026-08-25T10:30:00+00:00,KOR,Südkorea,9080,K League 1,calendar-2026-27,2026/27,5140008,92630,FC Seoul,429441,Bucheon FC 1995,25,finished,FETCHED,COMPLETE,FULL_MATCH,1,1
2026-08-25,2026-08-25,1,0,2026-08-25T16:00:00+00:00,LVA,Lettland,226,Virsliga,calendar-2026-27,2026/27,5162030,2106,Auda,8016,FK Liepāja,23,finished,FETCHED,COMPLETE,FULL_MATCH,1,1
2026-08-25,2026-08-25,1,0,2026-08-25T16:05:00+00:00,KSA,Saudi-Arabien,536,Saudi Pro League,calendar-2026-27,2026/27,5970101,150414,Abha,550433,Al Khaleej,3,finished,FETCHED,COMPLETE,FULL_MATCH,0,0
2026-08-25,2026-08-25,1,0,2026-08-25T16:10:00+00:00,KSA,Saudi-Arabien,536,Saudi Pro League,calendar-2026-27,2026/27,5970102,205686,Al-Taawoun,582749,Al-Fayha,3,finished,FETCHED,COMPLETE,FULL_MATCH,0,0
2026-08-25,2026-08-25,1,0,2026-08-25T16:30:00+00:00,QAT,Katar,11030,Second Division,calendar-2026-27,2026/27,1000018598,1803046,Al-Waab SC,582503,Al-Rayyan II,1,finished,FETCHED,COMPLETE,FULL_MATCH,0,0
2026-08-25,2026-08-25,1,0,2026-08-25T16:45:00+00:00,INT,International,10611,Champions League Qualifikation,calendar-2026-27,2026/27,5987809,951893,Sabah FK,9754,Hapoel Beer Sheva,final,finished,FETCHED,COMPLETE,FULL_MATCH,5,2_PLUS
2026-08-25,2026-08-25,1,0,2026-08-25T17:30:00+00:00,RSA,Südafrika,537,Premier Soccer League,calendar-2026-27,2026/27,5955069,1704814,Kruger United,149599,Durban City,Regular Season,finished,FETCHED,COMPLETE,FULL_MATCH,1,1
2026-08-25,2026-08-25,1,0,2026-08-25T17:30:00+00:00,RSA,Südafrika,537,Premier Soccer League,calendar-2026-27,2026/27,5955070,352390,Marumo Gallants,953498,TS Galaxy,Regular Season,finished,FETCHED,COMPLETE,FULL_MATCH,3,2_PLUS
2026-08-25,2026-08-25,1,0,2026-08-25T17:30:00+00:00,RSA,Südafrika,537,Premier Soccer League,calendar-2026-27,2026/27,5955071,7866,Orlando Pirates,612014,Sekhukhune United,Regular Season,finished,FETCHED,COMPLETE,FULL_MATCH,1,1
2026-08-25,2026-08-25,1,0,2026-08-25T17:30:00+00:00,RSA,Südafrika,537,Premier Soccer League,calendar-2026-27,2026/27,5955072,102099,Siwelele,316438,Chippa United,Regular Season,finished,FETCHED,COMPLETE,FULL_MATCH,2,2_PLUS
2026-08-25,2026-08-25,1,0,2026-08-25T18:00:00+00:00,KSA,Saudi-Arabien,536,Saudi Pro League,calendar-2026-27,2026/27,5970103,101915,Al-Ettifaq,101918,Al Nassr FC,3,finished,FETCHED,COMPLETE,FULL_MATCH,3,2_PLUS
2026-08-25,2026-08-25,1,0,2026-08-25T18:00:00+00:00,KSA,Saudi-Arabien,536,Saudi Pro League,calendar-2026-27,2026/27,5970104,101916,Al Shabab,582739,Al Riyadh,3,finished,FETCHED,COMPLETE,FULL_MATCH,2,2_PLUS
2026-08-25,2026-08-25,1,0,2026-08-25T18:00:00+00:00,ENG,England,133,EFL Cup,calendar-2026-27,2026/27,6005657,8344,Cardiff,9850,Norwich,2,finished,FETCHED,COMPLETE,FULL_MATCH,2,2_PLUS
2026-08-25,2026-08-25,1,0,2026-08-25T18:00:00+00:00,ENG,England,142,EFL Trophy,calendar-2026-27,2026/27,6016304,10104,Bristol Rovers,773652,Chelsea U21,1,finished,FETCHED,COMPLETE,FULL_MATCH,3,2_PLUS
2026-08-25,2026-08-25,1,0,2026-08-25T18:30:00+00:00,ENG,England,133,EFL Cup,calendar-2026-27,2026/27,6005648,9903,Doncaster,8549,Middlesbrough,2,finished,FETCHED,COMPLETE,FULL_MATCH,3,2_PLUS
2026-08-25,2026-08-25,1,0,2026-08-25T18:45:00+00:00,ENG,England,133,EFL Cup,calendar-2026-27,2026/27,6005644,10194,Stoke,8667,Hull,2,finished,FETCHED,COMPLETE,FULL_MATCH,0,0
2026-08-25,2026-08-25,1,0,2026-08-25T18:45:00+00:00,ENG,England,133,EFL Cup,calendar-2026-27,2026/27,6005646,8655,Blackburn,8657,Sheff Utd,2,finished,FETCHED,COMPLETE,FULL_MATCH,2,2_PLUS
2026-08-25,2026-08-25,1,0,2026-08-25T18:45:00+00:00,ENG,England,133,EFL Cup,calendar-2026-27,2026/27,6005649,8283,Barnsley,9784,Crewe,2,finished,FETCHED,COMPLETE,FULL_MATCH,1,1
2026-08-25,2026-08-25,1,0,2026-08-25T18:45:00+00:00,ENG,England,133,EFL Cup,calendar-2026-27,2026/27,6005651,8483,Blackpool,8430,Lincoln,2,finished,FETCHED,COMPLETE,FULL_MATCH,3,2_PLUS
2026-08-25,2026-08-25,1,0,2026-08-25T18:45:00+00:00,ENG,England,133,EFL Cup,calendar-2026-27,2026/27,6005652,10163,Sheff Wed,8602,Wolves,2,finished,FETCHED,COMPLETE,FULL_MATCH,0,0
2026-08-25,2026-08-25,1,0,2026-08-25T18:45:00+00:00,ENG,England,133,EFL Cup,calendar-2026-27,2026/27,6005654,45723,Fleetwood,9896,Shrewsbury,2,finished,FETCHED,COMPLETE,FULL_MATCH,1,1
2026-08-25,2026-08-25,1,0,2026-08-25T18:45:00+00:00,ENG,England,133,EFL Cup,calendar-2026-27,2026/27,6005655,10006,Walsall,8351,Leyton Orient,2,finished,FETCHED,COMPLETE,FULL_MATCH,0,0
2026-08-25,2026-08-25,1,0,2026-08-25T18:45:00+00:00,ENG,England,133,EFL Cup,calendar-2026-27,2026/27,6005656,9902,Ipswich,8197,Leicester,2,finished,FETCHED,COMPLETE,FULL_MATCH,4,2_PLUS
2026-08-25,2026-08-25,1,0,2026-08-25T18:45:00+00:00,ENG,England,133,EFL Cup,calendar-2026-27,2026/27,6005658,10253,Stevenage,9798,Reading,2,finished,FETCHED,COMPLETE,FULL_MATCH,1,1
2026-08-25,2026-08-25,1,0,2026-08-25T18:45:00+00:00,ENG,England,133,EFL Cup,calendar-2026-27,2026/27,6005659,9834,Cambridge,10004,Millwall,2,finished,FETCHED,COMPLETE,FULL_MATCH,0,0
2026-08-25,2026-08-25,1,0,2026-08-25T18:45:00+00:00,ENG,England,133,EFL Cup,calendar-2026-27,2026/27,6005661,8466,Southampton,8654,West Ham,2,finished,FETCHED,COMPLETE,FULL_MATCH,3,2_PLUS
2026-08-25,2026-08-25,1,0,2026-08-25T18:45:00+00:00,ENG,England,133,EFL Cup,calendar-2026-27,2026/27,6005662,9817,Watford,8677,Peterborough,2,finished,FETCHED,COMPLETE,FULL_MATCH,4,2_PLUS
2026-08-25,2026-08-25,1,0,2026-08-25T18:45:00+00:00,ENG,England,133,EFL Cup,calendar-2026-27,2026/27,6005664,8401,Plymouth,8669,Coventry,2,finished,FETCHED,COMPLETE,FULL_MATCH,3,2_PLUS
2026-08-25,2026-08-25,1,0,2026-08-25T19:00:00+00:00,BOL,Bolivien,144,Primera Division,calendar-2026-27,2026/27,1000019024,1504770,GV San José,1844,Oriente Petrolero,17,finished,FETCHED,COMPLETE,FULL_MATCH,4,2_PLUS
2026-08-25,2026-08-25,1,0,2026-08-25T19:00:00+00:00,ESP,Spanien,87,LaLiga,calendar-2026-27,2026/27,5868020,10267,Valencia,8603,Real Betis,1,finished,FETCHED,COMPLETE,FULL_MATCH,1,1
2026-08-25,2026-08-25,1,0,2026-08-25T19:00:00+00:00,INT,International,10611,Champions League Qualifikation,calendar-2026-27,2026/27,5987806,9977,LASK,9925,Celtic,final,finished,FETCHED,COMPLETE,FULL_MATCH,4,2_PLUS
2026-08-25,2026-08-25,1,0,2026-08-25T19:00:00+00:00,INT,International,10611,Champions League Qualifikation,calendar-2026-27,2026/27,5987811,8402,Bodø/Glimt,8464,NEC Nijmegen,final,finished,FETCHED,COMPLETE,FULL_MATCH,1,1
2026-08-25,2026-08-25,1,0,2026-08-25T19:00:00+00:00,ENG,England,133,EFL Cup,calendar-2026-27,2026/27,6005647,10203,Nottm Forest,8463,Leeds,2,finished,FETCHED,COMPLETE,FULL_MATCH,2,2_PLUS
2026-08-25,2026-08-25,1,0,2026-08-25T19:00:00+00:00,ENG,England,133,EFL Cup,calendar-2026-27,2026/27,6005660,8658,Birmingham,9937,Brentford,2,finished,FETCHED,COMPLETE,FULL_MATCH,3,2_PLUS
2026-08-25,2026-08-25,1,0,2026-08-25T21:30:00+00:00,PAR,Paraguay,199,Division Profesional,calendar-2026-27,2026/27,1000017383,49688,2 de Mayo,1893,Guaraní,Clausura - Round 6,finished,FETCHED,COMPLETE,FULL_MATCH,0,0
2026-08-25,"2026-08-25,2026-08-26",2,1,2026-08-25T22:30:00+00:00,BRA,Brasilien,8814,Serie B,calendar-2026-27,2026/27,5190674,165545,Atlético-GO,8355,Botafogo SP,24,finished,FETCHED,COMPLETE,FULL_MATCH,1,1
2026-08-25,"2026-08-25,2026-08-26",2,1,2026-08-25T22:30:00+00:00,BRA,Brasilien,8814,Serie B,calendar-2026-27,2026/27,5190678,10274,Juventude,104821,CRB,24,finished,FETCHED,COMPLETE,FULL_MATCH,2,2_PLUS
2026-08-25,"2026-08-25,2026-08-26",2,1,2026-08-25T23:00:00+00:00,BOL,Bolivien,144,Primera Division,calendar-2026-27,2026/27,1000019025,879029,Universitario de Vinto,164353,Nacional Potosí,17,finished,FETCHED,COMPLETE,FULL_MATCH,1,1
2026-08-25,"2026-08-25,2026-08-26",2,1,2026-08-26T00:00:00+00:00,BRA,Brasilien,9067,Copa do Brasil,calendar-2026-27,2026/27,1000019461,9781,Cruzeiro,10272,Atlético-MG,Quarter-finals,finished,FETCHED,COMPLETE,FULL_MATCH,2,2_PLUS
2026-08-25,"2026-08-25,2026-08-26",2,1,2026-08-26T00:30:00+00:00,INT,International,45,Copa Libertadores,calendar-2026-27,2026/27,1000012921,192875,Independiente del Valle,1894,Tolima,8th Finals,finished,FETCHED,COMPLETE,FULL_MATCH,4,2_PLUS
2026-08-25,"2026-08-25,2026-08-26",2,1,2026-08-26T00:30:00+00:00,INT,International,10043,Leagues Cup,calendar-2026-27,2026/27,6028326,7849,Monterrey,6397,Chicago,1/4,finished,FETCHED,COMPLETE,FULL_MATCH,2,2_PLUS
2026-08-25,"2026-08-25,2026-08-26",2,1,2026-08-26T01:00:00+00:00,COL,Kolumbien,274,Primera A,calendar-2026-27,2026/27,1000014109,6254,Cúcuta,193029,Alianza FC,Clausura - Round 7,finished,FETCHED,COMPLETE,FULL_MATCH,1,1
2026-08-25,"2026-08-25,2026-08-26",2,1,2026-08-26T02:30:00+00:00,INT,International,10043,Leagues Cup,calendar-2026-27,2026/27,6028324,1841,León,6606,Salt Lake,1/4,finished,FETCHED,COMPLETE,FULL_MATCH,2,2_PLUS
2026-08-26,2026-08-26,1,0,2026-08-26T09:30:00+00:00,AUS,Australien,9471,Australia Cup,calendar-2026-27,2026/27,6014072,162312,Preston Lions,162314,South Melbourne,1/4,finished,FETCHED,COMPLETE,FULL_MATCH,3,2_PLUS
2026-08-26,2026-08-26,1,0,2026-08-26T10:30:00+00:00,KOR,Südkorea,9080,K League 1,calendar-2026-27,2026/27,5140009,429440,FC Anyang,133895,Incheon United,25,finished,FETCHED,COMPLETE,FULL_MATCH,1,1
2026-08-26,2026-08-26,1,0,2026-08-26T10:30:00+00:00,KOR,Südkorea,9080,K League 1,calendar-2026-27,2026/27,5140010,133900,Daejeon Hana Citizen,133896,Ulsan HD FC,25,finished,FETCHED,COMPLETE,FULL_MATCH,3,2_PLUS
2026-08-26,2026-08-26,1,0,2026-08-26T10:30:00+00:00,KOR,Südkorea,9080,K League 1,calendar-2026-27,2026/27,5140011,164734,Gangwon FC,245905,Gwangju FC,25,finished,FETCHED,COMPLETE,FULL_MATCH,2,2_PLUS
2026-08-26,2026-08-26,1,0,2026-08-26T13:00:00+00:00,INT,International,9265,ASEAN Championship,calendar-2026-27,2026/27,5844769,5894,Vietnam,5788,Thailand,final,finished,FETCHED,COMPLETE,FULL_MATCH,3,2_PLUS
2026-08-26,2026-08-26,1,0,2026-08-26T14:00:00+00:00,EGY,Ägypten,519,Premier League,calendar-2026-27,2026/27,5996692,205189,Smouha SC,139526,Asyut Petroleum,2,finished,FETCHED,COMPLETE,FULL_MATCH,0,0
2026-08-26,2026-08-26,1,0,2026-08-26T15:45:00+00:00,KSA,Saudi-Arabien,10721,Saudi First Division,calendar-2026-27,2026/27,1000018423,582816,Al-Adalah,101917,Al Taee,2,finished,FETCHED,COMPLETE,FULL_MATCH,5,2_PLUS
2026-08-26,2026-08-26,1,0,2026-08-26T16:00:00+00:00,KSA,Saudi-Arabien,536,Saudi Pro League,calendar-2026-27,2026/27,5970105,205687,Al-Faisaly,177356,Al Fateh FC,3,finished,FETCHED,COMPLETE,FULL_MATCH,0,0
2026-08-26,2026-08-26,1,0,2026-08-26T16:05:00+00:00,KSA,Saudi-Arabien,10721,Saudi First Division,calendar-2026-27,2026/27,1000018424,1699506,Al-Zulfi,6354,Al-Wehda,2,finished,FETCHED,COMPLETE,FULL_MATCH,0,0
2026-08-26,2026-08-26,1,0,2026-08-26T16:10:00+00:00,KSA,Saudi-Arabien,10721,Saudi First Division,calendar-2026-27,2026/27,1000018576,1017726,Al Bukayriyah,582759,Al Akhdoud,2,finished,FETCHED,COMPLETE,FULL_MATCH,1,1
2026-08-26,2026-08-26,1,0,2026-08-26T16:45:00+00:00,INT,International,10615,Conference League Qualifikation,calendar-2026-27,2026/27,5988083,10015,Rapid Wien,9860,Hearts,final,finished,FETCHED,COMPLETE,FULL_MATCH,3,2_PLUS
2026-08-26,2026-08-26,1,0,2026-08-26T17:00:00+00:00,EGY,Ägypten,519,Premier League,calendar-2026-27,2026/27,5996693,687954,National Bank,80591,Zamalek SC,2,finished,FETCHED,COMPLETE,FULL_MATCH,3,2_PLUS
2026-08-26,2026-08-26,1,0,2026-08-26T17:00:00+00:00,EGY,Ägypten,519,Premier League,calendar-2026-27,2026/27,5996694,103017,Petrojet-Suez,101747,Tala'ea El Gaish,2,finished,FETCHED,COMPLETE,FULL_MATCH,3,2_PLUS
2026-08-26,2026-08-26,1,0,2026-08-26T17:30:00+00:00,RSA,Südafrika,537,Premier Soccer League,calendar-2026-27,2026/27,5955073,4530,Mamelodi Sundowns FC,102100,AmaZulu FC,Regular Season,finished,FETCHED,COMPLETE,FULL_MATCH,5,2_PLUS
2026-08-26,2026-08-26,1,0,2026-08-26T17:30:00+00:00,RSA,Südafrika,537,Premier Soccer League,calendar-2026-27,2026/27,5955074,102097,Lamontville Golden Arrows,207873,Stellenbosch FC,Regular Season,finished,FETCHED,COMPLETE,FULL_MATCH,1,1
2026-08-26,2026-08-26,1,0,2026-08-26T17:30:00+00:00,RSA,Südafrika,537,Premier Soccer League,calendar-2026-27,2026/27,5955075,149600,Polokwane City,727278,Milford FC,Regular Season,finished,FETCHED,COMPLETE,FULL_MATCH,0,0
2026-08-26,2026-08-26,1,0,2026-08-26T17:30:00+00:00,RSA,Südafrika,537,Premier Soccer League,calendar-2026-27,2026/27,5955076,866690,Richards Bay,6279,Kaizer Chiefs,Regular Season,finished,FETCHED,COMPLETE,FULL_MATCH,1,1
2026-08-26,2026-08-26,1,0,2026-08-26T18:00:00+00:00,KSA,Saudi-Arabien,536,Saudi Pro League,calendar-2026-27,2026/27,5970106,1787233,Al Diriyah,1523706,Al Kholood,3,finished,FETCHED,COMPLETE,FULL_MATCH,2,2_PLUS
2026-08-26,2026-08-26,1,0,2026-08-26T18:00:00+00:00,INT,International,10703,FIFA Intercontinental Cup,calendar-2026-27,2026/27,6072164,2530,Al Ahli,1642068,Auckland FC,1,finished,FETCHED,COMPLETE,FULL_MATCH,1,1
2026-08-26,2026-08-26,1,0,2026-08-26T18:15:00+00:00,SCO,Schottland,11019,SWPL Cup,calendar-2026-27,2026/27,1000019084,1798966,Gartcairn,1716182,Dundee United,Play-offs,finished,FETCHED,COMPLETE,FULL_MATCH,4,2_PLUS
2026-08-26,2026-08-26,1,0,2026-08-26T18:45:00+00:00,ENG,England,133,EFL Cup,calendar-2026-27,2026/27,6005645,10261,Newcastle,8659,West Brom,2,finished,FETCHED,COMPLETE,FULL_MATCH,3,2_PLUS
2026-08-26,2026-08-26,1,0,2026-08-26T18:45:00+00:00,ENG,England,133,EFL Cup,calendar-2026-27,2026/27,6005653,8484,Bradford,8191,Burnley,2,finished,FETCHED,COMPLETE,FULL_MATCH,0,0
2026-08-26,2026-08-26,1,0,2026-08-26T18:45:00+00:00,ENG,England,133,EFL Cup,calendar-2026-27,2026/27,6005666,8586,Tottenham,8451,Charlton,2,finished,FETCHED,COMPLETE,FULL_MATCH,4,2_PLUS
2026-08-26,2026-08-26,1,0,2026-08-26T19:00:00+00:00,BOL,Bolivien,144,Primera Division,calendar-2026-27,2026/27,1000019026,1297060,San Antonio Bulo Bulo,2527,The Strongest,17,finished,FETCHED,COMPLETE,FULL_MATCH,1,1
2026-08-26,2026-08-26,1,0,2026-08-26T19:00:00+00:00,ESP,Spanien,87,LaLiga,calendar-2026-27,2026/27,5868018,8633,Real Madrid,8560,Real Sociedad,1,finished,FETCHED,COMPLETE,FULL_MATCH,3,2_PLUS
2026-08-26,2026-08-26,1,0,2026-08-26T19:00:00+00:00,INT,International,10611,Champions League Qualifikation,calendar-2026-27,2026/27,5987805,8563,AEK Athens,8632,Levski Sofia,final,finished,FETCHED,COMPLETE,FULL_MATCH,1,1
2026-08-26,2026-08-26,1,0,2026-08-26T19:00:00+00:00,INT,International,10611,Champions League Qualifikation,calendar-2026-27,2026/27,5987807,8478,Viking,10156,Dinamo Zagreb,final,finished,FETCHED,COMPLETE,FULL_MATCH,2,2_PLUS
2026-08-26,2026-08-26,1,0,2026-08-26T19:00:00+00:00,INT,International,10611,Champions League Qualifikation,calendar-2026-27,2026/27,5987808,4622,NK Celje,6019,Slovan Bratislava,final,finished,FETCHED,COMPLETE,FULL_MATCH,1,1
2026-08-26,2026-08-26,1,0,2026-08-26T19:00:00+00:00,INT,International,10611,Champions League Qualifikation,calendar-2026-27,2026/27,5987810,9748,Lyon,8695,Fenerbahçe,final,finished,FETCHED,COMPLETE,FULL_MATCH,1,1
2026-08-26,2026-08-26,1,0,2026-08-26T19:00:00+00:00,ENG,England,133,EFL Cup,calendar-2026-27,2026/27,6005650,8411,Preston,8668,Everton,2,finished,FETCHED,COMPLETE,FULL_MATCH,3,2_PLUS
2026-08-26,2026-08-26,1,0,2026-08-26T19:15:00+00:00,SCO,Schottland,11019,SWPL Cup,calendar-2026-27,2026/27,1000019083,1798965,Livingston,1716181,Queen's Park,Play-offs,finished,FETCHED,COMPLETE,FULL_MATCH,3,2_PLUS
2026-08-26,2026-08-26,1,0,2026-08-26T21:00:00+00:00,COL,Kolumbien,274,Primera A,calendar-2026-27,2026/27,1000014111,6255,Chicó FC,244167,Fortaleza FC,Clausura - Round 7,finished,FETCHED,COMPLETE,FULL_MATCH,0,0
2026-08-26,"2026-08-26,2026-08-27",2,1,2026-08-26T22:00:00+00:00,CHI,Chile,273,Liga de Primera,calendar-2026-27,2026/27,1000013198,4062,Coquimbo Unido,6458,Universidad Católica,19,finished,FETCHED,COMPLETE,FULL_MATCH,2,2_PLUS
2026-08-26,"2026-08-26,2026-08-27",2,1,2026-08-26T22:15:00+00:00,ARG,Argentinien,9305,Copa Argentina,calendar-2026-27,2026/27,1000017716,161728,Aldosivi,161729,Independiente Rivadavia,8th Finals,finished,FETCHED,COMPLETE,FULL_MATCH,1,1
2026-08-26,"2026-08-26,2026-08-27",2,1,2026-08-26T22:30:00+00:00,BOL,Bolivien,144,Primera Division,calendar-2026-27,2026/27,1000019027,1846,Real Potosí,1074622,Real Tomayapo,17,finished,FETCHED,COMPLETE,FULL_MATCH,1,1
2026-08-26,"2026-08-26,2026-08-27",2,1,2026-08-26T23:20:00+00:00,COL,Kolumbien,274,Primera A,calendar-2026-27,2026/27,1000014114,10280,América de Cali,2254,Junior FC,Clausura - Round 7,finished,FETCHED,COMPLETE,FULL_MATCH,4,2_PLUS
2026-08-26,"2026-08-26,2026-08-27",2,1,2026-08-26T23:30:00+00:00,USA,USA,9296,USL League One,calendar-2026-27,2026/27,5109521,1701877,FC Naples,1121685,Union Omaha,26,finished,FETCHED,COMPLETE,FULL_MATCH,1,1
2026-08-26,"2026-08-26,2026-08-27",2,1,2026-08-27T00:00:00+00:00,USA,USA,9134,NWSL,calendar-2026-27,2026/27,5161616,243295,North Carolina Courage (W),1335914,Angel City FC (W),0,finished,FETCHED,COMPLETE,FULL_MATCH,1,1
2026-08-26,"2026-08-26,2026-08-27",2,1,2026-08-27T00:30:00+00:00,INT,International,299,Copa Sudamericana,calendar-2026-27,2026/27,1000013050,10076,River Plate,7818,Santa Fe,8th Finals,finished,FETCHED,COMPLETE,FULL_MATCH,2,2_PLUS
2026-08-26,"2026-08-26,2026-08-27",2,1,2026-08-27T00:30:00+00:00,BOL,Bolivien,144,Primera Division,calendar-2026-27,2026/27,1000019028,49678,Blooming,1504766,CDT Real Oruro,17,finished,FETCHED,COMPLETE,FULL_MATCH,2,2_PLUS
2026-08-26,"2026-08-26,2026-08-27",2,1,2026-08-27T00:30:00+00:00,BRA,Brasilien,9067,Copa do Brasil,calendar-2026-27,2026/27,1000019462,10276,Vasco da Gama,7733,Vitória,Quarter-finals,finished,FETCHED,COMPLETE,FULL_MATCH,1,1
2026-08-26,"2026-08-26,2026-08-27",2,1,2026-08-27T00:30:00+00:00,BRA,Brasilien,9067,Copa do Brasil,calendar-2026-27,2026/27,1000019463,10283,Palmeiras,8514,Santos FC,Quarter-finals,finished,FETCHED,COMPLETE,FULL_MATCH,1,1
2026-08-26,"2026-08-26,2026-08-27",2,1,2026-08-27T00:30:00+00:00,INT,International,10043,Leagues Cup,calendar-2026-27,2026/27,6028325,6618,Toluca,1218886,Austin FC,1/4,finished,FETCHED,COMPLETE,FULL_MATCH,2,2_PLUS
2026-08-26,"2026-08-26,2026-08-27",2,1,2026-08-27T01:00:00+00:00,USA,USA,10282,MLS Next Pro,calendar-2026-27,2026/27,1000007608,614326,Vancouver Whitecaps 2,1451871,Los Angeles FC II,18,finished,FETCHED,COMPLETE,FULL_MATCH,2,2_PLUS
2026-08-26,"2026-08-26,2026-08-27",2,1,2026-08-27T01:00:00+00:00,USA,USA,8972,USL Championship,calendar-2026-27,2026/27,5109909,1003209,El Paso Locomotive FC,267816,Pittsburgh Riverhounds SC,1,finished,FETCHED,COMPLETE,FULL_MATCH,3,2_PLUS
2026-08-26,"2026-08-26,2026-08-27",2,1,2026-08-27T01:30:00+00:00,COL,Kolumbien,274,Primera A,calendar-2026-27,2026/27,1000014107,6368,Atlético Nacional,6387,Deportivo Cali,Clausura - Round 7,finished,FETCHED,COMPLETE,FULL_MATCH,2,2_PLUS
2026-08-26,"2026-08-26,2026-08-27",2,1,2026-08-27T01:30:00+00:00,USA,USA,8972,USL Championship,calendar-2026-27,2026/27,5109910,1003208,New Mexico United,1430405,Lexington SC,1,finished,FETCHED,COMPLETE,FULL_MATCH,3,2_PLUS
2026-08-26,"2026-08-26,2026-08-27",2,1,2026-08-27T02:45:00+00:00,INT,International,10043,Leagues Cup,calendar-2026-27,2026/27,6028327,6576,América,6001,Columbus,1/4,finished,FETCHED,COMPLETE,FULL_MATCH,0,0
2026-08-27,2026-08-27,1,0,2026-08-27T14:00:00+00:00,EGY,Ägypten,519,Premier League,calendar-2026-27,2026/27,5996695,797212,Modern Sport FC,101752,Ghazl Al Mahalla,2,finished,FETCHED,COMPLETE,FULL_MATCH,2,2_PLUS
2026-08-27,2026-08-27,1,0,2026-08-27T14:15:00+00:00,QAT,Katar,535,Qatar Stars League,calendar-2026-27,2026/27,5952254,101897,Al-Gharafa,101904,Al-Shamal,2,finished,FETCHED,COMPLETE,FULL_MATCH,4,2_PLUS
2026-08-27,2026-08-27,1,0,2026-08-27T16:00:00+00:00,INT,International,10613,Europa League Qualifikation,calendar-2026-27,2026/27,5987968,866109,Ararat Armenia,480286,Universitatea Craiova,final,finished,FETCHED,COMPLETE,FULL_MATCH,1,1
2026-08-27,2026-08-27,1,0,2026-08-27T16:00:00+00:00,INT,International,10613,Europa League Qualifikation,calendar-2026-27,2026/27,5987972,480291,Iberia 1999,1957,Jagiellonia Białystok,final,finished,FETCHED,COMPLETE,FULL_MATCH,1,1
2026-08-27,2026-08-27,1,0,2026-08-27T16:00:00+00:00,INT,International,10615,Conference League Qualifikation,calendar-2026-27,2026/27,5988091,7758,Jablonec,8548,Rangers,final,finished,FETCHED,COMPLETE,FULL_MATCH,1,1
2026-08-27,2026-08-27,1,0,2026-08-27T16:00:00+00:00,INT,International,10615,Conference League Qualifikation,calendar-2026-27,2026/27,5988098,7855,Maccabi Tel Aviv,7896,Lugano,final,finished,FETCHED,COMPLETE,FULL_MATCH,2,2_PLUS
2026-08-27,2026-08-27,1,0,2026-08-27T16:15:00+00:00,INT,International,10615,Conference League Qualifikation,calendar-2026-27,2026/27,5988096,7981,Qarabağ FK,8611,FC Twente,final,finished,FETCHED,COMPLETE,FULL_MATCH,5,2_PLUS
2026-08-27,2026-08-27,1,0,2026-08-27T16:20:00+00:00,KSA,Saudi-Arabien,10721,Saudi First Division,calendar-2026-27,2026/27,1000018426,1115133,Al Jabalain,582744,Al Jeel,2,finished,FETCHED,COMPLETE,FULL_MATCH,1,1
2026-08-27,2026-08-27,1,0,2026-08-27T16:20:00+00:00,KSA,Saudi-Arabien,10721,Saudi First Division,calendar-2026-27,2026/27,1000018427,1017737,Jeddah,1523707,Al Najma,2,finished,FETCHED,COMPLETE,FULL_MATCH,1,1
2026-08-27,2026-08-27,1,0,2026-08-27T16:30:00+00:00,QAT,Katar,535,Qatar Stars League,calendar-2026-27,2026/27,5952255,101901,Al-Wakrah,101898,Al-Rayyan,2,finished,FETCHED,COMPLETE,FULL_MATCH,2,2_PLUS
2026-08-27,2026-08-27,1,0,2026-08-27T16:45:00+00:00,INT,International,10615,Conference League Qualifikation,calendar-2026-27,2026/27,5988080,8358,Freiburg,9927,Motherwell,final,finished,FETCHED,COMPLETE,FULL_MATCH,3,2_PLUS
2026-08-27,2026-08-27,1,0,2026-08-27T16:45:00+00:00,INT,International,10615,Conference League Qualifikation,calendar-2026-27,2026/27,5988081,9829,Monaco,8020,Górnik Zabrze,final,finished,FETCHED,COMPLETE,FULL_MATCH,3,2_PLUS
2026-08-27,2026-08-27,1,0,2026-08-27T17:00:00+00:00,INT,International,10613,Europa League Qualifikation,calendar-2026-27,2026/27,5987969,8044,Omonia Nicosia,9997,St.Truiden,final,finished,FETCHED,COMPLETE,FULL_MATCH,3,2_PLUS
2026-08-27,2026-08-27,1,0,2026-08-27T17:00:00+00:00,INT,International,10613,Europa League Qualifikation,calendar-2026-27,2026/27,5987970,6033,Viktoria Plzeň,8687,FK Crvena Zvezda,final,finished,FETCHED,COMPLETE,FULL_MATCH,4,2_PLUS
2026-08-27,2026-08-27,1,0,2026-08-27T17:00:00+00:00,INT,International,10613,Europa League Qualifikation,calendar-2026-27,2026/27,5987973,10013,Salzburg,8127,Mjällby,final,finished,FETCHED,COMPLETE,FULL_MATCH,3,2_PLUS
2026-08-27,2026-08-27,1,0,2026-08-27T17:00:00+00:00,INT,International,10613,Europa League Qualifikation,calendar-2026-27,2026/27,5987976,439132,FK Kauno Žalgiris,10188,Beşiktaş,final,finished,FETCHED,COMPLETE,FULL_MATCH,1,1
2026-08-27,2026-08-27,1,0,2026-08-27T17:00:00+00:00,INT,International,10615,Conference League Qualifikation,calendar-2026-27,2026/27,5988082,8391,FC København,6550,FC Inter Turku,final,finished,FETCHED,COMPLETE,FULL_MATCH,4,2_PLUS
2026-08-27,2026-08-27,1,0,2026-08-27T17:00:00+00:00,INT,International,10615,Conference League Qualifikation,calendar-2026-27,2026/27,5988085,4024,Raków Częstochowa,10154,Hajduk Split,final,finished,FETCHED,COMPLETE,FULL_MATCH,4,2_PLUS
2026-08-27,2026-08-27,1,0,2026-08-27T17:00:00+00:00,INT,International,10615,Conference League Qualifikation,calendar-2026-27,2026/27,5988086,1712,Hradec Králové,10200,Panathinaikos,final,finished,FETCHED,COMPLETE,FULL_MATCH,3,2_PLUS
2026-08-27,2026-08-27,1,0,2026-08-27T17:00:00+00:00,INT,International,10615,Conference League Qualifikation,calendar-2026-27,2026/27,5988093,2137,Pafos FC,10027,FC Dinamo City,final,finished,FETCHED,COMPLETE,FULL_MATCH,4,2_PLUS
2026-08-27,2026-08-27,1,0,2026-08-27T17:00:00+00:00,EGY,Ägypten,519,Premier League,calendar-2026-27,2026/27,5996696,101757,Al Mokawloon Al Arab,101762,Al Masry SC,2,finished,FETCHED,COMPLETE,FULL_MATCH,3,2_PLUS
2026-08-27,2026-08-27,1,0,2026-08-27T17:00:00+00:00,EGY,Ägypten,519,Premier League,calendar-2026-27,2026/27,5996697,517894,Pyramids FC,316504,Abo Qir Semad,2,finished,FETCHED,COMPLETE,FULL_MATCH,1,1
2026-08-27,2026-08-27,1,0,2026-08-27T17:50:00+00:00,KSA,Saudi-Arabien,10721,Saudi First Division,calendar-2026-27,2026/27,1000018428,1652183,Al-Jandal,2026233,Al-Saqer FC,2,finished,FETCHED,COMPLETE,FULL_MATCH,1,1
2026-08-27,2026-08-27,1,0,2026-08-27T18:00:00+00:00,INT,International,10613,Europa League Qualifikation,calendar-2026-27,2026/27,5987975,10191,Thun,2182,Lech Poznań,final,finished,FETCHED,COMPLETE,FULL_MATCH,1,1
2026-08-27,2026-08-27,1,0,2026-08-27T18:00:00+00:00,INT,International,10613,Europa League Qualifikation,calendar-2026-27,2026/27,5987977,8071,AGF,9772,Benfica,final,finished,FETCHED,COMPLETE,FULL_MATCH,3,2_PLUS
2026-08-27,2026-08-27,1,0,2026-08-27T18:00:00+00:00,INT,International,10613,Europa League Qualifikation,calendar-2026-27,2026/27,5987978,10144,CSKA Sofia,7753,OFI Crete,final,finished,FETCHED,COMPLETE,FULL_MATCH,1,1
2026-08-27,2026-08-27,1,0,2026-08-27T18:00:00+00:00,INT,International,10615,Conference League Qualifikation,calendar-2026-27,2026/27,5988089,10181,Hapoel Tel Aviv,8524,Atalanta,final,finished,FETCHED,COMPLETE,FULL_MATCH,1,1
2026-08-27,2026-08-27,1,0,2026-08-27T18:00:00+00:00,INT,International,10615,Conference League Qualifikation,calendar-2026-27,2026/27,5988092,10190,St. Gallen,10202,Nordsjælland,final,finished,FETCHED,COMPLETE,FULL_MATCH,1,1
2026-08-27,2026-08-27,1,0,2026-08-27T18:00:00+00:00,INT,International,10615,Conference League Qualifikation,calendar-2026-27,2026/27,5988094,8593,Ajax,10179,Sion,final,finished,FETCHED,COMPLETE,FULL_MATCH,3,2_PLUS
2026-08-27,2026-08-27,1,0,2026-08-27T18:30:00+00:00,ESP,Spanien,87,LaLiga,calendar-2026-27,2026/27,5868013,9910,Celta Vigo,8371,Osasuna,1,finished,FETCHED,COMPLETE,FULL_MATCH,2,2_PLUS
2026-08-27,2026-08-27,1,0,2026-08-27T18:30:00+00:00,INT,International,10613,Europa League Qualifikation,calendar-2026-27,2026/27,5987967,8222,Ferencváros,9752,Trabzonspor,final,finished,FETCHED,COMPLETE,FULL_MATCH,3,2_PLUS
2026-08-27,2026-08-27,1,0,2026-08-27T18:30:00+00:00,INT,International,10613,Europa League Qualifikation,calendar-2026-27,2026/27,5987974,8635,Anderlecht,8037,Kairat Almaty,final,finished,FETCHED,COMPLETE,FULL_MATCH,2,2_PLUS
2026-08-27,2026-08-27,1,0,2026-08-27T18:30:00+00:00,INT,International,10615,Conference League Qualifikation,calendar-2026-27,2026/27,5988084,10204,Brighton,8608,Tromsø,final,finished,FETCHED,COMPLETE,FULL_MATCH,1,1
2026-08-27,2026-08-27,1,0,2026-08-27T18:30:00+00:00,INT,International,10615,Conference League Qualifikation,calendar-2026-27,2026/27,5988095,10011,Austria Wien,10264,Braga,final,finished,FETCHED,COMPLETE,FULL_MATCH,0,0
2026-08-27,2026-08-27,1,0,2026-08-27T18:30:00+00:00,ENG,England,133,EFL Cup,calendar-2026-27,2026/27,6005665,8455,Chelsea,8346,Luton,2,finished,FETCHED,COMPLETE,FULL_MATCH,2,2_PLUS
2026-08-27,2026-08-27,1,0,2026-08-27T18:45:00+00:00,INT,International,10615,Conference League Qualifikation,calendar-2026-27,2026/27,5988090,10162,Rijeka,8113,FC Midtjylland,final,finished,FETCHED,COMPLETE,FULL_MATCH,3,2_PLUS
2026-08-27,2026-08-27,1,0,2026-08-27T19:00:00+00:00,BOL,Bolivien,144,Primera Division,calendar-2026-27,2026/27,1000019029,805913,Always Ready,49720,Aurora,17,finished,FETCHED,COMPLETE,FULL_MATCH,1,1
2026-08-27,2026-08-27,1,0,2026-08-27T19:00:00+00:00,ESP,Spanien,87,LaLiga,calendar-2026-27,2026/27,5868016,8634,Barcelona,8315,Athletic Club,1,finished,FETCHED,COMPLETE,FULL_MATCH,1,1
2026-08-27,2026-08-27,1,0,2026-08-27T19:00:00+00:00,INT,International,10615,Conference League Qualifikation,calendar-2026-27,2026/27,5988087,10251,Hibernian,9991,Gent,final,finished,FETCHED,COMPLETE,FULL_MATCH,4,2_PLUS
2026-08-27,2026-08-27,1,0,2026-08-27T19:00:00+00:00,INT,International,10615,Conference League Qualifikation,calendar-2026-27,2026/27,5988097,7998,Partizan Beograd,8305,Getafe,final,finished,FETCHED,COMPLETE,FULL_MATCH,3,2_PLUS
2026-08-27,2026-08-27,1,0,2026-08-27T19:00:00+00:00,ENG,England,133,EFL Cup,calendar-2026-27,2026/27,6005663,9879,Fulham,158319,Wimbledon,2,finished,FETCHED,COMPLETE,FULL_MATCH,1,1
2026-08-27,"2026-08-27,2026-08-28",2,1,2026-08-27T22:00:00+00:00,ARG,Argentinien,9305,Copa Argentina,calendar-2026-27,2026/27,1000013488,10094,Estudiantes,213534,Barracas Central,8th Finals,finished,FETCHED,COMPLETE,FULL_MATCH,3,2_PLUS
2026-08-27,"2026-08-27,2026-08-28",2,1,2026-08-27T22:30:00+00:00,BOL,Bolivien,144,Primera Division,calendar-2026-27,2026/27,1000019030,958325,Independiente Petrolero,114830,Guabirá,17,finished,FETCHED,COMPLETE,FULL_MATCH,2,2_PLUS
2026-08-27,"2026-08-27,2026-08-28",2,1,2026-08-27T23:00:00+00:00,BRA,Brasilien,9067,Copa do Brasil,calendar-2026-27,2026/27,1000019464,8702,Internacional,9769,Grêmio,Quarter-finals,finished,FETCHED,COMPLETE,FULL_MATCH,0,0
2026-08-27,"2026-08-27,2026-08-28",2,1,2026-08-27T23:10:00+00:00,COL,Kolumbien,274,Primera A,calendar-2026-27,2026/27,1000014112,348397,Llaneros FC,4403,Millonarios,Clausura - Round 7,finished,FETCHED,COMPLETE,FULL_MATCH,1,1
2026-08-27,"2026-08-27,2026-08-28",2,1,2026-08-28T00:15:00+00:00,ARG,Argentinien,9305,Copa Argentina,calendar-2026-27,2026/27,1000012881,10089,Club Atlético Platense,10090,Instituto,8th Finals,finished,FETCHED,COMPLETE,FULL_MATCH,1,1
2026-08-27,"2026-08-27,2026-08-28",2,1,2026-08-28T00:30:00+00:00,BOL,Bolivien,144,Primera Division,calendar-2026-27,2026/27,1000019031,5983,Bolívar,1297346,ABB,17,finished,FETCHED,COMPLETE,FULL_MATCH,5,2_PLUS
2026-08-27,"2026-08-27,2026-08-28",2,1,2026-08-28T01:15:00+00:00,COL,Kolumbien,274,Primera A,calendar-2026-27,2026/27,1000014108,47240,Internacional de Bogotá,4405,Deportivo Pasto,Clausura - Round 7,finished,FETCHED,COMPLETE,FULL_MATCH,0,0
2026-08-28,2026-08-28,1,0,2026-08-28T10:30:00+00:00,KOR,Südkorea,9116,K League 2,calendar-2026-27,2026/27,5155888,821875,Ansan Greeners,133897,Daegu FC,24,finished,FETCHED,COMPLETE,FULL_MATCH,2,2_PLUS
2026-08-28,2026-08-28,1,0,2026-08-28T10:30:00+00:00,KOR,Südkorea,9116,K League 2,calendar-2026-27,2026/27,5155889,109377,Jeonnam Dragons,187960,Cheonan City,24,finished,FETCHED,COMPLETE,FULL_MATCH,1,1
2026-08-28,2026-08-28,1,0,2026-08-28T11:35:00+00:00,CHN,China,120,Super League,calendar-2026-27,2026/27,5186597,1477043,Dalian Yingbo,4177,Beijing Guoan,25,finished,FETCHED,COMPLETE,FULL_MATCH,1,1
2026-08-28,2026-08-28,1,0,2026-08-28T11:35:00+00:00,CHN,China,120,Super League,calendar-2026-27,2026/27,5186602,6628,Shanghai Shenhua,8623,Shandong Taishan,25,finished,FETCHED,COMPLETE,FULL_MATCH,2,2_PLUS
2026-08-28,2026-08-28,1,0,2026-08-28T12:00:00+00:00,CHN,China,120,Super League,calendar-2026-27,2026/27,5186598,930027,Shenzhen Peng City,198616,Shanghai Port,25,finished,FETCHED,COMPLETE,FULL_MATCH,1,1
2026-08-28,2026-08-28,1,0,2026-08-28T13:55:00+00:00,UAE,Vereinigte Arabische Emirate,538,Pro League,calendar-2026-27,2026/27,5961825,1552577,United FC,209190,Kalba FC,3,finished,FETCHED,COMPLETE,FULL_MATCH,5,2_PLUS
2026-08-28,2026-08-28,1,0,2026-08-28T14:00:00+00:00,EGY,Ägypten,519,Premier League,calendar-2026-27,2026/27,5996698,316488,Olympic El Qanah FC,178268,El Gouna FC,2,finished,FETCHED,COMPLETE,FULL_MATCH,0,0
2026-08-28,2026-08-28,1,0,2026-08-28T14:00:00+00:00,EGY,Ägypten,519,Premier League,calendar-2026-27,2026/27,5996699,101754,Al Sharkeyah-ENPPI,205190,Wadi Degla FC,2,finished,FETCHED,COMPLETE,FULL_MATCH,2,2_PLUS
2026-08-28,2026-08-28,1,0,2026-08-28T14:15:00+00:00,QAT,Katar,535,Qatar Stars League,calendar-2026-27,2026/27,5952256,179097,Al-Ahli,1803049,Lusail SC,2,finished,FETCHED,COMPLETE,FULL_MATCH,3,2_PLUS
2026-08-28,2026-08-28,1,0,2026-08-28T15:00:00+00:00,RUS,Russland,63,Premier League,calendar-2026-27,2026/27,5847160,1068364,Akron Togliatti,9760,CSKA,6,finished,FETCHED,COMPLETE,FULL_MATCH,2,2_PLUS
2026-08-28,2026-08-28,1,0,2026-08-28T15:00:00+00:00,ROU,Rumänien,189,Liga I,calendar-2026-27,2026/27,5853486,405332,FC Voluntari,9736,Oțelul Galați,7,finished,FETCHED,COMPLETE,FULL_MATCH,1,1
2026-08-28,2026-08-28,1,0,2026-08-28T15:50:00+00:00,KSA,Saudi-Arabien,536,Saudi Pro League,calendar-2026-27,2026/27,5970107,582739,Al Riyadh,1699505,Neom SC,4,finished,FETCHED,COMPLETE,FULL_MATCH,1,1
2026-08-28,2026-08-28,1,0,2026-08-28T15:55:00+00:00,KSA,Saudi-Arabien,10721,Saudi First Division,calendar-2026-27,2026/27,1000018429,1896040,Al Anwar,1793879,Al-Ula FC,2,finished,FETCHED,COMPLETE,FULL_MATCH,1,1
2026-08-28,2026-08-28,1,0,2026-08-28T16:00:00+00:00,POL,Polen,196,Ekstraklasa,calendar-2026-27,2026/27,5803966,8243,Wisła Płock,8245,Korona Kielce,6,finished,FETCHED,COMPLETE,FULL_MATCH,1,1
2026-08-28,2026-08-28,1,0,2026-08-28T16:00:00+00:00,TUR,Türkei,165,1. Lig,calendar-2026-27,2026/27,5908604,8387,Keçiörengücü,281460,Ümraniyespor,4,finished,FETCHED,COMPLETE,FULL_MATCH,1,1
2026-08-28,2026-08-28,1,0,2026-08-28T16:00:00+00:00,TUR,Türkei,165,1. Lig,calendar-2026-27,2026/27,5908605,95745,Pendikspor,162975,Bandırmaspor,4,finished,FETCHED,COMPLETE,FULL_MATCH,0,0
2026-08-28,2026-08-28,1,0,2026-08-28T16:00:00+00:00,KSA,Saudi-Arabien,536,Saudi Pro League,calendar-2026-27,2026/27,5970108,582749,Al-Fayha,150414,Abha,4,finished,FETCHED,COMPLETE,FULL_MATCH,4,2_PLUS
2026-08-28,2026-08-28,1,0,2026-08-28T16:05:00+00:00,KSA,Saudi-Arabien,10721,Saudi First Division,calendar-2026-27,2026/27,1000018430,150413,Al-Raed,272869,Hajer,2,finished,FETCHED,COMPLETE,FULL_MATCH,3,2_PLUS
2026-08-28,2026-08-28,1,0,2026-08-28T16:30:00+00:00,GER,Deutschland,146,2. Bundesliga,calendar-2026-27,2026/27,5881645,9911,Bochum,9775,VfL Osnabrück,3,finished,FETCHED,COMPLETE,FULL_MATCH,0,0
2026-08-28,2026-08-28,1,0,2026-08-28T16:30:00+00:00,GER,Deutschland,146,2. Bundesliga,calendar-2026-27,2026/27,5881646,9776,Eintracht Braunschweig,8177,Hertha BSC,3,finished,FETCHED,COMPLETE,FULL_MATCH,4,2_PLUS
2026-08-28,2026-08-28,1,0,2026-08-28T16:30:00+00:00,GER,Deutschland,9676,Frauen Bundesliga,calendar-2026-27,2026/27,5934511,672088,FC Köln (W),679910,TSG 1899 Hoffenheim (W),2,finished,FETCHED,COMPLETE,FULL_MATCH,1,1
2026-08-28,2026-08-28,1,0,2026-08-28T16:30:00+00:00,QAT,Katar,535,Qatar Stars League,calendar-2026-27,2026/27,5952257,101900,Qatar SC,101895,Al-Sadd,2,finished,FETCHED,COMPLETE,FULL_MATCH,5,2_PLUS
2026-08-28,2026-08-28,1,0,2026-08-28T16:30:00+00:00,UAE,Vereinigte Arabische Emirate,538,Pro League,calendar-2026-27,2026/27,5961826,102111,Al-Wasl,102119,Shabab Al-Ahli Dubai FC,3,finished,FETCHED,COMPLETE,FULL_MATCH,1,1
2026-08-28,2026-08-28,1,0,2026-08-28T17:00:00+00:00,DEN,Dänemark,46,Superligaen,calendar-2026-27,2026/27,5739491,9814,AC Horsens,9939,Viborg,6,finished,FETCHED,COMPLETE,FULL_MATCH,3,2_PLUS
2026-08-28,2026-08-28,1,0,2026-08-28T17:00:00+00:00,ESP,Spanien,87,LaLiga,calendar-2026-27,2026/27,5868037,8696,Racing Santander,10268,Elche,3,finished,FETCHED,COMPLETE,FULL_MATCH,2,2_PLUS
2026-08-28,2026-08-28,1,0,2026-08-28T17:00:00+00:00,GER,Deutschland,208,3. Liga,calendar-2026-27,2026/27,5905870,8194,Düsseldorf,8458,VfB Stuttgart II,3,finished,FETCHED,COMPLETE,FULL_MATCH,1,1
2026-08-28,2026-08-28,1,0,2026-08-28T17:00:00+00:00,EGY,Ägypten,519,Premier League,calendar-2026-27,2026/27,5996700,101766,Al Ittihad Alexandria,608449,Ceramica Cleopatra,2,finished,FETCHED,COMPLETE,FULL_MATCH,3,2_PLUS
2026-08-28,2026-08-28,1,0,2026-08-28T17:00:00+00:00,EGY,Ägypten,519,Premier League,calendar-2026-27,2026/27,5996701,585662,ZED FC,101745,Al Ahly SC,2,finished,FETCHED,COMPLETE,FULL_MATCH,1,1
2026-08-28,2026-08-28,1,0,2026-08-28T17:30:00+00:00,SUI,Schweiz,163,Challenge League,calendar-2026-27,2026/27,5804572,6404,Kriens,2442,Stade Nyonnais,5,finished,FETCHED,COMPLETE,FULL_MATCH,2,2_PLUS
2026-08-28,2026-08-28,1,0,2026-08-28T17:30:00+00:00,SUI,Schweiz,163,Challenge League,calendar-2026-27,2026/27,5804573,7894,Winterthur,289334,FC Stade Lausanne-Ouchy,5,finished,FETCHED,COMPLETE,FULL_MATCH,1,1
2026-08-28,2026-08-28,1,0,2026-08-28T17:30:00+00:00,SUI,Schweiz,163,Challenge League,calendar-2026-27,2026/27,5804574,6447,Yverdon,10175,Wil,5,finished,FETCHED,COMPLETE,FULL_MATCH,0,0
2026-08-28,2026-08-28,1,0,2026-08-28T17:30:00+00:00,AUT,Österreich,38,Bundesliga,calendar-2026-27,2026/27,5845975,9982,Austria Lustenau,1583,WSG Tirol,5,finished,FETCHED,COMPLETE,FULL_MATCH,3,2_PLUS
2026-08-28,2026-08-28,1,0,2026-08-28T17:50:00+00:00,KSA,Saudi-Arabien,10721,Saudi First Division,calendar-2026-27,2026/27,1000018431,582823,Damac FC,463259,Al-Orobah FC,2,finished,FETCHED,COMPLETE,FULL_MATCH,0,0
2026-08-28,2026-08-28,1,0,2026-08-28T18:00:00+00:00,BEL,Belgien,264,First Division B,calendar-2026-27,2026/27,1000015452,2263,Sporting Hasselt,1379188,Gent U23,3,finished,FETCHED,COMPLETE,FULL_MATCH,1,1
2026-08-28,2026-08-28,1,0,2026-08-28T18:00:00+00:00,BEL,Belgien,264,First Division B,calendar-2026-27,2026/27,1000015453,213307,KSC Lokeren,1378463,Genk U23,3,finished,FETCHED,COMPLETE,FULL_MATCH,3,2_PLUS
2026-08-28,2026-08-28,1,0,2026-08-28T18:00:00+00:00,ENG,England,9084,Premier League 2,calendar-2026-27,2026/27,1000019100,1070261,Aston Villa U21,1267874,Crystal Palace U21,2,finished,FETCHED,COMPLETE,FULL_MATCH,2,2_PLUS
2026-08-28,2026-08-28,1,0,2026-08-28T18:00:00+00:00,ENG,England,9084,Premier League 2,calendar-2026-27,2026/27,1000019101,1796112,Burnley U21,773686,Reading U21,2,finished,FETCHED,COMPLETE,FULL_MATCH,2,2_PLUS
2026-08-28,2026-08-28,1,0,2026-08-28T18:00:00+00:00,ENG,England,9084,Premier League 2,calendar-2026-27,2026/27,1000019102,773653,Everton U21,773645,Southampton U21,2,finished,FETCHED,COMPLETE,FULL_MATCH,2,2_PLUS
2026-08-28,2026-08-28,1,0,2026-08-28T18:00:00+00:00,ENG,England,9084,Premier League 2,calendar-2026-27,2026/27,1000019104,1389162,Nottingham Forest U21,860800,Manchester City U21,2,finished,FETCHED,COMPLETE,FULL_MATCH,2,2_PLUS
2026-08-28,2026-08-28,1,0,2026-08-28T18:00:00+00:00,ENG,England,9084,Premier League 2,calendar-2026-27,2026/27,1000019105,1796115,Ipswich Town U21,773685,Blackburn Rovers U21,2,finished,FETCHED,COMPLETE,FULL_MATCH,4,2_PLUS
2026-08-28,2026-08-28,1,0,2026-08-28T18:00:00+00:00,NED,Niederlande,57,Eredivisie,calendar-2026-27,2026/27,5781729,8674,FC Groningen,6422,Fortuna Sittard,4,finished,FETCHED,COMPLETE,FULL_MATCH,2,2_PLUS
2026-08-28,2026-08-28,1,0,2026-08-28T18:00:00+00:00,FRA,Frankreich,110,Ligue 2,calendar-2026-27,2026/27,5803237,8311,Clermont Foot,9874,Sochaux,4,finished,FETCHED,COMPLETE,FULL_MATCH,0,0
2026-08-28,2026-08-28,1,0,2026-08-28T18:00:00+00:00,FRA,Frankreich,110,Ligue 2,calendar-2026-27,2026/27,5803240,7853,Laval,9855,Grenoble,4,finished,FETCHED,COMPLETE,FULL_MATCH,1,1
2026-08-28,2026-08-28,1,0,2026-08-28T18:00:00+00:00,FRA,Frankreich,110,Ligue 2,calendar-2026-27,2026/27,5803241,10249,Montpellier,4170,Boulogne,4,finished,FETCHED,COMPLETE,FULL_MATCH,0,0
2026-08-28,2026-08-28,1,0,2026-08-28T18:00:00+00:00,FRA,Frankreich,110,Ligue 2,calendar-2026-27,2026/27,5803242,8481,Nancy,47214,Dunkerque,4,finished,FETCHED,COMPLETE,FULL_MATCH,1,1
2026-08-28,2026-08-28,1,0,2026-08-28T18:00:00+00:00,FRA,Frankreich,110,Ligue 2,calendar-2026-27,2026/27,5803244,4120,Rodez,6355,Pau,4,finished,FETCHED,COMPLETE,FULL_MATCH,1,1
2026-08-28,2026-08-28,1,0,2026-08-28T18:00:00+00:00,NED,Niederlande,111,Eerste Divisie,calendar-2026-27,2026/27,5832835,9835,FC Den Bosch,8277,Vitesse,4,finished,FETCHED,COMPLETE,FULL_MATCH,2,2_PLUS
2026-08-28,2026-08-28,1,0,2026-08-28T18:00:00+00:00,NED,Niederlande,111,Eerste Divisie,calendar-2026-27,2026/27,5832836,6601,FC Volendam,6631,FC Dordrecht,4,finished,FETCHED,COMPLETE,FULL_MATCH,3,2_PLUS
2026-08-28,2026-08-28,1,0,2026-08-28T18:00:00+00:00,NED,Niederlande,111,Eerste Divisie,calendar-2026-27,2026/27,5832837,163363,Jong Ajax,6417,Helmond Sport,4,finished,FETCHED,COMPLETE,FULL_MATCH,2,2_PLUS
2026-08-28,2026-08-28,1,0,2026-08-28T18:00:00+00:00,NED,Niederlande,111,Eerste Divisie,calendar-2026-27,2026/27,5832838,681217,Jong AZ Alkmaar,9838,MVV Maastricht,4,finished,FETCHED,COMPLETE,FULL_MATCH,2,2_PLUS
2026-08-28,2026-08-28,1,0,2026-08-28T18:00:00+00:00,NED,Niederlande,111,Eerste Divisie,calendar-2026-27,2026/27,5832839,7781,TOP Oss,278960,Jong FC Utrecht,4,finished,FETCHED,COMPLETE,FULL_MATCH,2,2_PLUS
2026-08-28,2026-08-28,1,0,2026-08-28T18:00:00+00:00,NED,Niederlande,111,Eerste Divisie,calendar-2026-27,2026/27,5832840,9803,Roda JC Kerkrade,9761,NAC Breda,4,finished,FETCHED,COMPLETE,FULL_MATCH,2,2_PLUS
2026-08-28,2026-08-28,1,0,2026-08-28T18:00:00+00:00,NED,Niederlande,111,Eerste Divisie,calendar-2026-27,2026/27,5832841,10219,RKC Waalwijk,455494,Jong PSV,4,finished,FETCHED,COMPLETE,FULL_MATCH,1,1
2026-08-28,2026-08-28,1,0,2026-08-28T18:00:00+00:00,ROU,Rumänien,189,Liga I,calendar-2026-27,2026/27,5853487,89022,Universitatea Cluj,188187,Petrolul Ploiești,7,finished,FETCHED,COMPLETE,FULL_MATCH,2,2_PLUS
2026-08-28,2026-08-28,1,0,2026-08-28T18:00:00+00:00,KSA,Saudi-Arabien,536,Saudi Pro League,calendar-2026-27,2026/27,5970109,550433,Al Khaleej,2529,Al Hilal,4,finished,FETCHED,COMPLETE,FULL_MATCH,0,0
2026-08-28,2026-08-28,1,0,2026-08-28T18:00:00+00:00,KSA,Saudi-Arabien,536,Saudi Pro League,calendar-2026-27,2026/27,5970110,101918,Al Nassr FC,205686,Al-Taawoun,4,finished,FETCHED,COMPLETE,FULL_MATCH,1,1
2026-08-28,2026-08-28,1,0,2026-08-28T18:15:00+00:00,SUI,Schweiz,163,Challenge League,calendar-2026-27,2026/27,5804575,9930,Aarau,7955,Xamax,5,finished,FETCHED,COMPLETE,FULL_MATCH,3,2_PLUS
2026-08-28,2026-08-28,1,0,2026-08-28T18:15:00+00:00,SUI,Schweiz,163,Challenge League,calendar-2026-27,2026/27,5804576,1594,Etoile Carouge,185504,FC Rapperswil-Jona,5,finished,FETCHED,COMPLETE,FULL_MATCH,1,1
2026-08-28,2026-08-28,1,0,2026-08-28T18:30:00+00:00,ENG,England,9084,Premier League 2,calendar-2026-27,2026/27,1000019103,773658,Norwich City U21,773650,Stoke City U21,2,finished,FETCHED,COMPLETE,FULL_MATCH,0,0
2026-08-28,2026-08-28,1,0,2026-08-28T18:30:00+00:00,POL,Polen,196,Ekstraklasa,calendar-2026-27,2026/27,5803960,8673,Legia Warszawa,8025,Śląsk Wrocław,6,finished,FETCHED,COMPLETE,FULL_MATCH,1,1
2026-08-28,2026-08-28,1,0,2026-08-28T18:30:00+00:00,GER,Deutschland,54,Bundesliga,calendar-2026-27,2026/27,5881143,9823,Bayern München,10269,VfB Stuttgart,1,finished,FETCHED,COMPLETE,FULL_MATCH,5,2_PLUS
2026-08-28,2026-08-28,1,0,2026-08-28T18:30:00+00:00,TUR,Türkei,71,Süper Lig,calendar-2026-27,2026/27,5904726,7800,Gençlerbirliği,281467,Erzurumspor FK,3,finished,FETCHED,COMPLETE,FULL_MATCH,2,2_PLUS
2026-08-28,2026-08-28,1,0,2026-08-28T18:30:00+00:00,TUR,Türkei,165,1. Lig,calendar-2026-27,2026/27,5908606,1931,Antalyaspor,2090,Sarıyer,4,finished,FETCHED,COMPLETE,FULL_MATCH,2,2_PLUS
2026-08-28,2026-08-28,1,0,2026-08-28T18:30:00+00:00,TUR,Türkei,165,1. Lig,calendar-2026-27,2026/27,5908613,178387,Muğlaspor,4675,Boluspor,4,finished,FETCHED,COMPLETE,FULL_MATCH,1,1
2026-08-28,2026-08-28,1,0,2026-08-28T18:30:00+00:00,ITA,Italien,86,Serie B,calendar-2026-27,2026/27,5967053,7801,Cremonese,9887,Modena,2,finished,FETCHED,COMPLETE,FULL_MATCH,1,1
2026-08-28,2026-08-28,1,0,2026-08-28T18:45:00+00:00,IRL,Irland,126,Premier Liga,calendar-2026-27,2026/27,5100952,4594,Bohemian FC,6361,Sligo Rovers,29,finished,FETCHED,COMPLETE,FULL_MATCH,0,0
2026-08-28,2026-08-28,1,0,2026-08-28T18:45:00+00:00,IRL,Irland,126,Premier Liga,calendar-2026-27,2026/27,5100955,520517,Galway United FC,5751,Shelbourne,29,finished,FETCHED,COMPLETE,FULL_MATCH,2,2_PLUS
2026-08-28,2026-08-28,1,0,2026-08-28T18:45:00+00:00,IRL,Irland,126,Premier Liga,calendar-2026-27,2026/27,5100956,1854,St. Patrick's Athletic,6042,Waterford FC,29,finished,FETCHED,COMPLETE,FULL_MATCH,2,2_PLUS
2026-08-28,2026-08-28,1,0,2026-08-28T18:45:00+00:00,ITA,Italien,55,Serie A,calendar-2026-27,2026/27,5749650,8564,Milan,7881,Venezia,2,finished,FETCHED,COMPLETE,FULL_MATCH,2,2_PLUS
2026-08-28,2026-08-28,1,0,2026-08-28T18:45:00+00:00,BEL,Belgien,40,First Division A,calendar-2026-27,2026/27,5811736,9987,Genk,8475,SK Beveren,4,finished,FETCHED,COMPLETE,FULL_MATCH,1,1
2026-08-28,2026-08-28,1,0,2026-08-28T19:00:00+00:00,PAR,Paraguay,199,Division Profesional,calendar-2026-27,2026/27,1000017389,49687,Luqueño,162557,Rubio Ñú,Clausura - Round 7,finished,FETCHED,COMPLETE,FULL_MATCH,2,2_PLUS
2026-08-28,2026-08-28,1,0,2026-08-28T19:00:00+00:00,IRL,Irland,126,Premier Liga,calendar-2026-27,2026/27,5100954,8339,Drogheda United,1853,Dundalk,29,finished,FETCHED,COMPLETE,FULL_MATCH,2,2_PLUS
2026-08-28,2026-08-28,1,0,2026-08-28T19:00:00+00:00,ENG,England,47,Premier League,calendar-2026-27,2026/27,5795429,9826,Crystal Palace,8456,Man City,2,finished,FETCHED,COMPLETE,FULL_MATCH,4,2_PLUS
2026-08-28,2026-08-28,1,0,2026-08-28T19:00:00+00:00,FRA,Frankreich,53,Ligue 1,calendar-2026-27,2026/27,5802918,8639,Lille,9847,PSG,2,finished,FETCHED,COMPLETE,FULL_MATCH,3,2_PLUS
2026-08-28,2026-08-28,1,0,2026-08-28T19:00:00+00:00,ENG,England,48,Championship,calendar-2026-27,2026/27,5836789,9841,Wrexham,8658,Birmingham,3,finished,FETCHED,COMPLETE,FULL_MATCH,2,2_PLUS
2026-08-28,2026-08-28,1,0,2026-08-28T19:00:00+00:00,ESP,Spanien,140,LaLiga2,calendar-2026-27,2026/27,5868425,9867,Tenerife,9869,Sporting Gijón,3,finished,FETCHED,COMPLETE,FULL_MATCH,1,1
2026-08-28,2026-08-28,1,0,2026-08-28T19:15:00+00:00,POR,Portugal,61,Liga Portugal,calendar-2026-27,2026/27,5887616,7841,Rio Ave,9768,Sporting CP,4,finished,FETCHED,COMPLETE,FULL_MATCH,0,0
2026-08-28,2026-08-28,1,0,2026-08-28T19:30:00+00:00,ESP,Spanien,87,LaLiga,calendar-2026-27,2026/27,5868031,9866,Deportivo Alavés,10205,Villarreal,3,finished,FETCHED,COMPLETE,FULL_MATCH,0,0
2026-08-28,2026-08-28,1,0,2026-08-28T20:00:00+00:00,PER,Peru,131,Liga 1,calendar-2026-27,2026/27,1000017218,536945,Comerciantes Unidos,1696744,FC Cajamarca,Clausura - Round 7,finished,FETCHED,COMPLETE,FULL_MATCH,3,2_PLUS
2026-08-28,2026-08-28,1,0,2026-08-28T20:30:00+00:00,ECU,Ecuador,246,Serie A,calendar-2026-27,2026/27,1000009085,304929,Mushuc Runa,519457,Delfín,27,finished,FETCHED,COMPLETE,FULL_MATCH,1,1
2026-08-28,2026-08-28,1,0,2026-08-28T21:30:00+00:00,PAR,Paraguay,199,Division Profesional,calendar-2026-27,2026/27,1000017388,198186,Sportivo San Lorenzo,49689,Nacional,Clausura - Round 7,finished,FETCHED,COMPLETE,FULL_MATCH,2,2_PLUS
2026-08-28,"2026-08-28,2026-08-29",2,1,2026-08-28T22:00:00+00:00,ARG,Argentinien,112,Liga Profesional,calendar-2026-27,2026/27,5115977,10096,Unión,202757,Sarmiento,7,finished,FETCHED,COMPLETE,FULL_MATCH,4,2_PLUS
2026-08-28,"2026-08-28,2026-08-29",2,1,2026-08-28T22:30:00+00:00,CHI,Chile,273,Liga de Primera,calendar-2026-27,2026/27,1000013214,4055,Cobresal,6455,Palestino,21,finished,FETCHED,COMPLETE,FULL_MATCH,1,1
2026-08-28,"2026-08-28,2026-08-29",2,1,2026-08-28T22:30:00+00:00,BRA,Brasilien,8814,Serie B,calendar-2026-27,2026/27,5190684,9862,Goiás,231931,São Bernardo,25,finished,FETCHED,COMPLETE,FULL_MATCH,2,2_PLUS
2026-08-28,"2026-08-28,2026-08-29",2,1,2026-08-28T23:00:00+00:00,USA,USA,10282,MLS Next Pro,calendar-2026-27,2026/27,1000007739,1348111,Inter Miami CF II,915806,Atlanta United 2,27,finished,FETCHED,COMPLETE,FULL_MATCH,1,1
2026-08-28,"2026-08-28,2026-08-29",2,1,2026-08-28T23:00:00+00:00,USA,USA,10282,MLS Next Pro,calendar-2026-27,2026/27,1000007740,614319,Toronto FC II,1348108,New York City FC II,27,finished,FETCHED,COMPLETE,FULL_MATCH,0,0
2026-08-28,"2026-08-28,2026-08-29",2,1,2026-08-28T23:00:00+00:00,CAN,Kanada,9986,Premier League,calendar-2026-27,2026/27,1000008694,1135780,Atlético Ottawa,1022954,Inter Toronto FC,20,finished,FETCHED,COMPLETE,FULL_MATCH,2,2_PLUS
2026-08-28,"2026-08-28,2026-08-29",2,1,2026-08-28T23:00:00+00:00,CAN,Kanada,9986,Premier League,calendar-2026-27,2026/27,5175955,1899648,Supra du Québec,1022955,Forge FC,20,finished,FETCHED,COMPLETE,FULL_MATCH,0,0
2026-08-28,"2026-08-28,2026-08-29",2,1,2026-08-28T23:30:00+00:00,BRA,Brasilien,8814,Serie B,calendar-2026-27,2026/27,5190680,581838,Novorizontino,6305,Sport Recife,25,finished,FETCHED,COMPLETE,FULL_MATCH,2,2_PLUS
2026-08-28,"2026-08-28,2026-08-29",2,1,2026-08-28T23:30:00+00:00,BRA,Brasilien,8814,Serie B,calendar-2026-27,2026/27,5190686,2369,Náutico,1221604,Athletic Club,25,finished,FETCHED,COMPLETE,FULL_MATCH,2,2_PLUS
2026-08-28,"2026-08-28,2026-08-29",2,1,2026-08-29T00:00:00+00:00,USA,USA,10282,MLS Next Pro,calendar-2026-27,2026/27,1000007741,1348103,Colorado Rapids 2,521005,Ventura County FC,27,finished,FETCHED,COMPLETE,FULL_MATCH,3,2_PLUS
2026-08-28,"2026-08-28,2026-08-29",2,1,2026-08-29T00:00:00+00:00,USA,USA,10282,MLS Next Pro,calendar-2026-27,2026/27,1000007742,1346404,St. Louis City 2,1004921,North Texas SC,27,finished,FETCHED,COMPLETE,FULL_MATCH,0,0
2026-08-28,"2026-08-28,2026-08-29",2,1,2026-08-29T00:00:00+00:00,ECU,Ecuador,246,Serie A,calendar-2026-27,2026/27,1000009086,113054,Técnico Universitario,4144,Deportivo Cuenca,27,finished,FETCHED,COMPLETE,FULL_MATCH,1,1
2026-08-28,"2026-08-28,2026-08-29",2,1,2026-08-29T00:00:00+00:00,USA,USA,9296,USL League One,calendar-2026-27,2026/27,1000016175,614315,Charlotte Independence,1701876,AV Alta,26,finished,FETCHED,COMPLETE,FULL_MATCH,1,1
2026-08-28,"2026-08-28,2026-08-29",2,1,2026-08-29T00:00:00+00:00,USA,USA,9134,NWSL,calendar-2026-27,2026/27,5161617,189397,Gotham FC (W),433029,Portland Thorns (W),0,finished,FETCHED,COMPLETE,FULL_MATCH,2,2_PLUS
2026-08-28,"2026-08-28,2026-08-29",2,1,2026-08-29T00:30:00+00:00,ARG,Argentinien,112,Liga Profesional,calendar-2026-27,2026/27,5115966,10077,Boca Juniors,10082,Lanús,7,finished,FETCHED,COMPLETE,FULL_MATCH,1,1
2026-08-28,"2026-08-28,2026-08-29",2,1,2026-08-29T01:00:00+00:00,MEX,Mexiko,230,Liga MX,calendar-2026-27,2026/27,1000014544,1842,Necaxa,6578,Cruz Azul,6,finished,FETCHED,COMPLETE,FULL_MATCH,3,2_PLUS
2026-08-28,"2026-08-28,2026-08-29",2,1,2026-08-29T02:00:00+00:00,MEX,Mexiko,230,Liga MX,calendar-2026-27,2026/27,1000014545,1942,Atlante,1841,León,6,finished,FETCHED,COMPLETE,FULL_MATCH,2,2_PLUS
2026-08-28,"2026-08-28,2026-08-29",2,1,2026-08-29T02:00:00+00:00,USA,USA,9134,NWSL,calendar-2026-27,2026/27,5161618,1335917,San Diego Wave FC (W),1237244,Racing Louisville (W),0,finished,FETCHED,COMPLETE,FULL_MATCH,3,2_PLUS
2026-08-28,"2026-08-28,2026-08-29",2,1,2026-08-29T03:10:00+00:00,MEX,Mexiko,230,Liga MX,calendar-2026-27,2026/27,1000014546,162418,Tijuana,1946,Pumas,6,finished,FETCHED,COMPLETE,FULL_MATCH,2,2_PLUS
2026-08-29,2026-08-29,1,0,2026-08-29T09:00:00+00:00,CHN,China,120,Super League,calendar-2026-27,2026/27,5186604,4183,Qingdao Hainiu,1029687,Wuhan Three Towns,25,finished,FETCHED,COMPLETE,FULL_MATCH,4,2_PLUS
2026-08-29,2026-08-29,1,0,2026-08-29T09:00:00+00:00,JPN,Japan,223,J. League,calendar-2026-27,2026/27,5803548,6582,Gamba Osaka,6224,Sanfrecce,4,finished,FETCHED,COMPLETE,FULL_MATCH,0,0
2026-08-29,2026-08-29,1,0,2026-08-29T09:00:00+00:00,JPN,Japan,223,J. League,calendar-2026-27,2026/27,5803551,162195,Mito Hollyhock,194011,Machida Zelvia,4,finished,FETCHED,COMPLETE,FULL_MATCH,0,0
2026-08-29,2026-08-29,1,0,2026-08-29T09:30:00+00:00,JPN,Japan,223,J. League,calendar-2026-27,2026/27,5803553,4426,Shimizu S-Pulse,8699,Kashiwa Reysol,4,finished,FETCHED,COMPLETE,FULL_MATCH,1,1
2026-08-29,2026-08-29,1,0,2026-08-29T09:30:00+00:00,JPN,Japan,223,J. League,calendar-2026-27,2026/27,5803557,194016,V-Varen Nagasaki,4399,FC Tokyo,4,finished,FETCHED,COMPLETE,FULL_MATCH,1,1
2026-08-29,2026-08-29,1,0,2026-08-29T10:00:00+00:00,JPN,Japan,223,J. League,calendar-2026-27,2026/27,5803549,6304,Kawasaki,9756,JEF United Chiba,4,finished,FETCHED,COMPLETE,FULL_MATCH,0,0
2026-08-29,2026-08-29,1,0,2026-08-29T10:00:00+00:00,JPN,Japan,223,J. League,calendar-2026-27,2026/27,5803550,8542,Kyoto Sanga FC,8270,Avispa Fukuoka,4,finished,FETCHED,COMPLETE,FULL_MATCH,2,2_PLUS
2026-08-29,2026-08-29,1,0,2026-08-29T10:00:00+00:00,JPN,Japan,223,J. League,calendar-2026-27,2026/27,5803552,8006,Nagoya Grampus,164739,Fagiano Okayama FC,4,finished,FETCHED,COMPLETE,FULL_MATCH,1,1
2026-08-29,2026-08-29,1,0,2026-08-29T10:00:00+00:00,JPN,Japan,223,J. League,calendar-2026-27,2026/27,5803554,6244,Urawa Red Diamonds,6581,Yokohama F.Marinos,4,finished,FETCHED,COMPLETE,FULL_MATCH,3,2_PLUS
2026-08-29,2026-08-29,1,0,2026-08-29T10:00:00+00:00,JPN,Japan,223,J. League,calendar-2026-27,2026/27,5803555,6223,Tokyo Verdy,4397,Kashima Antlers,4,finished,FETCHED,COMPLETE,FULL_MATCH,1,1
2026-08-29,2026-08-29,1,0,2026-08-29T10:00:00+00:00,JPN,Japan,223,J. League,calendar-2026-27,2026/27,5803556,4688,Vissel Kobe,4692,Cerezo Osaka,4,finished,FETCHED,COMPLETE,FULL_MATCH,1,1
2026-08-29,2026-08-29,1,0,2026-08-29T10:00:00+00:00,ESP,Spanien,9907,Liga F,calendar-2026-27,2026/27,5882270,1077485,Deportivo de A Coruña (W),980746,Sevilla (W),1,finished,FETCHED,COMPLETE,FULL_MATCH,0,0
2026-08-29,2026-08-29,1,0,2026-08-29T10:00:00+00:00,ESP,Spanien,9907,Liga F,calendar-2026-27,2026/27,5882273,858300,Real Sociedad (W),628292,Logroño United (W),1,finished,FETCHED,COMPLETE,FULL_MATCH,2,2_PLUS
2026-08-29,2026-08-29,1,0,2026-08-29T10:00:00+00:00,GER,Deutschland,9676,Frauen Bundesliga,calendar-2026-27,2026/27,5934510,679909,Freiburg (W),1656078,Union Berlin (W),2,finished,FETCHED,COMPLETE,FULL_MATCH,1,1
2026-08-29,2026-08-29,1,0,2026-08-29T10:15:00+00:00,POL,Polen,196,Ekstraklasa,calendar-2026-27,2026/27,5803962,5769,Radomiak Radom,2186,Cracovia,6,finished,FETCHED,COMPLETE,FULL_MATCH,3,2_PLUS
2026-08-29,2026-08-29,1,0,2026-08-29T10:30:00+00:00,KOR,Südkorea,9080,K League 1,calendar-2026-27,2026/27,5140012,429441,Bucheon FC 1995,429440,FC Anyang,26,finished,FETCHED,COMPLETE,FULL_MATCH,2,2_PLUS
2026-08-29,2026-08-29,1,0,2026-08-29T10:30:00+00:00,KOR,Südkorea,9080,K League 1,calendar-2026-27,2026/27,5140013,133896,Ulsan HD FC,133901,Gimcheon Sangmu,26,finished,FETCHED,COMPLETE,FULL_MATCH,2,2_PLUS
2026-08-29,2026-08-29,1,0,2026-08-29T10:30:00+00:00,KOR,Südkorea,9116,K League 2,calendar-2026-27,2026/27,5155890,833649,Gimpo FC,88517,Suwon Samsung Bluewings,24,finished,FETCHED,COMPLETE,FULL_MATCH,4,2_PLUS
2026-08-29,2026-08-29,1,0,2026-08-29T10:30:00+00:00,KOR,Südkorea,9116,K League 2,calendar-2026-27,2026/27,5155891,133899,Gyeongnam FC,739803,Paju Frontier,24,finished,FETCHED,COMPLETE,FULL_MATCH,1,1
2026-08-29,2026-08-29,1,0,2026-08-29T11:00:00+00:00,CHN,China,120,Super League,calendar-2026-27,2026/27,5186599,4189,Tianjin Jinmen Tiger,1283248,Qingdao West Coast,25,finished,FETCHED,COMPLETE,FULL_MATCH,1,1
2026-08-29,2026-08-29,1,0,2026-08-29T11:00:00+00:00,CHN,China,120,Super League,calendar-2026-27,2026/27,5186600,51443,Zhejiang Professional,1477056,Yunnan Yukun,25,finished,FETCHED,COMPLETE,FULL_MATCH,1,1
2026-08-29,2026-08-29,1,0,2026-08-29T11:00:00+00:00,DEN,Dänemark,85,1. Division,calendar-2026-27,2026/27,5764588,6308,Kolding IF,9805,AB,6,finished,FETCHED,COMPLETE,FULL_MATCH,1,1
2026-08-29,2026-08-29,1,0,2026-08-29T11:00:00+00:00,GER,Deutschland,146,2. Bundesliga,calendar-2026-27,2026/27,5881647,8398,Energie Cottbus,8357,Greuther Fürth,3,finished,FETCHED,COMPLETE,FULL_MATCH,5,2_PLUS
2026-08-29,2026-08-29,1,0,2026-08-29T11:00:00+00:00,GER,Deutschland,146,2. Bundesliga,calendar-2026-27,2026/27,5881649,94937,FC Heidenheim,8480,Dynamo Dresden,3,finished,FETCHED,COMPLETE,FULL_MATCH,7,2_PLUS
2026-08-29,2026-08-29,1,0,2026-08-29T11:00:00+00:00,GER,Deutschland,146,2. Bundesliga,calendar-2026-27,2026/27,5881650,8295,Karlsruher SC,8721,Wolfsburg,3,finished,FETCHED,COMPLETE,FULL_MATCH,2,2_PLUS
2026-08-29,2026-08-29,1,0,2026-08-29T11:30:00+00:00,ENG,England,47,Premier League,calendar-2026-27,2026/27,5795431,8650,Liverpool,10203,Nottm Forest,2,finished,FETCHED,COMPLETE,FULL_MATCH,3,2_PLUS
2026-08-29,2026-08-29,1,0,2026-08-29T11:30:00+00:00,ENG,England,48,Championship,calendar-2026-27,2026/27,5836783,10170,Derby,10003,Swansea,3,finished,FETCHED,COMPLETE,FULL_MATCH,1,1
2026-08-29,2026-08-29,1,0,2026-08-29T11:30:00+00:00,ENG,England,48,Championship,calendar-2026-27,2026/27,5836784,8549,Middlesbrough,8659,West Brom,3,finished,FETCHED,COMPLETE,FULL_MATCH,4,2_PLUS
2026-08-29,2026-08-29,1,0,2026-08-29T11:30:00+00:00,ENG,England,48,Championship,calendar-2026-27,2026/27,5836788,8602,Wolves,10194,Stoke,3,finished,FETCHED,COMPLETE,FULL_MATCH,2,2_PLUS
2026-08-29,2026-08-29,1,0,2026-08-29T11:30:00+00:00,ENG,England,108,League One,calendar-2026-27,2026/27,5837112,8483,Blackpool,8677,Peterborough,3,finished,FETCHED,COMPLETE,FULL_MATCH,2,2_PLUS
2026-08-29,2026-08-29,1,0,2026-08-29T11:30:00+00:00,ENG,England,108,League One,calendar-2026-27,2026/27,5837115,8645,MK Dons,8197,Leicester,3,finished,FETCHED,COMPLETE,FULL_MATCH,0,0
2026-08-29,2026-08-29,1,0,2026-08-29T11:30:00+00:00,ENG,England,109,League Two,calendar-2026-27,2026/27,5837883,8175,Barnet,8680,Cheltenham,3,finished,FETCHED,COMPLETE,FULL_MATCH,3,2_PLUS
2026-08-29,2026-08-29,1,0,2026-08-29T11:30:00+00:00,ENG,England,109,League Two,calendar-2026-27,2026/27,5837890,9799,Port Vale,9784,Crewe,3,finished,FETCHED,COMPLETE,FULL_MATCH,0,0
2026-08-29,2026-08-29,1,0,2026-08-29T11:35:00+00:00,CHN,China,120,Super League,calendar-2026-27,2026/27,5186601,737052,Chengdu Rongcheng FC,737054,Liaoning Tieren,25,finished,FETCHED,COMPLETE,FULL_MATCH,2,2_PLUS
2026-08-29,2026-08-29,1,0,2026-08-29T12:00:00+00:00,LVA,Lettland,226,Virsliga,calendar-2026-27,2026/27,5162053,662738,Grobiņa,197864,BFC Daugavpils,28,finished,FETCHED,COMPLETE,FULL_MATCH,1,1
2026-08-29,2026-08-29,1,0,2026-08-29T12:00:00+00:00,CHN,China,120,Super League,calendar-2026-27,2026/27,5186603,51442,Henan FC,1477050,Chongqing Tongliang Long,25,finished,FETCHED,COMPLETE,FULL_MATCH,1,1
2026-08-29,2026-08-29,1,0,2026-08-29T12:00:00+00:00,DEN,Dänemark,85,1. Division,calendar-2026-27,2026/27,5764589,8470,AaB,8289,HB Køge,6,finished,FETCHED,COMPLETE,FULL_MATCH,0,0
2026-08-29,2026-08-29,1,0,2026-08-29T12:00:00+00:00,FRA,Frankreich,110,Ligue 2,calendar-2026-27,2026/27,5803236,293352,Annecy FC,8550,Metz,4,finished,FETCHED,COMPLETE,FULL_MATCH,0,0
2026-08-29,2026-08-29,1,0,2026-08-29T12:00:00+00:00,FRA,Frankreich,110,Ligue 2,calendar-2026-27,2026/27,5803243,6390,Red Star,9837,Reims,4,finished,FETCHED,COMPLETE,FULL_MATCH,2,2_PLUS
2026-08-29,2026-08-29,1,0,2026-08-29T12:00:00+00:00,ENG,England,109,League Two,calendar-2026-27,2026/27,5837891,8119,Rotherham,9786,Chesterfield,3,finished,FETCHED,COMPLETE,FULL_MATCH,2,2_PLUS
2026-08-29,2026-08-29,1,0,2026-08-29T12:00:00+00:00,RUS,Russland,63,Premier League,calendar-2026-27,2026/27,5847161,1692,Fakel,8698,Zenit,6,finished,FETCHED,COMPLETE,FULL_MATCH,1,1
2026-08-29,2026-08-29,1,0,2026-08-29T12:00:00+00:00,GER,Deutschland,208,3. Liga,calendar-2026-27,2026/27,5905868,8396,Alemannia Aachen,79904,Meppen,3,finished,FETCHED,COMPLETE,FULL_MATCH,0,0
2026-08-29,2026-08-29,1,0,2026-08-29T12:00:00+00:00,GER,Deutschland,208,3. Liga,calendar-2026-27,2026/27,5905869,8293,MSV Duisburg,145486,Würzburger Kickers,3,finished,FETCHED,COMPLETE,FULL_MATCH,1,1
2026-08-29,2026-08-29,1,0,2026-08-29T12:00:00+00:00,GER,Deutschland,208,3. Liga,calendar-2026-27,2026/27,5905871,94941,Sonnenhof Großaspach,8234,Ingolstadt,3,finished,FETCHED,COMPLETE,FULL_MATCH,1,1
2026-08-29,2026-08-29,1,0,2026-08-29T12:00:00+00:00,GER,Deutschland,208,3. Liga,calendar-2026-27,2026/27,5905875,7783,SC Verl,7786,Fortuna Köln,3,finished,FETCHED,COMPLETE,FULL_MATCH,3,2_PLUS
2026-08-29,2026-08-29,1,0,2026-08-29T12:00:00+00:00,GER,Deutschland,208,3. Liga,calendar-2026-27,2026/27,5905877,8196,Wehen Wiesbaden,8296,RW Essen,3,finished,FETCHED,COMPLETE,FULL_MATCH,0,0
2026-08-29,2026-08-29,1,0,2026-08-29T12:00:00+00:00,GER,Deutschland,9676,Frauen Bundesliga,calendar-2026-27,2026/27,5934512,1656089,VfB Stuttgart (W),1638021,Hamburger SV (W),2,finished,FETCHED,COMPLETE,FULL_MATCH,1,1
2026-08-29,2026-08-29,1,0,2026-08-29T12:45:00+00:00,POL,Polen,196,Ekstraklasa,calendar-2026-27,2026/27,5803961,89466,Motor Lublin,8028,Piast Gliwice,6,finished,FETCHED,COMPLETE,FULL_MATCH,2,2_PLUS
2026-08-29,2026-08-29,1,0,2026-08-29T13:00:00+00:00,SWE,Schweden,67,Allsvenskan,calendar-2026-27,2026/27,5107585,8428,Häcken,6194,Västerås SK,19,finished,FETCHED,COMPLETE,FULL_MATCH,2,2_PLUS
2026-08-29,2026-08-29,1,0,2026-08-29T13:00:00+00:00,SWE,Schweden,67,Allsvenskan,calendar-2026-27,2026/27,5107586,8014,Elfsborg,6544,Degerfors,19,finished,FETCHED,COMPLETE,FULL_MATCH,1,1
2026-08-29,2026-08-29,1,0,2026-08-29T13:00:00+00:00,ROU,Rumänien,189,Liga I,calendar-2026-27,2026/27,5853481,583690,Csikszereda Miercurea Ciuc,9731,CFR Cluj,7,finished,FETCHED,COMPLETE,FULL_MATCH,2,2_PLUS
2026-08-29,2026-08-29,1,0,2026-08-29T13:00:00+00:00,RSA,Südafrika,9474,South Africa 8 Cup,calendar-2026-27,2026/27,6045942,7866,Orlando Pirates,612014,Sekhukhune United,1/2,finished,FETCHED,COMPLETE,FULL_MATCH,1,1
2026-08-29,2026-08-29,1,0,2026-08-29T13:30:00+00:00,GER,Deutschland,54,Bundesliga,calendar-2026-27,2026/27,5881146,8232,Elversberg,8178,Leverkusen,1,finished,FETCHED,COMPLETE,FULL_MATCH,3,2_PLUS
2026-08-29,2026-08-29,1,0,2026-08-29T13:30:00+00:00,GER,Deutschland,54,Bundesliga,calendar-2026-27,2026/27,5881147,8722,Köln,8226,Hoffenheim,1,finished,FETCHED,COMPLETE,FULL_MATCH,4,2_PLUS
2026-08-29,2026-08-29,1,0,2026-08-29T13:30:00+00:00,GER,Deutschland,54,Bundesliga,calendar-2026-27,2026/27,5881149,9905,Mainz,8460,Paderborn,1,finished,FETCHED,COMPLETE,FULL_MATCH,0,0
2026-08-29,2026-08-29,1,0,2026-08-29T13:30:00+00:00,GER,Deutschland,54,Bundesliga,calendar-2026-27,2026/27,5881150,178475,RB Leipzig,9788,M'gladbach,1,finished,FETCHED,COMPLETE,FULL_MATCH,2,2_PLUS
2026-08-29,2026-08-29,1,0,2026-08-29T13:30:00+00:00,GER,Deutschland,54,Bundesliga,calendar-2026-27,2026/27,5881151,8149,Union Berlin,9810,Frankfurt,1,finished,FETCHED,COMPLETE,FULL_MATCH,3,2_PLUS
2026-08-29,2026-08-29,1,0,2026-08-29T13:55:00+00:00,UAE,Vereinigte Arabische Emirate,538,Pro League,calendar-2026-27,2026/27,5961827,102101,Al-Jazira,149994,Ajman,3,finished,FETCHED,COMPLETE,FULL_MATCH,2,2_PLUS
2026-08-29,2026-08-29,1,0,2026-08-29T13:55:00+00:00,UAE,Vereinigte Arabische Emirate,538,Pro League,calendar-2026-27,2026/27,5961828,149993,Khorfakkan,102118,Al-Dhafra,3,finished,FETCHED,COMPLETE,FULL_MATCH,2,2_PLUS
2026-08-29,2026-08-29,1,0,2026-08-29T14:00:00+00:00,BEL,Belgien,264,First Division B,calendar-2026-27,2026/27,1000015454,6363,FC Liège,7947,FCV Dender EH,3,finished,FETCHED,COMPLETE,FULL_MATCH,1,1
2026-08-29,2026-08-29,1,0,2026-08-29T14:00:00+00:00,BEL,Belgien,264,First Division B,calendar-2026-27,2026/27,1000015455,1378461,Anderlecht Futures,583877,Beerschot,3,finished,FETCHED,COMPLETE,FULL_MATCH,0,0
2026-08-29,2026-08-29,1,0,2026-08-29T14:00:00+00:00,LVA,Lettland,226,Virsliga,calendar-2026-27,2026/27,5162054,197870,FK Tukums 2000,192962,FK Jelgava,28,finished,FETCHED,COMPLETE,FULL_MATCH,3,2_PLUS
2026-08-29,2026-08-29,1,0,2026-08-29T14:00:00+00:00,SCO,Schottland,64,Premiership,calendar-2026-27,2026/27,5793917,9925,Celtic,8596,Falkirk,4,finished,FETCHED,COMPLETE,FULL_MATCH,1,1
2026-08-29,2026-08-29,1,0,2026-08-29T14:00:00+00:00,SCO,Schottland,64,Premiership,calendar-2026-27,2026/27,5793919,9860,Hearts,8467,St. Johnstone,4,finished,FETCHED,COMPLETE,FULL_MATCH,1,1
2026-08-29,2026-08-29,1,0,2026-08-29T14:00:00+00:00,SCO,Schottland,64,Premiership,calendar-2026-27,2026/27,5793920,8597,Kilmarnock,9938,Dundee United,4,finished,FETCHED,COMPLETE,FULL_MATCH,1,1
2026-08-29,2026-08-29,1,0,2026-08-29T14:00:00+00:00,ENG,England,47,Premier League,calendar-2026-27,2026/27,5795425,8678,Bournemouth,8668,Everton,2,finished,FETCHED,COMPLETE,FULL_MATCH,1,1
2026-08-29,2026-08-29,1,0,2026-08-29T14:00:00+00:00,ENG,England,47,Premier League,calendar-2026-27,2026/27,5795428,8669,Coventry,8667,Hull,2,finished,FETCHED,COMPLETE,FULL_MATCH,1,1
2026-08-29,2026-08-29,1,0,2026-08-29T14:00:00+00:00,BEL,Belgien,40,First Division A,calendar-2026-27,2026/27,5811737,1218969,RAAL La Louvière,8203,KV Mechelen,4,finished,FETCHED,COMPLETE,FULL_MATCH,1,1
2026-08-29,2026-08-29,1,0,2026-08-29T14:00:00+00:00,ENG,England,48,Championship,calendar-2026-27,2026/27,5836778,8655,Blackburn,10172,QPR,3,finished,FETCHED,COMPLETE,FULL_MATCH,3,2_PLUS
2026-08-29,2026-08-29,1,0,2026-08-29T14:00:00+00:00,ENG,England,48,Championship,calendar-2026-27,2026/27,5836779,8559,Bolton,8430,Lincoln,3,finished,FETCHED,COMPLETE,FULL_MATCH,1,1
2026-08-29,2026-08-29,1,0,2026-08-29T14:00:00+00:00,ENG,England,48,Championship,calendar-2026-27,2026/27,5836780,8427,Bristol City,8462,Portsmouth,3,finished,FETCHED,COMPLETE,FULL_MATCH,2,2_PLUS
2026-08-29,2026-08-29,1,0,2026-08-29T14:00:00+00:00,ENG,England,48,Championship,calendar-2026-27,2026/27,5836781,8344,Cardiff,8657,Sheff Utd,3,finished,FETCHED,COMPLETE,FULL_MATCH,0,0
2026-08-29,2026-08-29,1,0,2026-08-29T14:00:00+00:00,ENG,England,48,Championship,calendar-2026-27,2026/27,5836782,8451,Charlton,8411,Preston,3,finished,FETCHED,COMPLETE,FULL_MATCH,1,1
2026-08-29,2026-08-29,1,0,2026-08-29T14:00:00+00:00,ENG,England,48,Championship,calendar-2026-27,2026/27,5836785,9850,Norwich,8191,Burnley,3,finished,FETCHED,COMPLETE,FULL_MATCH,1,1
2026-08-29,2026-08-29,1,0,2026-08-29T14:00:00+00:00,ENG,England,48,Championship,calendar-2026-27,2026/27,5836786,8466,Southampton,10004,Millwall,3,finished,FETCHED,COMPLETE,FULL_MATCH,3,2_PLUS
2026-08-29,2026-08-29,1,0,2026-08-29T14:00:00+00:00,ENG,England,48,Championship,calendar-2026-27,2026/27,5836787,9817,Watford,8654,West Ham,3,finished,FETCHED,COMPLETE,FULL_MATCH,0,0
2026-08-29,2026-08-29,1,0,2026-08-29T14:00:00+00:00,ENG,England,108,League One,calendar-2026-27,2026/27,5837113,9834,Cambridge,9796,Huddersfield,3,finished,FETCHED,COMPLETE,FULL_MATCH,3,2_PLUS
2026-08-29,2026-08-29,1,0,2026-08-29T14:00:00+00:00,ENG,England,108,League One,calendar-2026-27,2026/27,5837114,8351,Leyton Orient,8283,Barnsley,3,finished,FETCHED,COMPLETE,FULL_MATCH,3,2_PLUS
2026-08-29,2026-08-29,1,0,2026-08-29T14:00:00+00:00,ENG,England,108,League One,calendar-2026-27,2026/27,5837117,9819,Notts County,9792,Burton,3,finished,FETCHED,COMPLETE,FULL_MATCH,2,2_PLUS
2026-08-29,2026-08-29,1,0,2026-08-29T14:00:00+00:00,ENG,England,108,League One,calendar-2026-27,2026/27,5837119,8401,Plymouth,8484,Bradford,3,finished,FETCHED,COMPLETE,FULL_MATCH,1,1
2026-08-29,2026-08-29,1,0,2026-08-29T14:00:00+00:00,ENG,England,108,League One,calendar-2026-27,2026/27,5837120,10163,Sheff Wed,45729,Bromley,3,finished,FETCHED,COMPLETE,FULL_MATCH,6,2_PLUS
2026-08-29,2026-08-29,1,0,2026-08-29T14:00:00+00:00,ENG,England,108,League One,calendar-2026-27,2026/27,5837121,10253,Stevenage,9903,Doncaster,3,finished,FETCHED,COMPLETE,FULL_MATCH,4,2_PLUS
2026-08-29,2026-08-29,1,0,2026-08-29T14:00:00+00:00,ENG,England,108,League One,calendar-2026-27,2026/27,5837122,10007,Stockport County,8676,Wycombe,3,finished,FETCHED,COMPLETE,FULL_MATCH,3,2_PLUS
2026-08-29,2026-08-29,1,0,2026-08-29T14:00:00+00:00,ENG,England,109,League Two,calendar-2026-27,2026/27,5837884,8416,Colchester,8493,Rochdale,3,finished,FETCHED,COMPLETE,FULL_MATCH,1,1
2026-08-29,2026-08-29,1,0,2026-08-29T14:00:00+00:00,ENG,England,109,League Two,calendar-2026-27,2026/27,5837885,8647,Crawley,10104,Bristol Rovers,3,finished,FETCHED,COMPLETE,FULL_MATCH,0,0
2026-08-29,2026-08-29,1,0,2026-08-29T14:00:00+00:00,ENG,England,109,League Two,calendar-2026-27,2026/27,5837886,10173,Gillingham,8651,Northampton,3,finished,FETCHED,COMPLETE,FULL_MATCH,0,0
2026-08-29,2026-08-29,1,0,2026-08-29T14:00:00+00:00,ENG,England,109,League Two,calendar-2026-27,2026/27,5837887,10005,Grimsby,45723,Fleetwood,3,finished,FETCHED,COMPLETE,FULL_MATCH,2,2_PLUS
2026-08-29,2026-08-29,1,0,2026-08-29T14:00:00+00:00,ENG,England,109,League Two,calendar-2026-27,2026/27,5837888,10262,Newport,8313,Tranmere,3,finished,FETCHED,COMPLETE,FULL_MATCH,3,2_PLUS
2026-08-29,2026-08-29,1,0,2026-08-29T14:00:00+00:00,ENG,England,109,League Two,calendar-2026-27,2026/27,5837889,9785,Oldham,9795,Swindon,3,finished,FETCHED,COMPLETE,FULL_MATCH,2,2_PLUS
2026-08-29,2026-08-29,1,0,2026-08-29T14:00:00+00:00,ENG,England,109,League Two,calendar-2026-27,2026/27,5837892,9896,Shrewsbury,282326,Salford,3,finished,FETCHED,COMPLETE,FULL_MATCH,1,1
2026-08-29,2026-08-29,1,0,2026-08-29T14:00:00+00:00,ENG,England,109,League Two,calendar-2026-27,2026/27,5837893,10006,Walsall,8671,Accrington,3,finished,FETCHED,COMPLETE,FULL_MATCH,2,2_PLUS
2026-08-29,2026-08-29,1,0,2026-08-29T14:00:00+00:00,ENG,England,109,League Two,calendar-2026-27,2026/27,5837894,9916,York City,9833,Exeter,3,finished,FETCHED,COMPLETE,FULL_MATCH,2,2_PLUS
2026-08-29,2026-08-29,1,0,2026-08-29T14:15:00+00:00,QAT,Katar,535,Qatar Stars League,calendar-2026-27,2026/27,5952258,203826,Al-Duhail SC,101899,Al-Arabi,2,finished,FETCHED,COMPLETE,FULL_MATCH,2,2_PLUS
2026-08-29,2026-08-29,1,0,2026-08-29T14:30:00+00:00,NED,Niederlande,57,Eredivisie,calendar-2026-27,2026/27,5781723,10218,Excelsior,8614,Sparta Rotterdam,4,finished,FETCHED,COMPLETE,FULL_MATCH,2,2_PLUS
2026-08-29,2026-08-29,1,0,2026-08-29T14:30:00+00:00,NED,Niederlande,111,Eerste Divisie,calendar-2026-27,2026/27,5832842,8526,De Graafschap,4116,Almere City FC,4,finished,FETCHED,COMPLETE,FULL_MATCH,3,2_PLUS
2026-08-29,2026-08-29,1,0,2026-08-29T14:30:00+00:00,RUS,Russland,63,Premier League,calendar-2026-27,2026/27,5847162,168719,Krasnodar,8705,Rostov,6,finished,FETCHED,COMPLETE,FULL_MATCH,0,0
2026-08-29,2026-08-29,1,0,2026-08-29T14:30:00+00:00,POR,Portugal,61,Liga Portugal,calendar-2026-27,2026/27,5887610,9780,Alverca,1567,Santa Clara,4,finished,FETCHED,COMPLETE,FULL_MATCH,2,2_PLUS
2026-08-29,2026-08-29,1,0,2026-08-29T14:30:00+00:00,POR,Portugal,61,Liga Portugal,calendar-2026-27,2026/27,5887611,158085,Arouca,10212,Marítimo,4,finished,FETCHED,COMPLETE,FULL_MATCH,1,1
2026-08-29,2026-08-29,1,0,2026-08-29T14:30:00+00:00,GER,Deutschland,208,3. Liga,calendar-2026-27,2026/27,5905872,94940,Hoffenheim II,7789,Jahn Regensburg,3,finished,FETCHED,COMPLETE,FULL_MATCH,4,2_PLUS
2026-08-29,2026-08-29,1,0,2026-08-29T15:00:00+00:00,CZE,Tschechien,122,1. Liga,calendar-2026-27,2026/27,5831150,1673,FC Zbrojovka Brno,1860,FC Zlín,6,finished,FETCHED,COMPLETE,FULL_MATCH,4,2_PLUS
2026-08-29,2026-08-29,1,0,2026-08-29T15:00:00+00:00,AUT,Österreich,38,Bundesliga,calendar-2026-27,2026/27,5845976,10012,Grazer AK,1954,Wolfsberger AC,5,finished,FETCHED,COMPLETE,FULL_MATCH,0,0
2026-08-29,2026-08-29,1,0,2026-08-29T15:00:00+00:00,ESP,Spanien,87,LaLiga,calendar-2026-27,2026/27,5868035,8581,Levante,8603,Real Betis,3,finished,FETCHED,COMPLETE,FULL_MATCH,3,2_PLUS
2026-08-29,2026-08-29,1,0,2026-08-29T15:00:00+00:00,ESP,Spanien,140,LaLiga2,calendar-2026-27,2026/27,5868424,4033,Sabadell,9865,Almería,3,finished,FETCHED,COMPLETE,FULL_MATCH,1,1
2026-08-29,2026-08-29,1,0,2026-08-29T15:00:00+00:00,ESP,Spanien,9907,Liga F,calendar-2026-27,2026/27,5882271,1186241,Eibar (W),688194,Espanyol (W),1,finished,FETCHED,COMPLETE,FULL_MATCH,1,1
2026-08-29,2026-08-29,1,0,2026-08-29T15:00:00+00:00,CZE,Tschechien,122,1. Liga,calendar-2026-27,2026/27,5943690,2406,Pardubice,106189,Artis Brno,6,finished,FETCHED,COMPLETE,FULL_MATCH,2,2_PLUS
2026-08-29,2026-08-29,1,0,2026-08-29T15:15:00+00:00,FRA,Frankreich,53,Ligue 1,calendar-2026-27,2026/27,5802917,9848,Strasbourg,8588,Lens,2,finished,FETCHED,COMPLETE,FULL_MATCH,2,2_PLUS
2026-08-29,2026-08-29,1,0,2026-08-29T15:30:00+00:00,SWE,Schweden,67,Allsvenskan,calendar-2026-27,2026/27,5107588,8310,Halmstads BK,9892,Kalmar FF,19,finished,FETCHED,COMPLETE,FULL_MATCH,1,1
2026-08-29,2026-08-29,1,0,2026-08-29T15:30:00+00:00,POL,Polen,196,Ekstraklasa,calendar-2026-27,2026/27,5803965,10265,Wisła Kraków,1286895,Wieczysta Kraków,6,finished,FETCHED,COMPLETE,FULL_MATCH,2,2_PLUS
2026-08-29,2026-08-29,1,0,2026-08-29T15:30:00+00:00,ROU,Rumänien,189,Liga I,calendar-2026-27,2026/27,5853483,9732,FC Argeș Pitesti,583706,Sepsi OSK,7,finished,FETCHED,COMPLETE,FULL_MATCH,1,1
2026-08-29,2026-08-29,1,0,2026-08-29T16:00:00+00:00,LVA,Lettland,226,Virsliga,calendar-2026-27,2026/27,5162052,2106,Auda,981193,SK Super Nova,28,finished,FETCHED,COMPLETE,FULL_MATCH,1,1
2026-08-29,2026-08-29,1,0,2026-08-29T16:00:00+00:00,SVK,Slowakei,176,1. liga,calendar-2026-27,2026/27,5772170,6496,Trenčín,10186,Ružomberok,6,finished,FETCHED,COMPLETE,FULL_MATCH,2,2_PLUS
2026-08-29,2026-08-29,1,0,2026-08-29T16:00:00+00:00,SVK,Slowakei,176,1. liga,calendar-2026-27,2026/27,5772171,2437,Zeleziarne Podbrezová,969268,FC Košice,6,finished,FETCHED,COMPLETE,FULL_MATCH,2,2_PLUS
2026-08-29,2026-08-29,1,0,2026-08-29T16:00:00+00:00,SUI,Schweiz,69,Super League,calendar-2026-27,2026/27,5804244,7730,Lausanne,10243,FC Zürich,5,finished,FETCHED,COMPLETE,FULL_MATCH,4,2_PLUS
2026-08-29,2026-08-29,1,0,2026-08-29T16:00:00+00:00,SUI,Schweiz,69,Super League,calendar-2026-27,2026/27,5804245,9777,Servette,10199,Luzern,5,finished,FETCHED,COMPLETE,FULL_MATCH,0,0
2026-08-29,2026-08-29,1,0,2026-08-29T16:00:00+00:00,TUR,Türkei,71,Süper Lig,calendar-2026-27,2026/27,5904727,8622,Konyaspor,1569,Kocaelispor,3,finished,FETCHED,COMPLETE,FULL_MATCH,2,2_PLUS
2026-08-29,2026-08-29,1,0,2026-08-29T16:00:00+00:00,TUR,Türkei,165,1. Lig,calendar-2026-27,2026/27,5908607,10182,Kayserispor,10270,Bursaspor,4,finished,FETCHED,COMPLETE,FULL_MATCH,2,2_PLUS
2026-08-29,2026-08-29,1,0,2026-08-29T16:00:00+00:00,TUR,Türkei,165,1. Lig,calendar-2026-27,2026/27,5908608,106560,İstanbulspor,2088,Karagümrük,4,finished,FETCHED,COMPLETE,FULL_MATCH,0,0
2026-08-29,2026-08-29,1,0,2026-08-29T16:05:00+00:00,KSA,Saudi-Arabien,536,Saudi Pro League,calendar-2026-27,2026/27,5970111,1523706,Al Kholood,2530,Al Ahli,4,finished,FETCHED,COMPLETE,FULL_MATCH,3,2_PLUS
2026-08-29,2026-08-29,1,0,2026-08-29T16:15:00+00:00,BEL,Belgien,40,First Division A,calendar-2026-27,2026/27,5811738,8571,Kortrijk,9986,Sporting Charleroi,4,finished,FETCHED,COMPLETE,FULL_MATCH,2,2_PLUS
2026-08-29,2026-08-29,1,0,2026-08-29T16:30:00+00:00,ITA,Italien,55,Serie A,calendar-2026-27,2026/27,5749653,8535,Fiorentina,9891,Frosinone,2,finished,FETCHED,COMPLETE,FULL_MATCH,1,1
2026-08-29,2026-08-29,1,0,2026-08-29T16:30:00+00:00,ITA,Italien,55,Serie A,calendar-2026-27,2026/27,5749657,6504,Monza,8600,Udinese,2,finished,FETCHED,COMPLETE,FULL_MATCH,1,1
2026-08-29,2026-08-29,1,0,2026-08-29T16:30:00+00:00,ITA,Italien,55,Serie A,calendar-2026-27,2026/27,5749659,7943,Sassuolo,9804,Torino,2,finished,FETCHED,COMPLETE,FULL_MATCH,1,1
2026-08-29,2026-08-29,1,0,2026-08-29T16:30:00+00:00,CRO,Kroatien,252,HNL,calendar-2026-27,2026/27,5765915,6038,NK Istra 1961,10156,Dinamo Zagreb,5,finished,FETCHED,COMPLETE,FULL_MATCH,1,1
2026-08-29,2026-08-29,1,0,2026-08-29T16:30:00+00:00,ENG,England,47,Premier League,calendar-2026-27,2026/27,5795434,8586,Tottenham,10261,Newcastle,2,finished,FETCHED,COMPLETE,FULL_MATCH,2,2_PLUS
2026-08-29,2026-08-29,1,0,2026-08-29T16:30:00+00:00,GER,Deutschland,54,Bundesliga,calendar-2026-27,2026/27,5881145,9789,Dortmund,9790,Hamburger SV,1,finished,FETCHED,COMPLETE,FULL_MATCH,0,0
2026-08-29,2026-08-29,1,0,2026-08-29T16:30:00+00:00,GRE,Griechenland,135,Super League 1,calendar-2026-27,2026/27,5943238,885256,NFC Volos,8675,Iraklis,2,finished,FETCHED,COMPLETE,FULL_MATCH,1,1
2026-08-29,2026-08-29,1,0,2026-08-29T16:30:00+00:00,QAT,Katar,535,Qatar Stars League,calendar-2026-27,2026/27,5952259,568590,Al-Shahaniya,101905,Al-Sailiya,2,finished,FETCHED,COMPLETE,FULL_MATCH,3,2_PLUS
2026-08-29,2026-08-29,1,0,2026-08-29T16:30:00+00:00,UAE,Vereinigte Arabische Emirate,538,Pro League,calendar-2026-27,2026/27,5961829,102117,Al-Ain,102123,Al-Nasr SC,3,finished,FETCHED,COMPLETE,FULL_MATCH,2,2_PLUS
2026-08-29,2026-08-29,1,0,2026-08-29T16:45:00+00:00,NED,Niederlande,57,Eredivisie,calendar-2026-27,2026/27,5781724,10229,AZ Alkmaar,6433,Go Ahead Eagles,4,finished,FETCHED,COMPLETE,FULL_MATCH,4,2_PLUS
2026-08-29,2026-08-29,1,0,2026-08-29T17:00:00+00:00,SRB,Serbien,182,Super Liga,calendar-2026-27,2026/27,1000015113,676141,Železničar Pančevo,463461,FK Radnik Surdulica,7,finished,FETCHED,COMPLETE,FULL_MATCH,5,2_PLUS
2026-08-29,2026-08-29,1,0,2026-08-29T17:00:00+00:00,ISR,Israel,127,Ligat ha'Al,calendar-2026-27,2026/27,1000015254,8718,Bnei Sakhnin,7929,Maccabi Petach Tikva,2,finished,FETCHED,COMPLETE,FULL_MATCH,1,1
2026-08-29,2026-08-29,1,0,2026-08-29T17:00:00+00:00,ISR,Israel,127,Ligat ha'Al,calendar-2026-27,2026/27,1000015257,89753,Hapoel Ramat Gan,9754,Hapoel Beer Sheva,2,finished,FETCHED,COMPLETE,FULL_MATCH,3,2_PLUS
2026-08-29,2026-08-29,1,0,2026-08-29T17:00:00+00:00,ISR,Israel,127,Ligat ha'Al,calendar-2026-27,2026/27,1000015259,9755,Hapoel Petah Tikva,459591,Hapoel Jerusalem FC,2,finished,FETCHED,COMPLETE,FULL_MATCH,0,0
2026-08-29,2026-08-29,1,0,2026-08-29T17:00:00+00:00,ISR,Israel,127,Ligat ha'Al,calendar-2026-27,2026/27,1000015260,2095,Hapoel Ironi Kiryat Shmona,543580,Ironi Tiberias,2,finished,FETCHED,COMPLETE,FULL_MATCH,1,1
2026-08-29,2026-08-29,1,0,2026-08-29T17:00:00+00:00,ISL,Island,215,Besta deildin,calendar-2026-27,2026/27,5225718,8299,ÍBV Vestmannaeyjar,4496,Thór Akureyri,21,finished,FETCHED,COMPLETE,FULL_MATCH,0,0
2026-08-29,2026-08-29,1,0,2026-08-29T17:00:00+00:00,RUS,Russland,63,Premier League,calendar-2026-27,2026/27,5847159,8708,Akhmat,8709,Krylya Sovetov,6,finished,FETCHED,COMPLETE,FULL_MATCH,2,2_PLUS
2026-08-29,2026-08-29,1,0,2026-08-29T17:00:00+00:00,RUS,Russland,63,Premier League,calendar-2026-27,2026/27,5847163,8710,Lokomotiv,9763,Dinamo,6,finished,FETCHED,COMPLETE,FULL_MATCH,1,1
2026-08-29,2026-08-29,1,0,2026-08-29T17:00:00+00:00,ESP,Spanien,87,LaLiga,calendar-2026-27,2026/27,5868039,8560,Real Sociedad,8558,Espanyol,3,finished,FETCHED,COMPLETE,FULL_MATCH,1,1
2026-08-29,2026-08-29,1,0,2026-08-29T17:00:00+00:00,ESP,Spanien,140,LaLiga2,calendar-2026-27,2026/27,5868415,8393,Albacete,8670,Real Oviedo,3,finished,FETCHED,COMPLETE,FULL_MATCH,0,0
2026-08-29,2026-08-29,1,0,2026-08-29T17:00:00+00:00,ESP,Spanien,140,LaLiga2,calendar-2026-27,2026/27,5868422,7854,Leganés,8288,Eldense,3,finished,FETCHED,COMPLETE,FULL_MATCH,1,1
2026-08-29,2026-08-29,1,0,2026-08-29T17:00:00+00:00,POR,Portugal,61,Liga Portugal,calendar-2026-27,2026/27,5887609,1786,Académico Viseu,9773,FC Porto,4,finished,FETCHED,COMPLETE,FULL_MATCH,0,0
2026-08-29,2026-08-29,1,0,2026-08-29T17:00:00+00:00,ITA,Italien,86,Serie B,calendar-2026-27,2026/27,5967054,208932,Virtus Entella,584022,Cesena,2,finished,FETCHED,COMPLETE,FULL_MATCH,0,0
2026-08-29,2026-08-29,1,0,2026-08-29T17:00:00+00:00,ITA,Italien,86,Serie B,calendar-2026-27,2026/27,5967058,9882,Sampdoria,6106,Juve Stabia,2,finished,FETCHED,COMPLETE,FULL_MATCH,2,2_PLUS
2026-08-29,2026-08-29,1,0,2026-08-29T17:30:00+00:00,ISR,Israel,127,Ligat ha'Al,calendar-2026-27,2026/27,1000015255,8173,Beitar Jerusalem,1832,Maccabi Netanya,2,finished,FETCHED,COMPLETE,FULL_MATCH,5,2_PLUS
2026-08-29,2026-08-29,1,0,2026-08-29T17:30:00+00:00,AUT,Österreich,38,Bundesliga,calendar-2026-27,2026/27,5845977,9977,LASK,10008,Altach,5,finished,FETCHED,COMPLETE,FULL_MATCH,1,1
2026-08-29,2026-08-29,1,0,2026-08-29T17:45:00+00:00,ARG,Argentinien,112,Liga Profesional,calendar-2026-27,2026/27,5115968,298629,Deportivo Riestra,10079,Vélez Sarsfield,7,finished,FETCHED,COMPLETE,FULL_MATCH,2,2_PLUS
2026-08-29,2026-08-29,1,0,2026-08-29T18:00:00+00:00,ECU,Ecuador,246,Serie A,calendar-2026-27,2026/27,1000009083,192875,Independiente del Valle,113053,Universidad Católica,27,finished,FETCHED,COMPLETE,FULL_MATCH,4,2_PLUS
2026-08-29,2026-08-29,1,0,2026-08-29T18:00:00+00:00,CAN,Kanada,10872,Northern Super League,calendar-2026-27,2026/27,1000009209,1739717,Montréal Roses FC,1739714,Halifax Tides FC,Regular Season,finished,FETCHED,COMPLETE,FULL_MATCH,1,1
2026-08-29,2026-08-29,1,0,2026-08-29T18:00:00+00:00,BEL,Belgien,264,First Division B,calendar-2026-27,2026/27,1000015457,274583,Patro Eisden,1173026,Club Brugge NXT,3,finished,FETCHED,COMPLETE,FULL_MATCH,2,2_PLUS
2026-08-29,2026-08-29,1,0,2026-08-29T18:00:00+00:00,PER,Peru,131,Liga 1,calendar-2026-27,2026/27,1000017211,741328,Los Chankas,1573153,ADC Juan Pablo II,Clausura - Round 7,finished,FETCHED,COMPLETE,FULL_MATCH,2,2_PLUS
2026-08-29,2026-08-29,1,0,2026-08-29T18:00:00+00:00,FRA,Frankreich,110,Ligue 2,calendar-2026-27,2026/27,5803239,9747,Guingamp,9830,Nantes,4,finished,FETCHED,COMPLETE,FULL_MATCH,3,2_PLUS
2026-08-29,2026-08-29,1,0,2026-08-29T18:00:00+00:00,CZE,Tschechien,122,1. Liga,calendar-2026-27,2026/27,5831153,6362,Baník Ostrava,6461,Sigma Olomouc,6,finished,FETCHED,COMPLETE,FULL_MATCH,0,0
2026-08-29,2026-08-29,1,0,2026-08-29T18:00:00+00:00,KSA,Saudi-Arabien,536,Saudi Pro League,calendar-2026-27,2026/27,5970112,101915,Al-Ettifaq,1787233,Al Diriyah,4,finished,FETCHED,COMPLETE,FULL_MATCH,2,2_PLUS
2026-08-29,2026-08-29,1,0,2026-08-29T18:00:00+00:00,KSA,Saudi-Arabien,536,Saudi Pro League,calendar-2026-27,2026/27,5970113,177356,Al Fateh FC,8577,Al Ittihad,4,finished,FETCHED,COMPLETE,FULL_MATCH,0,0
2026-08-29,2026-08-29,1,0,2026-08-29T18:15:00+00:00,POL,Polen,196,Ekstraklasa,calendar-2026-27,2026/27,5803967,8021,Zagłębie Lubin,8023,Pogoń Szczecin,6,finished,FETCHED,COMPLETE,FULL_MATCH,0,0
2026-08-29,2026-08-29,1,0,2026-08-29T18:30:00+00:00,SVK,Slowakei,176,1. liga,calendar-2026-27,2026/27,5772168,2169,Dukla Banská Bystrica,611956,Komárno,6,finished,FETCHED,COMPLETE,FULL_MATCH,2,2_PLUS
2026-08-29,2026-08-29,1,0,2026-08-29T18:30:00+00:00,SUI,Schweiz,69,Super League,calendar-2026-27,2026/27,5804246,10192,Young Boys,9931,Basel,5,finished,FETCHED,COMPLETE,FULL_MATCH,1,1
2026-08-29,2026-08-29,1,0,2026-08-29T18:30:00+00:00,ROU,Rumänien,189,Liga I,calendar-2026-27,2026/27,5853480,1515102,Corvinul Hunedoara,10271,Dinamo București,7,finished,FETCHED,COMPLETE,FULL_MATCH,1,1
2026-08-29,2026-08-29,1,0,2026-08-29T18:30:00+00:00,GER,Deutschland,146,2. Bundesliga,calendar-2026-27,2026/27,5881652,8165,1. FC Nürnberg,9912,Arminia Bielefeld,3,finished,FETCHED,COMPLETE,FULL_MATCH,2,2_PLUS
2026-08-29,2026-08-29,1,0,2026-08-29T18:30:00+00:00,TUR,Türkei,71,Süper Lig,calendar-2026-27,2026/27,5904722,4081,Gaziantep FK,2166,Rizespor,3,finished,FETCHED,COMPLETE,FULL_MATCH,1,1
2026-08-29,2026-08-29,1,0,2026-08-29T18:30:00+00:00,TUR,Türkei,71,Süper Lig,calendar-2026-27,2026/27,5904728,8637,Galatasaray,1925,Göztepe,3,finished,FETCHED,COMPLETE,FULL_MATCH,3,2_PLUS
2026-08-29,2026-08-29,1,0,2026-08-29T18:30:00+00:00,TUR,Türkei,165,1. Lig,calendar-2026-27,2026/27,5908611,163008,Batman Petrolspor,6265,Sivasspor,4,finished,FETCHED,COMPLETE,FULL_MATCH,2,2_PLUS
2026-08-29,2026-08-29,1,0,2026-08-29T18:30:00+00:00,TUR,Türkei,165,1. Lig,calendar-2026-27,2026/27,5908612,1088486,Mardin 1969 Spor,146408,Van Spor Kulübü,4,finished,FETCHED,COMPLETE,FULL_MATCH,2,2_PLUS
2026-08-29,2026-08-29,1,0,2026-08-29T18:30:00+00:00,GRE,Griechenland,135,Super League 1,calendar-2026-27,2026/27,5943237,162386,Panetolikos,1585,Kalamata,2,finished,FETCHED,COMPLETE,FULL_MATCH,1,1
2026-08-29,2026-08-29,1,0,2026-08-29T18:45:00+00:00,ITA,Italien,55,Serie A,calendar-2026-27,2026/27,5749654,9885,Juventus,10167,Parma,2,finished,FETCHED,COMPLETE,FULL_MATCH,2,2_PLUS
2026-08-29,2026-08-29,1,0,2026-08-29T18:45:00+00:00,FRA,Frankreich,53,Ligue 1,calendar-2026-27,2026/27,5802910,8583,Auxerre,8121,Angers,2,finished,FETCHED,COMPLETE,FULL_MATCH,2,2_PLUS
2026-08-29,2026-08-29,1,0,2026-08-29T18:45:00+00:00,FRA,Frankreich,53,Ligue 1,calendar-2026-27,2026/27,5802911,8521,Brest,9941,Toulouse,2,finished,FETCHED,COMPLETE,FULL_MATCH,2,2_PLUS
2026-08-29,2026-08-29,1,0,2026-08-29T18:45:00+00:00,FRA,Frankreich,53,Ligue 1,calendar-2026-27,2026/27,5802912,8689,Lorient,10242,Troyes,2,finished,FETCHED,COMPLETE,FULL_MATCH,1,1
2026-08-29,2026-08-29,1,0,2026-08-29T18:45:00+00:00,FRA,Frankreich,53,Ligue 1,calendar-2026-27,2026/27,5802913,9748,Lyon,9746,Le Havre,2,finished,FETCHED,COMPLETE,FULL_MATCH,2,2_PLUS
2026-08-29,2026-08-29,1,0,2026-08-29T18:45:00+00:00,BEL,Belgien,40,First Division A,calendar-2026-27,2026/27,5811739,9984,Cercle Brugge,6702,Lommel,4,finished,FETCHED,COMPLETE,FULL_MATCH,1,1
2026-08-29,2026-08-29,1,0,2026-08-29T18:45:00+00:00,BEL,Belgien,40,First Division A,calendar-2026-27,2026/27,5811740,1773,OH Leuven,9985,Standard Liège,4,finished,FETCHED,COMPLETE,FULL_MATCH,2,2_PLUS
2026-08-29,2026-08-29,1,0,2026-08-29T19:00:00+00:00,SRB,Serbien,182,Super Liga,calendar-2026-27,2026/27,1000015112,187854,Novi Pazar,563180,Mačva Šabac,7,finished,FETCHED,COMPLETE,FULL_MATCH,2,2_PLUS
2026-08-29,2026-08-29,1,0,2026-08-29T19:00:00+00:00,SRB,Serbien,182,Super Liga,calendar-2026-27,2026/27,1000015114,6374,Čukarički,6406,Vojvodina,7,finished,FETCHED,COMPLETE,FULL_MATCH,3,2_PLUS
2026-08-29,2026-08-29,1,0,2026-08-29T19:00:00+00:00,SRB,Serbien,182,Super Liga,calendar-2026-27,2026/27,1000015118,6410,Radnički Niš,1675,FK Radnički 1923,7,finished,FETCHED,COMPLETE,FULL_MATCH,1,1
2026-08-29,2026-08-29,1,0,2026-08-29T19:00:00+00:00,PAR,Paraguay,199,Division Profesional,calendar-2026-27,2026/27,1000017390,59844,Sportivo Trinidense,49688,2 de Mayo,Clausura - Round 7,finished,FETCHED,COMPLETE,FULL_MATCH,1,1
2026-08-29,2026-08-29,1,0,2026-08-29T19:00:00+00:00,CRO,Kroatien,252,HNL,calendar-2026-27,2026/27,5765918,10165,NK Varaždin,187866,Rudeš,5,finished,FETCHED,COMPLETE,FULL_MATCH,2,2_PLUS
2026-08-29,2026-08-29,1,0,2026-08-29T19:00:00+00:00,NED,Niederlande,57,Eredivisie,calendar-2026-27,2026/27,5781725,6413,PEC Zwolle,8464,NEC Nijmegen,4,finished,FETCHED,COMPLETE,FULL_MATCH,1,1
2026-08-29,2026-08-29,1,0,2026-08-29T19:00:00+00:00,ESP,Spanien,9907,Liga F,calendar-2026-27,2026/27,5882272,603631,Madrid CFF (W),603629,Granada (W),1,finished,FETCHED,COMPLETE,FULL_MATCH,2,2_PLUS
2026-08-29,2026-08-29,1,0,2026-08-29T19:00:00+00:00,ITA,Italien,86,Serie B,calendar-2026-27,2026/27,5967050,8522,Ascoli,6488,Carrarese,2,finished,FETCHED,COMPLETE,FULL_MATCH,2,2_PLUS
2026-08-29,2026-08-29,1,0,2026-08-29T19:00:00+00:00,ITA,Italien,86,Serie B,calendar-2026-27,2026/27,5967051,6722,Avellino,145007,LR Vicenza,2,finished,FETCHED,COMPLETE,FULL_MATCH,1,1
2026-08-29,2026-08-29,1,0,2026-08-29T19:00:00+00:00,ITA,Italien,86,Serie B,calendar-2026-27,2026/27,5967056,583944,Padova,9876,Hellas Verona,2,finished,FETCHED,COMPLETE,FULL_MATCH,1,1
2026-08-29,2026-08-29,1,0,2026-08-29T19:30:00+00:00,ESP,Spanien,87,LaLiga,calendar-2026-27,2026/27,5868040,8302,Sevilla,9906,Atlético Madrid,3,finished,FETCHED,COMPLETE,FULL_MATCH,1,1
2026-08-29,2026-08-29,1,0,2026-08-29T19:30:00+00:00,ESP,Spanien,140,LaLiga2,calendar-2026-27,2026/27,5868421,7732,Girona,8306,Las Palmas,3,finished,FETCHED,COMPLETE,FULL_MATCH,6,2_PLUS
2026-08-29,2026-08-29,1,0,2026-08-29T20:00:00+00:00,ARG,Argentinien,112,Liga Profesional,calendar-2026-27,2026/27,5115974,10084,Rosario Central,10103,Gimnasia LP,7,finished,FETCHED,COMPLETE,FULL_MATCH,3,2_PLUS
2026-08-29,2026-08-29,1,0,2026-08-29T20:30:00+00:00,PER,Peru,131,Liga 1,calendar-2026-27,2026/27,1000017217,425692,CD UT Cajamarca,4409,Universitario de Deportes,Clausura - Round 7,finished,FETCHED,COMPLETE,FULL_MATCH,3,2_PLUS
2026-08-29,2026-08-29,1,0,2026-08-29T20:30:00+00:00,USA,USA,130,MLS,calendar-2026-27,2026/27,5071311,130394,Seattle Sounders,6397,Chicago,22,finished,FETCHED,COMPLETE,FULL_MATCH,2,2_PLUS
2026-08-29,2026-08-29,1,0,2026-08-29T21:00:00+00:00,CAN,Kanada,9986,Premier League,calendar-2026-27,2026/27,1000008695,1022952,Cavalry FC,1436202,Vancouver FC,20,finished,FETCHED,COMPLETE,FULL_MATCH,1,1
2026-08-29,2026-08-29,1,0,2026-08-29T21:00:00+00:00,ECU,Ecuador,246,Serie A,calendar-2026-27,2026/27,1000009082,194754,Guayaquil City,6721,LDU de Quito,27,finished,FETCHED,COMPLETE,FULL_MATCH,1,1
2026-08-29,2026-08-29,1,0,2026-08-29T21:00:00+00:00,USA,USA,8972,USL Championship,calendar-2026-27,2026/27,5109922,267816,Pittsburgh Riverhounds SC,197328,Tampa Bay Rowdies,1,finished,FETCHED,COMPLETE,FULL_MATCH,0,0
2026-08-29,2026-08-29,1,0,2026-08-29T21:25:00+00:00,COL,Kolumbien,274,Primera A,calendar-2026-27,2026/27,1000014123,424270,CD Jaguares,10280,América de Cali,Clausura - Round 8,finished,FETCHED,COMPLETE,FULL_MATCH,1,1
2026-08-29,2026-08-29,1,0,2026-08-29T21:30:00+00:00,CHI,Chile,273,Liga de Primera,calendar-2026-27,2026/27,1000013217,584840,Deportes Limache,1890,Everton CD,21,finished,FETCHED,COMPLETE,FULL_MATCH,1,1
2026-08-29,2026-08-29,1,0,2026-08-29T21:30:00+00:00,PAR,Paraguay,199,Division Profesional,calendar-2026-27,2026/27,1000017392,1427854,Recoleta,6619,Olimpia,Clausura - Round 7,finished,FETCHED,COMPLETE,FULL_MATCH,1,1
2026-08-29,2026-08-29,1,0,2026-08-29T21:30:00+00:00,BRA,Brasilien,268,Serie A,calendar-2026-27,2026/27,5103609,10272,Atlético-MG,7733,Vitória,25,finished,FETCHED,COMPLETE,FULL_MATCH,2,2_PLUS
2026-08-29,2026-08-29,1,0,2026-08-29T21:30:00+00:00,BRA,Brasilien,8814,Serie B,calendar-2026-27,2026/27,5190679,8355,Botafogo SP,197815,Cuiabá,25,finished,FETCHED,COMPLETE,FULL_MATCH,3,2_PLUS
2026-08-29,"2026-08-29,2026-08-30",2,1,2026-08-29T22:00:00+00:00,CAN,Kanada,10872,Northern Super League,calendar-2026-27,2026/27,1000009210,1739724,Vancouver Rise FC,1739712,Calgary Wild FC,Regular Season,finished,FETCHED,COMPLETE,FULL_MATCH,1,1
2026-08-29,"2026-08-29,2026-08-30",2,1,2026-08-29T22:00:00+00:00,ARG,Argentinien,112,Liga Profesional,calendar-2026-27,2026/27,5115970,10081,Huracán,213591,Estudiantes de Río Cuarto,7,finished,FETCHED,COMPLETE,FULL_MATCH,0,0
2026-08-29,"2026-08-29,2026-08-30",2,1,2026-08-29T22:30:00+00:00,USA,USA,9134,NWSL,calendar-2026-27,2026/27,5161619,1237561,Kansas City Current (W),243295,North Carolina Courage (W),0,finished,FETCHED,COMPLETE,FULL_MATCH,1,1
2026-08-29,"2026-08-29,2026-08-30",2,1,2026-08-29T23:00:00+00:00,USA,USA,10282,MLS Next Pro,calendar-2026-27,2026/27,1000007743,540884,Chattanooga FC,1610955,Carolina Core FC,27,finished,FETCHED,COMPLETE,FULL_MATCH,6,2_PLUS
2026-08-29,"2026-08-29,2026-08-30",2,1,2026-08-29T23:00:00+00:00,USA,USA,10282,MLS Next Pro,calendar-2026-27,2026/27,1000008074,1880719,Connecticut United,614318,Red Bull New York  II,27,finished,FETCHED,COMPLETE,FULL_MATCH,5,2_PLUS
2026-08-29,"2026-08-29,2026-08-30",2,1,2026-08-29T23:00:00+00:00,MEX,Mexiko,230,Liga MX,calendar-2026-27,2026/27,1000014547,6577,Atlas,1943,Querétaro,6,finished,FETCHED,COMPLETE,FULL_MATCH,2,2_PLUS
2026-08-29,"2026-08-29,2026-08-30",2,1,2026-08-29T23:00:00+00:00,MEX,Mexiko,230,Liga MX,calendar-2026-27,2026/27,1000014548,7848,Pachuca,7807,Chivas,6,finished,FETCHED,COMPLETE,FULL_MATCH,1,1
2026-08-29,"2026-08-29,2026-08-30",2,1,2026-08-29T23:00:00+00:00,BRA,Brasilien,268,Serie A,calendar-2026-27,2026/27,5103606,10277,São Paulo,109705,RB Bragantino,25,finished,FETCHED,COMPLETE,FULL_MATCH,1,1
2026-08-29,"2026-08-29,2026-08-30",2,1,2026-08-29T23:00:00+00:00,USA,USA,9296,USL League One,calendar-2026-27,2026/27,5109523,1004918,Chattanooga Red Wolves SC,1877675,Boise,26,finished,FETCHED,COMPLETE,FULL_MATCH,4,2_PLUS
2026-08-29,"2026-08-29,2026-08-30",2,1,2026-08-29T23:00:00+00:00,USA,USA,9296,USL League One,calendar-2026-27,2026/27,5109524,1004920,Greenville Triumph SC,1701877,FC Naples,26,finished,FETCHED,COMPLETE,FULL_MATCH,3,2_PLUS
2026-08-29,"2026-08-29,2026-08-30",2,1,2026-08-29T23:00:00+00:00,USA,USA,9296,USL League One,calendar-2026-27,2026/27,5109525,1701883,Portland Hearts of Pine,1358072,Fort Wayne,26,finished,FETCHED,COMPLETE,FULL_MATCH,3,2_PLUS
2026-08-29,"2026-08-29,2026-08-30",2,1,2026-08-29T23:00:00+00:00,USA,USA,9296,USL League One,calendar-2026-27,2026/27,5109526,267811,Richmond Kickers,1004919,Forward Madison FC,26,finished,FETCHED,COMPLETE,FULL_MATCH,2,2_PLUS
2026-08-29,"2026-08-29,2026-08-30",2,1,2026-08-29T23:00:00+00:00,USA,USA,9296,USL League One,calendar-2026-27,2026/27,5109528,1706430,Westchester SC,1584038,Spokane Velocity FC,26,finished,FETCHED,COMPLETE,FULL_MATCH,1,1
2026-08-29,"2026-08-29,2026-08-30",2,1,2026-08-29T23:00:00+00:00,USA,USA,8972,USL Championship,calendar-2026-27,2026/27,5109911,1877733,Brooklyn,1737991,Sporting JAX,1,finished,FETCHED,COMPLETE,FULL_MATCH,2,2_PLUS
2026-08-29,"2026-08-29,2026-08-30",2,1,2026-08-29T23:00:00+00:00,USA,USA,8972,USL Championship,calendar-2026-27,2026/27,5109914,1003206,Hartford Athletic,1003207,Birmingham Legion FC,1,finished,FETCHED,COMPLETE,FULL_MATCH,1,1
2026-08-29,"2026-08-29,2026-08-30",2,1,2026-08-29T23:00:00+00:00,USA,USA,8972,USL Championship,calendar-2026-27,2026/27,5109916,1430405,Lexington SC,614321,Colorado Springs Switchbacks FC,1,finished,FETCHED,COMPLETE,FULL_MATCH,1,1
2026-08-29,"2026-08-29,2026-08-30",2,1,2026-08-29T23:30:00+00:00,COL,Kolumbien,274,Primera A,calendar-2026-27,2026/27,1000014124,2254,Junior FC,7818,Santa Fe,Clausura - Round 8,finished,FETCHED,COMPLETE,FULL_MATCH,2,2_PLUS
2026-08-29,"2026-08-29,2026-08-30",2,1,2026-08-29T23:30:00+00:00,USA,USA,130,MLS,calendar-2026-27,2026/27,5071306,773958,Atlanta United,1323940,Charlotte FC,22,finished,FETCHED,COMPLETE,FULL_MATCH,1,1
2026-08-29,"2026-08-29,2026-08-30",2,1,2026-08-29T23:30:00+00:00,USA,USA,130,MLS,calendar-2026-27,2026/27,5071308,6602,DC United,867280,LAFC,22,finished,FETCHED,COMPLETE,FULL_MATCH,0,0
2026-08-29,"2026-08-29,2026-08-30",2,1,2026-08-29T23:30:00+00:00,USA,USA,130,MLS,calendar-2026-27,2026/27,5071309,960720,Inter Miami CF,161195,Montreal,22,finished,FETCHED,COMPLETE,FULL_MATCH,5,2_PLUS
2026-08-29,"2026-08-29,2026-08-30",2,1,2026-08-29T23:30:00+00:00,USA,USA,130,MLS,calendar-2026-27,2026/27,5071310,6514,NY Red Bulls,191716,Philadelphia,22,finished,FETCHED,COMPLETE,FULL_MATCH,3,2_PLUS
2026-08-29,"2026-08-29,2026-08-30",2,1,2026-08-29T23:30:00+00:00,USA,USA,130,MLS,calendar-2026-27,2026/27,5071312,56453,Toronto,546238,NYCFC,22,finished,FETCHED,COMPLETE,FULL_MATCH,1,1
2026-08-29,"2026-08-29,2026-08-30",2,1,2026-08-30T00:00:00+00:00,ECU,Ecuador,246,Serie A,calendar-2026-27,2026/27,1000009081,162922,Manta,6453,Barcelona SC,27,finished,FETCHED,COMPLETE,FULL_MATCH,1,1
2026-08-29,"2026-08-29,2026-08-30",2,1,2026-08-30T00:00:00+00:00,CHI,Chile,273,Liga de Primera,calendar-2026-27,2026/27,1000013218,49559,Ñublense,4134,Deportes Concepción,21,finished,FETCHED,COMPLETE,FULL_MATCH,0,0
2026-08-29,"2026-08-29,2026-08-30",2,1,2026-08-30T00:00:00+00:00,USA,USA,9296,USL League One,calendar-2026-27,2026/27,5109527,1121685,Union Omaha,422694,Cosmos,26,finished,FETCHED,COMPLETE,FULL_MATCH,0,0
2026-08-29,"2026-08-29,2026-08-30",2,1,2026-08-30T00:00:00+00:00,USA,USA,8972,USL Championship,calendar-2026-27,2026/27,5109917,614316,Louisville City FC,540855,Detroit City FC,1,finished,FETCHED,COMPLETE,FULL_MATCH,0,0
2026-08-29,"2026-08-29,2026-08-30",2,1,2026-08-30T00:00:00+00:00,USA,USA,8972,USL Championship,calendar-2026-27,2026/27,5109920,1130413,Oakland Roots SC,267813,Orange County SC,1,finished,FETCHED,COMPLETE,FULL_MATCH,1,1
2026-08-29,"2026-08-29,2026-08-30",2,1,2026-08-30T00:00:00+00:00,USA,USA,9134,NWSL,calendar-2026-27,2026/27,5161620,728922,Orlando Pride (W),923654,Utah Royals (W),0,finished,FETCHED,COMPLETE,FULL_MATCH,2,2_PLUS
2026-08-29,"2026-08-29,2026-08-30",2,1,2026-08-30T00:20:00+00:00,BRA,Brasilien,268,Serie A,calendar-2026-27,2026/27,5103605,10276,Vasco da Gama,9781,Cruzeiro,25,finished,FETCHED,COMPLETE,FULL_MATCH,3,2_PLUS
2026-08-29,"2026-08-29,2026-08-30",2,1,2026-08-30T00:30:00+00:00,PER,Peru,131,Liga 1,calendar-2026-27,2026/27,1000017214,6398,Alianza Lima,920788,Deportivo Garcilaso,Clausura - Round 7,finished,FETCHED,COMPLETE,FULL_MATCH,0,0
2026-08-29,"2026-08-29,2026-08-30",2,1,2026-08-30T00:30:00+00:00,USA,USA,130,MLS,calendar-2026-27,2026/27,5071314,8259,Houston,6603,San Jose,22,finished,FETCHED,COMPLETE,FULL_MATCH,0,0
2026-08-29,"2026-08-29,2026-08-30",2,1,2026-08-30T00:30:00+00:00,USA,USA,130,MLS,calendar-2026-27,2026/27,5071315,6604,Sporting KC,307691,Vancouver,22,finished,FETCHED,COMPLETE,FULL_MATCH,2,2_PLUS
2026-08-29,"2026-08-29,2026-08-30",2,1,2026-08-30T00:30:00+00:00,USA,USA,130,MLS,calendar-2026-27,2026/27,5071316,207242,Minnesota,267810,Orlando,22,finished,FETCHED,COMPLETE,FULL_MATCH,5,2_PLUS
2026-08-29,"2026-08-29,2026-08-30",2,1,2026-08-30T00:30:00+00:00,USA,USA,130,MLS,calendar-2026-27,2026/27,5071317,915807,Nashville SC,722265,Cincinnati,22,finished,FETCHED,COMPLETE,FULL_MATCH,3,2_PLUS
2026-08-29,"2026-08-29,2026-08-30",2,1,2026-08-30T00:30:00+00:00,USA,USA,8972,USL Championship,calendar-2026-27,2026/27,5109913,614325,FC Tulsa,1597140,Rhode Island FC,1,finished,FETCHED,COMPLETE,FULL_MATCH,0,0
2026-08-29,"2026-08-29,2026-08-30",2,1,2026-08-30T00:30:00+00:00,ARG,Argentinien,112,Liga Profesional,calendar-2026-27,2026/27,5115964,161727,Atlético Tucumán,10092,Belgrano,7,finished,FETCHED,COMPLETE,FULL_MATCH,0,0
2026-08-29,"2026-08-29,2026-08-30",2,1,2026-08-30T00:30:00+00:00,ARG,Argentinien,112,Liga Profesional,calendar-2026-27,2026/27,5115975,10101,Talleres,213596,Central Córdoba de Santiago,7,finished,FETCHED,COMPLETE,FULL_MATCH,0,0
2026-08-29,"2026-08-29,2026-08-30",2,1,2026-08-30T00:45:00+00:00,USA,USA,9134,NWSL,calendar-2026-27,2026/27,5161621,1795705,Denver Summit FC (W),189393,Chicago Stars (W),0,finished,FETCHED,COMPLETE,FULL_MATCH,5,2_PLUS
2026-08-29,"2026-08-29,2026-08-30",2,1,2026-08-30T01:00:00+00:00,USA,USA,8972,USL Championship,calendar-2026-27,2026/27,5109912,1003209,El Paso Locomotive FC,1003205,Loudoun United FC,1,finished,FETCHED,COMPLETE,FULL_MATCH,1,1
2026-08-29,"2026-08-29,2026-08-30",2,1,2026-08-30T01:05:00+00:00,MEX,Mexiko,230,Liga MX,calendar-2026-27,2026/27,1000014549,6576,América,7847,Puebla,6,finished,FETCHED,COMPLETE,FULL_MATCH,1,1
2026-08-29,"2026-08-29,2026-08-30",2,1,2026-08-30T01:30:00+00:00,COL,Kolumbien,274,Primera A,calendar-2026-27,2026/27,1000014121,193029,Alianza FC,6368,Atlético Nacional,Clausura - Round 8,finished,FETCHED,COMPLETE,FULL_MATCH,2,2_PLUS
2026-08-29,"2026-08-29,2026-08-30",2,1,2026-08-30T01:30:00+00:00,USA,USA,130,MLS,calendar-2026-27,2026/27,5071313,8314,Colorado,6606,Salt Lake,22,finished,FETCHED,COMPLETE,FULL_MATCH,1,1
2026-08-29,"2026-08-29,2026-08-30",2,1,2026-08-30T01:30:00+00:00,USA,USA,8972,USL Championship,calendar-2026-27,2026/27,5109919,1003208,New Mexico United,722269,San Antonio FC,1,finished,FETCHED,COMPLETE,FULL_MATCH,2,2_PLUS
2026-08-29,"2026-08-29,2026-08-30",2,1,2026-08-30T02:00:00+00:00,USA,USA,8972,USL Championship,calendar-2026-27,2026/27,5109918,915808,Monterey Bay FC,521004,Sacramento Republic FC,1,finished,FETCHED,COMPLETE,FULL_MATCH,1,1
2026-08-29,"2026-08-29,2026-08-30",2,1,2026-08-30T02:30:00+00:00,USA,USA,130,MLS,calendar-2026-27,2026/27,5071318,307690,Portland,1218886,Austin FC,22,finished,FETCHED,COMPLETE,FULL_MATCH,2,2_PLUS
2026-08-29,"2026-08-29,2026-08-30",2,1,2026-08-30T02:30:00+00:00,USA,USA,130,MLS,calendar-2026-27,2026/27,5071319,1701119,San Diego FC,6637,LA Galaxy,22,finished,FETCHED,COMPLETE,FULL_MATCH,3,2_PLUS
2026-08-29,"2026-08-29,2026-08-30",2,1,2026-08-30T02:30:00+00:00,USA,USA,8972,USL Championship,calendar-2026-27,2026/27,5109915,915809,Las Vegas Lights FC,162183,Charleston Battery,1,finished,FETCHED,COMPLETE,FULL_MATCH,1,1
2026-08-29,"2026-08-29,2026-08-30",2,1,2026-08-30T02:30:00+00:00,USA,USA,8972,USL Championship,calendar-2026-27,2026/27,5109921,424268,Phoenix Rising FC,514649,Indy Eleven,1,finished,FETCHED,COMPLETE,FULL_MATCH,0,0
2026-08-29,"2026-08-29,2026-08-30",2,1,2026-08-30T03:10:00+00:00,MEX,Mexiko,230,Liga MX,calendar-2026-27,2026/27,1000014550,7857,Santos,8561,Tigres,6,finished,FETCHED,COMPLETE,FULL_MATCH,0,0
2026-08-30,2026-08-30,1,0,2026-08-30T10:00:00+00:00,ESP,Spanien,9907,Liga F,calendar-2026-27,2026/27,5882268,789880,Athletic Club (W),1396358,Levante Badalona (W),1,finished,FETCHED,COMPLETE,FULL_MATCH,2,2_PLUS
2026-08-30,2026-08-30,1,0,2026-08-30T10:15:00+00:00,NED,Niederlande,57,Eredivisie,calendar-2026-27,2026/27,5781726,9908,FC Utrecht,8640,PSV Eindhoven,4,finished,FETCHED,COMPLETE,FULL_MATCH,4,2_PLUS
2026-08-30,2026-08-30,1,0,2026-08-30T10:15:00+00:00,NED,Niederlande,111,Eerste Divisie,calendar-2026-27,2026/27,5832843,6416,FC Eindhoven,9791,Heracles,4,finished,FETCHED,COMPLETE,FULL_MATCH,3,2_PLUS
2026-08-30,2026-08-30,1,0,2026-08-30T10:30:00+00:00,KOR,Südkorea,9080,K League 1,calendar-2026-27,2026/27,5140014,245905,Gwangju FC,92630,FC Seoul,26,finished,FETCHED,COMPLETE,FULL_MATCH,3,2_PLUS
2026-08-30,2026-08-30,1,0,2026-08-30T10:30:00+00:00,KOR,Südkorea,9080,K League 1,calendar-2026-27,2026/27,5140015,133895,Incheon United,46038,Jeonbuk Hyundai Motors FC,26,finished,FETCHED,COMPLETE,FULL_MATCH,2,2_PLUS
2026-08-30,2026-08-30,1,0,2026-08-30T10:30:00+00:00,KOR,Südkorea,9080,K League 1,calendar-2026-27,2026/27,5140016,133898,Jeju SK,133900,Daejeon Hana Citizen,26,finished,FETCHED,COMPLETE,FULL_MATCH,3,2_PLUS
2026-08-30,2026-08-30,1,0,2026-08-30T10:30:00+00:00,KOR,Südkorea,9080,K League 1,calendar-2026-27,2026/27,5140017,164734,Gangwon FC,109373,Pohang Steelers,26,finished,FETCHED,COMPLETE,FULL_MATCH,0,0
2026-08-30,2026-08-30,1,0,2026-08-30T11:00:00+00:00,DEN,Dänemark,85,1. Division,calendar-2026-27,2026/27,5764590,10240,Hvidovre,8454,Fredericia,6,finished,FETCHED,COMPLETE,FULL_MATCH,2,2_PLUS
2026-08-30,2026-08-30,1,0,2026-08-30T11:00:00+00:00,DEN,Dänemark,85,1. Division,calendar-2026-27,2026/27,5764591,9940,Hillerød,9950,Hobro,6,finished,FETCHED,COMPLETE,FULL_MATCH,2,2_PLUS
2026-08-30,2026-08-30,1,0,2026-08-30T11:00:00+00:00,SCO,Schottland,64,Premiership,calendar-2026-27,2026/27,5793916,8485,Aberdeen,8548,Rangers,4,finished,FETCHED,COMPLETE,FULL_MATCH,1,1
2026-08-30,2026-08-30,1,0,2026-08-30T11:30:00+00:00,BEL,Belgien,40,First Division A,calendar-2026-27,2026/27,5811741,9991,Gent,8342,Club Brugge,4,finished,FETCHED,COMPLETE,FULL_MATCH,1,1
2026-08-30,2026-08-30,1,0,2026-08-30T11:30:00+00:00,GER,Deutschland,146,2. Bundesliga,calendar-2026-27,2026/27,5881648,8262,Darmstadt,9904,Hannover 96,3,finished,FETCHED,COMPLETE,FULL_MATCH,1,1
2026-08-30,2026-08-30,1,0,2026-08-30T11:30:00+00:00,GER,Deutschland,146,2. Bundesliga,calendar-2026-27,2026/27,5881651,8188,Magdeburg,8150,Holstein Kiel,3,finished,FETCHED,COMPLETE,FULL_MATCH,2,2_PLUS
2026-08-30,2026-08-30,1,0,2026-08-30T11:30:00+00:00,GER,Deutschland,146,2. Bundesliga,calendar-2026-27,2026/27,5881653,8152,St. Pauli,8350,Kaiserslautern,3,finished,FETCHED,COMPLETE,FULL_MATCH,2,2_PLUS
2026-08-30,2026-08-30,1,0,2026-08-30T12:00:00+00:00,SCO,Schottland,10791,SWPL 1,calendar-2026-27,2026/27,1000016464,1716180,Aberdeen,1716178,Partick Thistle,3,finished,FETCHED,COMPLETE,FULL_MATCH,1,1
2026-08-30,2026-08-30,1,0,2026-08-30T12:00:00+00:00,SCO,Schottland,10791,SWPL 1,calendar-2026-27,2026/27,1000016465,1269308,Celtic,789902,Hibernian LFC,3,finished,FETCHED,COMPLETE,FULL_MATCH,0,0
2026-08-30,2026-08-30,1,0,2026-08-30T12:00:00+00:00,SCO,Schottland,10791,SWPL 1,calendar-2026-27,2026/27,1000016466,294582,Glasgow City,1716184,Spartans FC,3,finished,FETCHED,COMPLETE,FULL_MATCH,4,2_PLUS
2026-08-30,2026-08-30,1,0,2026-08-30T12:00:00+00:00,SCO,Schottland,10791,SWPL 1,calendar-2026-27,2026/27,1000016468,1716183,Montrose,1716179,Motherwell,3,finished,FETCHED,COMPLETE,FULL_MATCH,2,2_PLUS
2026-08-30,2026-08-30,1,0,2026-08-30T12:00:00+00:00,ENG,England,9084,Premier League 2,calendar-2026-27,2026/27,1000019106,1070259,Liverpool U21,1177187,Leeds United U21,2,finished,FETCHED,COMPLETE,FULL_MATCH,3,2_PLUS
2026-08-30,2026-08-30,1,0,2026-08-30T12:00:00+00:00,SWE,Schweden,67,Allsvenskan,calendar-2026-27,2026/27,5107581,8349,AIK,8248,Hammarby,19,finished,FETCHED,COMPLETE,FULL_MATCH,2,2_PLUS
2026-08-30,2026-08-30,1,0,2026-08-30T12:00:00+00:00,DEN,Dänemark,46,Superligaen,calendar-2026-27,2026/27,5739492,9907,Lyngby,8414,OB,6,finished,FETCHED,COMPLETE,FULL_MATCH,2,2_PLUS
2026-08-30,2026-08-30,1,0,2026-08-30T12:00:00+00:00,DEN,Dänemark,46,Superligaen,calendar-2026-27,2026/27,5739493,8415,Silkeborg,8113,FC Midtjylland,6,finished,FETCHED,COMPLETE,FULL_MATCH,1,1
2026-08-30,2026-08-30,1,0,2026-08-30T12:00:00+00:00,DEN,Dänemark,85,1. Division,calendar-2026-27,2026/27,5764587,8109,Aarhus Fremad,8231,Vejle Boldklub,6,finished,FETCHED,COMPLETE,FULL_MATCH,0,0
2026-08-30,2026-08-30,1,0,2026-08-30T12:00:00+00:00,SUI,Schweiz,69,Super League,calendar-2026-27,2026/27,5804247,10179,Sion,7896,Lugano,5,finished,FETCHED,COMPLETE,FULL_MATCH,2,2_PLUS
2026-08-30,2026-08-30,1,0,2026-08-30T12:00:00+00:00,RUS,Russland,63,Premier League,calendar-2026-27,2026/27,5847164,1066681,Rodina,49694,Baltika,6,finished,FETCHED,COMPLETE,FULL_MATCH,2,2_PLUS
2026-08-30,2026-08-30,1,0,2026-08-30T12:00:00+00:00,GER,Deutschland,9676,Frauen Bundesliga,calendar-2026-27,2026/27,5934509,294857,Eintracht Frankfurt (W),1513038,Nürnberg (W),2,finished,FETCHED,COMPLETE,FULL_MATCH,1,1
2026-08-30,2026-08-30,1,0,2026-08-30T12:30:00+00:00,NOR,Norwegen,59,Eliteserien,calendar-2026-27,2026/27,5104986,8402,Bodø/Glimt,8422,Rosenborg,19,finished,FETCHED,COMPLETE,FULL_MATCH,4,2_PLUS
2026-08-30,2026-08-30,1,0,2026-08-30T12:30:00+00:00,NED,Niederlande,57,Eredivisie,calendar-2026-27,2026/27,5781727,10235,Feyenoord,10217,ADO Den Haag,4,finished,FETCHED,COMPLETE,FULL_MATCH,3,2_PLUS
2026-08-30,2026-08-30,1,0,2026-08-30T12:30:00+00:00,NED,Niederlande,57,Eredivisie,calendar-2026-27,2026/27,5781728,8525,Willem II,10228,SC Heerenveen,4,finished,FETCHED,COMPLETE,FULL_MATCH,4,2_PLUS
2026-08-30,2026-08-30,1,0,2026-08-30T12:45:00+00:00,POL,Polen,196,Ekstraklasa,calendar-2026-27,2026/27,5803963,4024,Raków Częstochowa,1957,Jagiellonia Białystok,6,finished,FETCHED,COMPLETE,FULL_MATCH,4,2_PLUS
2026-08-30,2026-08-30,1,0,2026-08-30T13:00:00+00:00,DEN,Dänemark,85,1. Division,calendar-2026-27,2026/27,5764592,8285,Esbjerg fB,8615,Vendsyssel FF,6,finished,FETCHED,COMPLETE,FULL_MATCH,1,1
2026-08-30,2026-08-30,1,0,2026-08-30T13:00:00+00:00,ENG,England,47,Premier League,calendar-2026-27,2026/27,5795427,8455,Chelsea,10204,Brighton,2,finished,FETCHED,COMPLETE,FULL_MATCH,3,2_PLUS
2026-08-30,2026-08-30,1,0,2026-08-30T13:00:00+00:00,ENG,England,47,Premier League,calendar-2026-27,2026/27,5795430,8463,Leeds,9937,Brentford,2,finished,FETCHED,COMPLETE,FULL_MATCH,1,1
2026-08-30,2026-08-30,1,0,2026-08-30T13:00:00+00:00,ENG,England,47,Premier League,calendar-2026-27,2026/27,5795433,8472,Sunderland,9879,Fulham,2,finished,FETCHED,COMPLETE,FULL_MATCH,1,1
2026-08-30,2026-08-30,1,0,2026-08-30T13:00:00+00:00,FRA,Frankreich,53,Ligue 1,calendar-2026-27,2026/27,5802915,6379,Paris FC,9831,Nice,2,finished,FETCHED,COMPLETE,FULL_MATCH,2,2_PLUS
2026-08-30,2026-08-30,1,0,2026-08-30T13:00:00+00:00,CZE,Tschechien,122,1. Liga,calendar-2026-27,2026/27,5831152,10245,Slovan Liberec,1712,Hradec Králové,6,finished,FETCHED,COMPLETE,FULL_MATCH,1,1
2026-08-30,2026-08-30,1,0,2026-08-30T13:00:00+00:00,ENG,England,108,League One,calendar-2026-27,2026/27,5837111,158319,Wimbledon,8528,Wigan,3,finished,FETCHED,COMPLETE,FULL_MATCH,1,1
2026-08-30,2026-08-30,1,0,2026-08-30T13:00:00+00:00,ROU,Rumänien,189,Liga I,calendar-2026-27,2026/27,5853482,210132,FCV Farul Constanța,188191,Botoșani,7,finished,FETCHED,COMPLETE,FULL_MATCH,0,0
2026-08-30,2026-08-30,1,0,2026-08-30T13:00:00+00:00,RSA,Südafrika,9474,South Africa 8 Cup,calendar-2026-27,2026/27,6045943,102097,Lamontville Golden Arrows,4530,Mamelodi Sundowns FC,1/2,finished,FETCHED,COMPLETE,FULL_MATCH,4,2_PLUS
2026-08-30,2026-08-30,1,0,2026-08-30T13:30:00+00:00,GER,Deutschland,54,Bundesliga,calendar-2026-27,2026/27,5881148,8358,Freiburg,8697,Werder Bremen,1,finished,FETCHED,COMPLETE,FULL_MATCH,3,2_PLUS
2026-08-30,2026-08-30,1,0,2026-08-30T13:55:00+00:00,UAE,Vereinigte Arabische Emirate,538,Pro League,calendar-2026-27,2026/27,5961830,102113,Hatta,102124,Sharjah Cultural Club,3,finished,FETCHED,COMPLETE,FULL_MATCH,1,1
2026-08-30,2026-08-30,1,0,2026-08-30T14:00:00+00:00,BEL,Belgien,264,First Division B,calendar-2026-27,2026/27,1000015456,8174,Virton,96953,Francs Borains,3,finished,FETCHED,COMPLETE,FULL_MATCH,1,1
2026-08-30,2026-08-30,1,0,2026-08-30T14:00:00+00:00,BRA,Brasilien,268,Serie A,calendar-2026-27,2026/27,5103611,10273,Athletico Paranaense,9863,Fluminense,25,finished,FETCHED,COMPLETE,FULL_MATCH,4,2_PLUS
2026-08-30,2026-08-30,1,0,2026-08-30T14:00:00+00:00,LVA,Lettland,226,Virsliga,calendar-2026-27,2026/27,5162056,1899459,Ogre United,248871,RFS,28,finished,FETCHED,COMPLETE,FULL_MATCH,2,2_PLUS
2026-08-30,2026-08-30,1,0,2026-08-30T14:00:00+00:00,DEN,Dänemark,46,Superligaen,calendar-2026-27,2026/27,5739494,8410,Randers FC,8071,AGF,6,finished,FETCHED,COMPLETE,FULL_MATCH,1,1
2026-08-30,2026-08-30,1,0,2026-08-30T14:00:00+00:00,SCO,Schottland,64,Premiership,calendar-2026-27,2026/27,5793918,8284,Dundee FC,10251,Hibernian,4,finished,FETCHED,COMPLETE,FULL_MATCH,2,2_PLUS
2026-08-30,2026-08-30,1,0,2026-08-30T14:00:00+00:00,SCO,Schottland,64,Premiership,calendar-2026-27,2026/27,5793921,9800,St. Mirren,9927,Motherwell,4,finished,FETCHED,COMPLETE,FULL_MATCH,1,1
2026-08-30,2026-08-30,1,0,2026-08-30T14:00:00+00:00,BEL,Belgien,40,First Division A,calendar-2026-27,2026/27,5811742,9988,Royal Antwerp,9997,St.Truiden,4,finished,FETCHED,COMPLETE,FULL_MATCH,4,2_PLUS
2026-08-30,2026-08-30,1,0,2026-08-30T14:00:00+00:00,ENG,England,108,League One,calendar-2026-27,2026/27,5837116,9818,Mansfield,8346,Luton,3,finished,FETCHED,COMPLETE,FULL_MATCH,4,2_PLUS
2026-08-30,2026-08-30,1,0,2026-08-30T14:00:00+00:00,GER,Deutschland,9676,Frauen Bundesliga,calendar-2026-27,2026/27,5934507,679913,Bayer Leverkusen (W),394121,VfL Wolfsburg (W),2,finished,FETCHED,COMPLETE,FULL_MATCH,2,2_PLUS
2026-08-30,2026-08-30,1,0,2026-08-30T14:15:00+00:00,QAT,Katar,11030,Second Division,calendar-2026-27,2026/27,1000018599,582505,Al Mesaimeer,101903,Umm Salal,2,finished,FETCHED,COMPLETE,FULL_MATCH,0,0
2026-08-30,2026-08-30,1,0,2026-08-30T14:30:00+00:00,SWE,Schweden,67,Allsvenskan,calendar-2026-27,2026/27,5107583,9893,IFK Göteborg,10002,Örgryte,19,finished,FETCHED,COMPLETE,FULL_MATCH,1,1
2026-08-30,2026-08-30,1,0,2026-08-30T14:30:00+00:00,SUI,Schweiz,69,Super League,calendar-2026-27,2026/27,5804248,10190,St. Gallen,10191,Thun,5,finished,FETCHED,COMPLETE,FULL_MATCH,6,2_PLUS
2026-08-30,2026-08-30,1,0,2026-08-30T14:30:00+00:00,SUI,Schweiz,69,Super League,calendar-2026-27,2026/27,5804249,9824,FC Vaduz,9956,Grasshopper,5,finished,FETCHED,COMPLETE,FULL_MATCH,3,2_PLUS
2026-08-30,2026-08-30,1,0,2026-08-30T14:30:00+00:00,RUS,Russland,63,Premier League,calendar-2026-27,2026/27,5847166,8643,Spartak,132286,Orenburg,6,finished,FETCHED,COMPLETE,FULL_MATCH,2,2_PLUS
2026-08-30,2026-08-30,1,0,2026-08-30T14:30:00+00:00,POR,Portugal,61,Liga Portugal,calendar-2026-27,2026/27,5887615,10214,Nacional,1074320,Estrela da Amadora,4,finished,FETCHED,COMPLETE,FULL_MATCH,3,2_PLUS
2026-08-30,2026-08-30,1,0,2026-08-30T14:45:00+00:00,NED,Niederlande,57,Eredivisie,calendar-2026-27,2026/27,5781730,6414,Telstar,8593,Ajax,4,finished,FETCHED,COMPLETE,FULL_MATCH,3,2_PLUS
2026-08-30,2026-08-30,1,0,2026-08-30T14:45:00+00:00,NED,Niederlande,111,Eerste Divisie,calendar-2026-27,2026/27,5832844,9839,VVV-Venlo,6660,FC Emmen,4,finished,FETCHED,COMPLETE,FULL_MATCH,2,2_PLUS
2026-08-30,2026-08-30,1,0,2026-08-30T15:00:00+00:00,IRL,Irland,126,Premier Liga,calendar-2026-27,2026/27,5100953,8338,Derry City,4131,Shamrock Rovers,29,finished,FETCHED,COMPLETE,FULL_MATCH,2,2_PLUS
2026-08-30,2026-08-30,1,0,2026-08-30T15:00:00+00:00,NOR,Norwegen,59,Eliteserien,calendar-2026-27,2026/27,5104987,8448,HamKam,8605,Kristiansund,19,finished,FETCHED,COMPLETE,FULL_MATCH,4,2_PLUS
2026-08-30,2026-08-30,1,0,2026-08-30T15:00:00+00:00,NOR,Norwegen,59,Eliteserien,calendar-2026-27,2026/27,5104988,8609,Sandefjord,8468,Brann,19,finished,FETCHED,COMPLETE,FULL_MATCH,0,0
2026-08-30,2026-08-30,1,0,2026-08-30T15:00:00+00:00,NOR,Norwegen,59,Eliteserien,calendar-2026-27,2026/27,5104989,9919,Start,2305,KFUM,19,finished,FETCHED,COMPLETE,FULL_MATCH,2,2_PLUS
2026-08-30,2026-08-30,1,0,2026-08-30T15:00:00+00:00,NOR,Norwegen,59,Eliteserien,calendar-2026-27,2026/27,5104990,8608,Tromsø,8509,Sarpsborg 08,19,finished,FETCHED,COMPLETE,FULL_MATCH,0,0
2026-08-30,2026-08-30,1,0,2026-08-30T15:00:00+00:00,NOR,Norwegen,59,Eliteserien,calendar-2026-27,2026/27,5104991,8478,Viking,8404,Aalesund,19,finished,FETCHED,COMPLETE,FULL_MATCH,2,2_PLUS
2026-08-30,2026-08-30,1,0,2026-08-30T15:00:00+00:00,NOR,Norwegen,59,Eliteserien,calendar-2026-27,2026/27,5104992,8007,Vålerenga,9917,Molde,19,finished,FETCHED,COMPLETE,FULL_MATCH,0,0
2026-08-30,2026-08-30,1,0,2026-08-30T15:00:00+00:00,SVK,Slowakei,176,1. liga,calendar-2026-27,2026/27,5772169,6019,Slovan Bratislava,9899,Zemplín Michalovce,6,finished,FETCHED,COMPLETE,FULL_MATCH,1,1
2026-08-30,2026-08-30,1,0,2026-08-30T15:00:00+00:00,SVK,Slowakei,176,1. liga,calendar-2026-27,2026/27,5772173,555292,Skalica,103598,DAC 1904 Dunajska Streda,6,finished,FETCHED,COMPLETE,FULL_MATCH,4,2_PLUS
2026-08-30,2026-08-30,1,0,2026-08-30T15:00:00+00:00,CZE,Tschechien,122,1. Liga,calendar-2026-27,2026/27,5831154,6033,Viktoria Plzeň,2021,Slovácko,6,finished,FETCHED,COMPLETE,FULL_MATCH,2,2_PLUS
2026-08-30,2026-08-30,1,0,2026-08-30T15:00:00+00:00,CZE,Tschechien,122,1. Liga,calendar-2026-27,2026/27,5831156,4721,Teplice,7758,Jablonec,6,finished,FETCHED,COMPLETE,FULL_MATCH,2,2_PLUS
2026-08-30,2026-08-30,1,0,2026-08-30T15:00:00+00:00,AUT,Österreich,38,Bundesliga,calendar-2026-27,2026/27,5845978,10056,Hartberg,10017,Ried,5,finished,FETCHED,COMPLETE,FULL_MATCH,2,2_PLUS
2026-08-30,2026-08-30,1,0,2026-08-30T15:00:00+00:00,AUT,Österreich,38,Bundesliga,calendar-2026-27,2026/27,5845979,10015,Rapid Wien,10014,Sturm Graz,5,finished,FETCHED,COMPLETE,FULL_MATCH,1,1
2026-08-30,2026-08-30,1,0,2026-08-30T15:00:00+00:00,ESP,Spanien,87,LaLiga,calendar-2026-27,2026/27,5868038,8633,Real Madrid,9864,Málaga,3,finished,FETCHED,COMPLETE,FULL_MATCH,1,1
2026-08-30,2026-08-30,1,0,2026-08-30T15:00:00+00:00,ESP,Spanien,140,LaLiga2,calendar-2026-27,2026/27,5868416,494050,FC Andorra,8372,Eibar,3,finished,FETCHED,COMPLETE,FULL_MATCH,1,1
2026-08-30,2026-08-30,1,0,2026-08-30T15:00:00+00:00,ESP,Spanien,9907,Liga F,calendar-2026-27,2026/27,5882267,1281393,Deportivo Alavés (W),858301,Valencia (W),1,finished,FETCHED,COMPLETE,FULL_MATCH,1,1
2026-08-30,2026-08-30,1,0,2026-08-30T15:10:00+00:00,SCO,Schottland,10791,SWPL 1,calendar-2026-27,2026/27,1000016467,1716177,Heart of Midlothian,1378209,Rangers,3,finished,FETCHED,COMPLETE,FULL_MATCH,1,1
2026-08-30,2026-08-30,1,0,2026-08-30T15:15:00+00:00,FRA,Frankreich,53,Ligue 1,calendar-2026-27,2026/27,5802916,9851,Rennes,8682,Le Mans,2,finished,FETCHED,COMPLETE,FULL_MATCH,2,2_PLUS
2026-08-30,2026-08-30,1,0,2026-08-30T15:30:00+00:00,ENG,England,47,Premier League,calendar-2026-27,2026/27,5795432,10260,Man United,9902,Ipswich,2,finished,FETCHED,COMPLETE,FULL_MATCH,5,2_PLUS
2026-08-30,2026-08-30,1,0,2026-08-30T15:30:00+00:00,POL,Polen,196,Ekstraklasa,calendar-2026-27,2026/27,5803959,8020,Górnik Zabrze,4023,GKS Katowice,6,finished,FETCHED,COMPLETE,FULL_MATCH,4,2_PLUS
2026-08-30,2026-08-30,1,0,2026-08-30T15:30:00+00:00,GER,Deutschland,54,Bundesliga,calendar-2026-27,2026/27,5881144,8406,Augsburg,10189,Schalke 04,1,finished,FETCHED,COMPLETE,FULL_MATCH,2,2_PLUS
2026-08-30,2026-08-30,1,0,2026-08-30T16:00:00+00:00,USA,USA,10282,MLS Next Pro,calendar-2026-27,2026/27,1000007746,1348109,FC Cincinnati 2,722264,Philadelphia Union II,27,finished,FETCHED,COMPLETE,FULL_MATCH,4,2_PLUS
2026-08-30,2026-08-30,1,0,2026-08-30T16:00:00+00:00,PER,Peru,131,Liga 1,calendar-2026-27,2026/27,1000017212,1573140,Club Deportivo Moquegua,4410,Alianza Atlético,Clausura - Round 7,finished,FETCHED,COMPLETE,FULL_MATCH,3,2_PLUS
2026-08-30,2026-08-30,1,0,2026-08-30T16:00:00+00:00,DEN,Dänemark,46,Superligaen,calendar-2026-27,2026/27,5739495,10202,Nordsjælland,8595,Brøndby IF,6,finished,FETCHED,COMPLETE,FULL_MATCH,2,2_PLUS
2026-08-30,2026-08-30,1,0,2026-08-30T16:00:00+00:00,TUR,Türkei,71,Süper Lig,calendar-2026-27,2026/27,5904723,4681,Eyüpspor,4678,Alanyaspor,3,finished,FETCHED,COMPLETE,FULL_MATCH,1,1
2026-08-30,2026-08-30,1,0,2026-08-30T16:00:00+00:00,TUR,Türkei,165,1. Lig,calendar-2026-27,2026/27,5908609,863838,Esenler Erokspor,1281818,Iğdır FK,4,finished,FETCHED,COMPLETE,FULL_MATCH,0,0
2026-08-30,2026-08-30,1,0,2026-08-30T16:05:00+00:00,KSA,Saudi-Arabien,536,Saudi Pro League,calendar-2026-27,2026/27,5970114,101911,Al Hazem,101916,Al Shabab,4,finished,FETCHED,COMPLETE,FULL_MATCH,2,2_PLUS
2026-08-30,2026-08-30,1,0,2026-08-30T16:30:00+00:00,USA,USA,9134,NWSL,calendar-2026-27,2026/27,5161622,433030,Washington Spirit (W),1607273,Bay FC (W),0,finished,FETCHED,COMPLETE,FULL_MATCH,0,0
2026-08-30,2026-08-30,1,0,2026-08-30T16:30:00+00:00,ITA,Italien,55,Serie A,calendar-2026-27,2026/27,5749658,9875,Napoli,10171,Como,2,finished,FETCHED,COMPLETE,FULL_MATCH,0,0
2026-08-30,2026-08-30,1,0,2026-08-30T16:30:00+00:00,BEL,Belgien,40,First Division A,calendar-2026-27,2026/27,5811743,7978,Union St.Gilloise,8635,Anderlecht,4,finished,FETCHED,COMPLETE,FULL_MATCH,1,1
2026-08-30,2026-08-30,1,0,2026-08-30T16:30:00+00:00,GER,Deutschland,9676,Frauen Bundesliga,calendar-2026-27,2026/27,5934513,672089,Werder Bremen (W),1513040,RB Leipzig (W),2,finished,FETCHED,COMPLETE,FULL_MATCH,0,0
2026-08-30,2026-08-30,1,0,2026-08-30T16:30:00+00:00,GRE,Griechenland,135,Super League 1,calendar-2026-27,2026/27,5943232,8239,Aris Thessaloniki,7753,OFI Crete,2,finished,FETCHED,COMPLETE,FULL_MATCH,2,2_PLUS
2026-08-30,2026-08-30,1,0,2026-08-30T16:30:00+00:00,UAE,Vereinigte Arabische Emirate,538,Pro League,calendar-2026-27,2026/27,5961831,102122,Al-Wahda,182933,Baniyas,3,finished,FETCHED,COMPLETE,FULL_MATCH,1,1
2026-08-30,2026-08-30,1,0,2026-08-30T17:00:00+00:00,USA,USA,10282,MLS Next Pro,calendar-2026-27,2026/27,1000007738,1348126,Columbus Crew 2,1348118,Chicago Fire FC II,27,finished,FETCHED,COMPLETE,FULL_MATCH,3,2_PLUS
2026-08-30,2026-08-30,1,0,2026-08-30T17:00:00+00:00,ISL,Island,215,Besta deildin,calendar-2026-27,2026/27,5225719,6291,Fram Reykjavík,2165,KA Akureyri,21,finished,FETCHED,COMPLETE,FULL_MATCH,2,2_PLUS
2026-08-30,2026-08-30,1,0,2026-08-30T17:00:00+00:00,ISL,Island,215,Besta deildin,calendar-2026-27,2026/27,5225720,8151,FH Hafnarfjörður,4472,Keflavík,21,finished,FETCHED,COMPLETE,FULL_MATCH,1,1
2026-08-30,2026-08-30,1,0,2026-08-30T17:00:00+00:00,SVK,Slowakei,176,1. liga,calendar-2026-27,2026/27,5772172,4662,Spartak Trnava,6022,Žilina,6,finished,FETCHED,COMPLETE,FULL_MATCH,1,1
2026-08-30,2026-08-30,1,0,2026-08-30T17:00:00+00:00,AUT,Österreich,38,Bundesliga,calendar-2026-27,2026/27,5845980,10013,Salzburg,10011,Austria Wien,5,finished,FETCHED,COMPLETE,FULL_MATCH,2,2_PLUS
2026-08-30,2026-08-30,1,0,2026-08-30T17:00:00+00:00,RUS,Russland,63,Premier League,calendar-2026-27,2026/27,5847165,8683,Rubin,1068353,Dynamo Makhachkala,6,finished,FETCHED,COMPLETE,FULL_MATCH,4,2_PLUS
2026-08-30,2026-08-30,1,0,2026-08-30T17:00:00+00:00,ESP,Spanien,140,LaLiga2,calendar-2026-27,2026/27,5868418,8385,Cádiz,10281,Real Valladolid,3,finished,FETCHED,COMPLETE,FULL_MATCH,0,0
2026-08-30,2026-08-30,1,0,2026-08-30T17:00:00+00:00,ESP,Spanien,140,LaLiga2,calendar-2026-27,2026/27,5868423,8661,Mallorca,357259,AD Ceuta FC,3,finished,FETCHED,COMPLETE,FULL_MATCH,2,2_PLUS
2026-08-30,2026-08-30,1,0,2026-08-30T17:00:00+00:00,ESP,Spanien,9907,Liga F,calendar-2026-27,2026/27,5882269,401657,Barcelona (W),628715,UD Tenerife (W),1,finished,FETCHED,COMPLETE,FULL_MATCH,3,2_PLUS
2026-08-30,2026-08-30,1,0,2026-08-30T17:00:00+00:00,POR,Portugal,61,Liga Portugal,calendar-2026-27,2026/27,5887613,212821,Casa Pia AC,8348,Moreirense,4,finished,FETCHED,COMPLETE,FULL_MATCH,0,0
2026-08-30,2026-08-30,1,0,2026-08-30T17:00:00+00:00,ITA,Italien,86,Serie B,calendar-2026-27,2026/27,5967049,9849,Arezzo,8540,Palermo,2,finished,FETCHED,COMPLETE,FULL_MATCH,4,2_PLUS
2026-08-30,2026-08-30,1,0,2026-08-30T17:00:00+00:00,ITA,Italien,86,Serie B,calendar-2026-27,2026/27,5967055,9889,Mantova,8534,Empoli,2,finished,FETCHED,COMPLETE,FULL_MATCH,4,2_PLUS
2026-08-30,2026-08-30,1,0,2026-08-30T17:15:00+00:00,ISR,Israel,127,Ligat ha'Al,calendar-2026-27,2026/27,1000015256,8301,Hapoel Haifa,10181,Hapoel Tel Aviv,2,finished,FETCHED,COMPLETE,FULL_MATCH,0,0
2026-08-30,2026-08-30,1,0,2026-08-30T17:15:00+00:00,BEL,Belgien,264,First Division B,calendar-2026-27,2026/27,1000015458,149408,RFC Seraing,465631,K. Lierse SK,3,finished,FETCHED,COMPLETE,FULL_MATCH,1,1
2026-08-30,2026-08-30,1,0,2026-08-30T17:15:00+00:00,NOR,Norwegen,59,Eliteserien,calendar-2026-27,2026/27,5104985,8476,Lillestrøm,8417,Fredrikstad,19,finished,FETCHED,COMPLETE,FULL_MATCH,2,2_PLUS
2026-08-30,2026-08-30,1,0,2026-08-30T17:15:00+00:00,BEL,Belgien,40,First Division A,calendar-2026-27,2026/27,5811744,10001,Westerlo,10000,Zulte Waregem,4,finished,FETCHED,COMPLETE,FULL_MATCH,2,2_PLUS
2026-08-30,2026-08-30,1,0,2026-08-30T17:15:00+00:00,GRE,Griechenland,135,Super League 1,calendar-2026-27,2026/27,5943234,10187,Atromitos,8619,PAOK Thessaloniki,2,finished,FETCHED,COMPLETE,FULL_MATCH,1,1
2026-08-30,2026-08-30,1,0,2026-08-30T17:30:00+00:00,ESP,Spanien,87,LaLiga,calendar-2026-27,2026/27,5868033,9783,Deportivo A Coruña,10267,Valencia,3,finished,FETCHED,COMPLETE,FULL_MATCH,1,1
2026-08-30,2026-08-30,1,0,2026-08-30T18:00:00+00:00,ECU,Ecuador,246,Serie A,calendar-2026-27,2026/27,1000009087,6608,Aucas,1345405,Libertad,27,finished,FETCHED,COMPLETE,FULL_MATCH,1,1
2026-08-30,2026-08-30,1,0,2026-08-30T18:00:00+00:00,SRB,Serbien,182,Super Liga,calendar-2026-27,2026/27,1000015115,6231,FK Zemun,8687,FK Crvena Zvezda,7,finished,FETCHED,COMPLETE,FULL_MATCH,2,2_PLUS
2026-08-30,2026-08-30,1,0,2026-08-30T18:00:00+00:00,ARG,Argentinien,112,Liga Profesional,calendar-2026-27,2026/27,5115965,10087,Banfield,10076,River Plate,7,finished,FETCHED,COMPLETE,FULL_MATCH,3,2_PLUS
2026-08-30,2026-08-30,1,0,2026-08-30T18:00:00+00:00,CRO,Kroatien,252,HNL,calendar-2026-27,2026/27,5765917,10157,Osijek,1581,Slaven,5,finished,FETCHED,COMPLETE,FULL_MATCH,1,1
2026-08-30,2026-08-30,1,0,2026-08-30T18:00:00+00:00,NED,Niederlande,57,Eredivisie,calendar-2026-27,2026/27,5781731,7788,Cambuur,8611,FC Twente,4,finished,FETCHED,COMPLETE,FULL_MATCH,3,2_PLUS
2026-08-30,2026-08-30,1,0,2026-08-30T18:00:00+00:00,CZE,Tschechien,122,1. Liga,calendar-2026-27,2026/27,5831155,10247,Sparta Prague,7787,Slavia Prague,6,finished,FETCHED,COMPLETE,FULL_MATCH,2,2_PLUS
2026-08-30,2026-08-30,1,0,2026-08-30T18:00:00+00:00,ROU,Rumänien,189,Liga I,calendar-2026-27,2026/27,5853485,9723,FCSB,584663,UTA Arad,7,finished,FETCHED,COMPLETE,FULL_MATCH,3,2_PLUS
2026-08-30,2026-08-30,1,0,2026-08-30T18:00:00+00:00,GRE,Griechenland,135,Super League 1,calendar-2026-27,2026/27,5943233,80654,Asteras Tripolis,8638,Olympiacos,2,finished,FETCHED,COMPLETE,FULL_MATCH,0,0
2026-08-30,2026-08-30,1,0,2026-08-30T18:00:00+00:00,GRE,Griechenland,135,Super League 1,calendar-2026-27,2026/27,5943235,488099,Kifisia FC,8563,AEK Athens,2,finished,FETCHED,COMPLETE,FULL_MATCH,2,2_PLUS
2026-08-30,2026-08-30,1,0,2026-08-30T18:00:00+00:00,KSA,Saudi-Arabien,536,Saudi Pro League,calendar-2026-27,2026/27,5970115,101919,Al Qadsiah,205687,Al-Faisaly,4,finished,FETCHED,COMPLETE,FULL_MATCH,1,1
2026-08-30,2026-08-30,1,0,2026-08-30T18:15:00+00:00,PER,Peru,131,Liga 1,calendar-2026-27,2026/27,1000017215,1104719,Asociación Deportiva Tarma,165148,Sport Huancayo,Clausura - Round 7,finished,FETCHED,COMPLETE,FULL_MATCH,1,1
2026-08-30,2026-08-30,1,0,2026-08-30T18:15:00+00:00,POL,Polen,196,Ekstraklasa,calendar-2026-27,2026/27,5803964,8024,Widzew Łódź,2182,Lech Poznań,6,finished,FETCHED,COMPLETE,FULL_MATCH,2,2_PLUS
2026-08-30,2026-08-30,1,0,2026-08-30T18:30:00+00:00,TUR,Türkei,71,Süper Lig,calendar-2026-27,2026/27,5904724,1933,Başakşehir,4685,Kasımpaşa,3,finished,FETCHED,COMPLETE,FULL_MATCH,1,1
2026-08-30,2026-08-30,1,0,2026-08-30T18:30:00+00:00,TUR,Türkei,71,Süper Lig,calendar-2026-27,2026/27,5904730,9750,Samsunspor,8695,Fenerbahçe,3,finished,FETCHED,COMPLETE,FULL_MATCH,1,1
2026-08-30,2026-08-30,1,0,2026-08-30T18:30:00+00:00,TUR,Türkei,165,1. Lig,calendar-2026-27,2026/27,5908610,658812,Manisa Futbol Kulübü,658811,Bodrum FK,4,finished,FETCHED,COMPLETE,FULL_MATCH,0,0
2026-08-30,2026-08-30,1,0,2026-08-30T18:45:00+00:00,ITA,Italien,55,Serie A,calendar-2026-27,2026/27,5749652,8529,Cagliari,8636,Inter,2,finished,FETCHED,COMPLETE,FULL_MATCH,0,0
2026-08-30,2026-08-30,1,0,2026-08-30T18:45:00+00:00,ITA,Italien,55,Serie A,calendar-2026-27,2026/27,5749655,8543,Lazio,10233,Genoa,2,finished,FETCHED,COMPLETE,FULL_MATCH,0,0
2026-08-30,2026-08-30,1,0,2026-08-30T18:45:00+00:00,FRA,Frankreich,53,Ligue 1,calendar-2026-27,2026/27,5802914,9829,Monaco,8592,Marseille,2,finished,FETCHED,COMPLETE,FULL_MATCH,1,1
2026-08-30,2026-08-30,1,0,2026-08-30T19:00:00+00:00,CHI,Chile,273,Liga de Primera,calendar-2026-27,2026/27,1000013219,4054,Universidad de Concepción,6310,Universidad de Chile,21,finished,FETCHED,COMPLETE,FULL_MATCH,1,1
2026-08-30,2026-08-30,1,0,2026-08-30T19:00:00+00:00,COL,Kolumbien,274,Primera A,calendar-2026-27,2026/27,1000014119,193025,Águilas Doradas,6255,Chicó FC,Clausura - Round 8,finished,FETCHED,COMPLETE,FULL_MATCH,2,2_PLUS
2026-08-30,2026-08-30,1,0,2026-08-30T19:00:00+00:00,SRB,Serbien,182,Super Liga,calendar-2026-27,2026/27,1000015117,568569,FK IMT Beograd,1739,Mladost Lučani,7,finished,FETCHED,COMPLETE,FULL_MATCH,1,1
2026-08-30,2026-08-30,1,0,2026-08-30T19:00:00+00:00,PAR,Paraguay,199,Division Profesional,calendar-2026-27,2026/27,1000017387,6295,Cerro Porteño,6620,Libertad,Clausura - Round 7,finished,FETCHED,COMPLETE,FULL_MATCH,0,0
2026-08-30,2026-08-30,1,0,2026-08-30T19:00:00+00:00,BRA,Brasilien,268,Serie A,calendar-2026-27,2026/27,5103604,9770,Flamengo,8517,Botafogo,25,finished,FETCHED,COMPLETE,FULL_MATCH,2,2_PLUS
2026-08-30,2026-08-30,1,0,2026-08-30T19:00:00+00:00,BRA,Brasilien,268,Serie A,calendar-2026-27,2026/27,5103607,9808,Corinthians,8514,Santos,25,finished,FETCHED,COMPLETE,FULL_MATCH,0,0
2026-08-30,2026-08-30,1,0,2026-08-30T19:00:00+00:00,BRA,Brasilien,8814,Serie B,calendar-2026-27,2026/27,5190681,1757,América-MG,8630,Ponte Preta,25,finished,FETCHED,COMPLETE,FULL_MATCH,2,2_PLUS
2026-08-30,2026-08-30,1,0,2026-08-30T19:00:00+00:00,BRA,Brasilien,8814,Serie B,calendar-2026-27,2026/27,5190685,104822,Avaí,165545,Atlético-GO,25,finished,FETCHED,COMPLETE,FULL_MATCH,1,1
2026-08-30,2026-08-30,1,0,2026-08-30T19:00:00+00:00,ESP,Spanien,9907,Liga F,calendar-2026-27,2026/27,5882274,1077486,Real Madrid (W),671936,Atlético Madrid (W),1,finished,FETCHED,COMPLETE,FULL_MATCH,0,0
2026-08-30,2026-08-30,1,0,2026-08-30T19:00:00+00:00,ITA,Italien,86,Serie B,calendar-2026-27,2026/27,5967052,6266,Benevento,189475,Südtirol,2,finished,FETCHED,COMPLETE,FULL_MATCH,2,2_PLUS
2026-08-30,2026-08-30,1,0,2026-08-30T19:00:00+00:00,ITA,Italien,86,Serie B,calendar-2026-27,2026/27,5967057,6479,Pisa,10168,Catanzaro,2,finished,FETCHED,COMPLETE,FULL_MATCH,0,0
2026-08-30,2026-08-30,1,0,2026-08-30T19:15:00+00:00,ISL,Island,215,Besta deildin,calendar-2026-27,2026/27,5225723,8064,Valur,8004,ÍA Akranes,21,finished,FETCHED,COMPLETE,FULL_MATCH,3,2_PLUS
2026-08-30,2026-08-30,1,0,2026-08-30T19:30:00+00:00,ESP,Spanien,87,LaLiga,calendar-2026-27,2026/27,5868032,9910,Celta Vigo,8315,Athletic Club,3,finished,FETCHED,COMPLETE,FULL_MATCH,0,0
2026-08-30,2026-08-30,1,0,2026-08-30T19:30:00+00:00,ESP,Spanien,140,LaLiga2,calendar-2026-27,2026/27,5868420,7869,Córdoba,7878,Granada,3,finished,FETCHED,COMPLETE,FULL_MATCH,3,2_PLUS
2026-08-30,2026-08-30,1,0,2026-08-30T19:30:00+00:00,POR,Portugal,61,Liga Portugal,calendar-2026-27,2026/27,5887614,1634,Famalicão,9764,Gil Vicente,4,finished,FETCHED,COMPLETE,FULL_MATCH,0,0
2026-08-30,2026-08-30,1,0,2026-08-30T20:00:00+00:00,USA,USA,10282,MLS Next Pro,calendar-2026-27,2026/27,1000007744,614322,Portland Timbers 2,1451870,Austin FC II,27,finished,FETCHED,COMPLETE,FULL_MATCH,2,2_PLUS
2026-08-30,2026-08-30,1,0,2026-08-30T20:00:00+00:00,CAN,Kanada,10872,Northern Super League,calendar-2026-27,2026/27,1000009211,1739721,AFC Toronto,1739719,Ottawa Rapid FC,Regular Season,finished,FETCHED,COMPLETE,FULL_MATCH,3,2_PLUS
2026-08-30,2026-08-30,1,0,2026-08-30T20:00:00+00:00,ARG,Argentinien,112,Liga Profesional,calendar-2026-27,2026/27,5115963,10086,Argentinos Juniors,161728,Aldosivi,7,finished,FETCHED,COMPLETE,FULL_MATCH,2,2_PLUS
2026-08-30,2026-08-30,1,0,2026-08-30T20:30:00+00:00,ECU,Ecuador,246,Serie A,calendar-2026-27,2026/27,1000009084,1014174,Orense,6609,CSD Macará,27,finished,FETCHED,COMPLETE,FULL_MATCH,1,1
2026-08-30,2026-08-30,1,0,2026-08-30T20:30:00+00:00,PER,Peru,131,Liga 1,calendar-2026-27,2026/27,1000017216,4412,Sport Boys,1848,Sporting Cristal,Clausura - Round 7,finished,FETCHED,COMPLETE,FULL_MATCH,0,0
2026-08-30,2026-08-30,1,0,2026-08-30T20:30:00+00:00,USA,USA,130,MLS,calendar-2026-27,2026/27,5071307,6001,Columbus,6580,New England,22,finished,FETCHED,COMPLETE,FULL_MATCH,1,1
2026-08-30,2026-08-30,1,0,2026-08-30T21:00:00+00:00,BRA,Brasilien,8814,Serie B,calendar-2026-27,2026/27,5190687,104821,CRB,7729,Criciúma,25,finished,FETCHED,COMPLETE,FULL_MATCH,1,1
2026-08-30,2026-08-30,1,0,2026-08-30T21:10:00+00:00,COL,Kolumbien,274,Primera A,calendar-2026-27,2026/27,1000014118,2528,Independiente Medellín,348397,Llaneros FC,Clausura - Round 8,finished,FETCHED,COMPLETE,FULL_MATCH,0,0
2026-08-30,2026-08-30,1,0,2026-08-30T21:30:00+00:00,CHI,Chile,273,Liga de Primera,calendar-2026-27,2026/27,1000013212,7815,Colo Colo,4058,Audax Italiano,21,finished,FETCHED,COMPLETE,FULL_MATCH,3,2_PLUS
2026-08-30,2026-08-30,1,0,2026-08-30T21:30:00+00:00,PAR,Paraguay,199,Division Profesional,calendar-2026-27,2026/27,1000017391,1893,Guaraní,1242560,Sportivo Ameliano,Clausura - Round 7,finished,FETCHED,COMPLETE,FULL_MATCH,1,1
2026-08-30,2026-08-30,1,0,2026-08-30T21:30:00+00:00,BRA,Brasilien,268,Serie A,calendar-2026-27,2026/27,5103608,163782,Mirassol,10283,Palmeiras,25,finished,FETCHED,COMPLETE,FULL_MATCH,2,2_PLUS
2026-08-30,2026-08-30,1,0,2026-08-30T21:30:00+00:00,BRA,Brasilien,268,Serie A,calendar-2026-27,2026/27,5103610,9769,Grêmio,197693,Chapecoense,25,finished,FETCHED,COMPLETE,FULL_MATCH,1,1
2026-08-30,2026-08-30,1,0,2026-08-30T21:30:00+00:00,BRA,Brasilien,8814,Serie B,calendar-2026-27,2026/27,5190688,109706,Vila Nova,172341,Ceará,25,finished,FETCHED,COMPLETE,FULL_MATCH,1,1
2026-08-30,"2026-08-30,2026-08-31",2,1,2026-08-30T22:00:00+00:00,CAN,Kanada,9986,Premier League,calendar-2026-27,2026/27,1000008696,1022953,Pacific FC,1022948,HFX Wanderers FC,20,finished,FETCHED,COMPLETE,FULL_MATCH,5,2_PLUS
2026-08-30,"2026-08-30,2026-08-31",2,1,2026-08-30T22:15:00+00:00,ARG,Argentinien,112,Liga Profesional,calendar-2026-27,2026/27,5115971,10078,Independiente,568727,Gimnasia Mendoza,7,finished,FETCHED,COMPLETE,FULL_MATCH,2,2_PLUS
2026-08-30,"2026-08-30,2026-08-31",2,1,2026-08-30T22:30:00+00:00,BRA,Brasilien,268,Serie A,calendar-2026-27,2026/27,5103612,7877,Bahia,8702,Internacional,25,finished,FETCHED,COMPLETE,FULL_MATCH,1,1
2026-08-30,"2026-08-30,2026-08-31",2,1,2026-08-30T23:00:00+00:00,USA,USA,10282,MLS Next Pro,calendar-2026-27,2026/27,1000007748,1348104,Houston Dynamo 2,1348105,Minnesota United 2,27,finished,FETCHED,COMPLETE,FULL_MATCH,2,2_PLUS
2026-08-30,"2026-08-30,2026-08-31",2,1,2026-08-30T23:00:00+00:00,USA,USA,10282,MLS Next Pro,calendar-2026-27,2026/27,1000007749,1121686,New England Revolution II,1445755,Huntsville City FC,27,finished,FETCHED,COMPLETE,FULL_MATCH,3,2_PLUS
2026-08-30,"2026-08-30,2026-08-31",2,1,2026-08-30T23:00:00+00:00,USA,USA,10282,MLS Next Pro,calendar-2026-27,2026/27,1000007750,722266,Orlando City B,1451868,Crown Legacy FC,27,finished,FETCHED,COMPLETE,FULL_MATCH,3,2_PLUS
2026-08-30,"2026-08-30,2026-08-31",2,1,2026-08-30T23:00:00+00:00,USA,USA,10282,MLS Next Pro,calendar-2026-27,2026/27,1000007751,614326,Vancouver Whitecaps 2,722268,Sporting Kansas City II,27,finished,FETCHED,COMPLETE,FULL_MATCH,4,2_PLUS
2026-08-30,"2026-08-30,2026-08-31",2,1,2026-08-30T23:00:00+00:00,ECU,Ecuador,246,Serie A,calendar-2026-27,2026/27,1000009088,1850,Emelec,1370528,Leones del Norte,27,finished,FETCHED,COMPLETE,FULL_MATCH,1,1
2026-08-30,"2026-08-30,2026-08-31",2,1,2026-08-30T23:00:00+00:00,USA,USA,130,MLS,calendar-2026-27,2026/27,5071320,1427963,St. Louis City,6399,Dallas,22,finished,FETCHED,COMPLETE,FULL_MATCH,3,2_PLUS
2026-08-30,"2026-08-30,2026-08-31",2,1,2026-08-30T23:00:00+00:00,USA,USA,9134,NWSL,calendar-2026-27,2026/27,5161623,433031,Seattle Reign FC (W),521233,Houston Dash (W),0,finished,FETCHED,COMPLETE,FULL_MATCH,1,1
2026-08-30,"2026-08-30,2026-08-31",2,1,2026-08-30T23:15:00+00:00,COL,Kolumbien,274,Primera A,calendar-2026-27,2026/27,1000014122,4403,Millonarios,47240,Internacional de Bogotá,Clausura - Round 8,finished,FETCHED,COMPLETE,FULL_MATCH,0,0
2026-08-30,"2026-08-30,2026-08-31",2,1,2026-08-31T00:00:00+00:00,CHI,Chile,273,Liga de Primera,calendar-2026-27,2026/27,1000013215,4062,Coquimbo Unido,4056,Huachipato,21,<object object at 0x000002B8843FB3A0>,FETCHED,COMPLETE,FULL_MATCH,1,1
2026-08-30,"2026-08-30,2026-08-31",2,1,2026-08-31T00:00:00+00:00,MEX,Mexiko,230,Liga MX,calendar-2026-27,2026/27,1000014551,6618,Toluca,649424,Juárez,6,finished,FETCHED,COMPLETE,FULL_MATCH,2,2_PLUS
2026-08-30,"2026-08-30,2026-08-31",2,1,2026-08-31T00:00:00+00:00,PER,Peru,131,Liga 1,calendar-2026-27,2026/27,1000017210,1845,Cienciano,305171,Cusco FC,Clausura - Round 7,finished,FETCHED,COMPLETE,FULL_MATCH,2,2_PLUS
2026-08-30,"2026-08-30,2026-08-31",2,1,2026-08-31T00:30:00+00:00,ARG,Argentinien,112,Liga Profesional,calendar-2026-27,2026/27,5115972,161729,Independiente Rivadavia,10080,Racing Club,7,finished,FETCHED,COMPLETE,FULL_MATCH,2,2_PLUS
2026-08-30,"2026-08-30,2026-08-31",2,1,2026-08-31T01:20:00+00:00,COL,Kolumbien,274,Primera A,calendar-2026-27,2026/27,1000014126,6387,Deportivo Cali,4401,Bucaramanga,Clausura - Round 8,finished,FETCHED,COMPLETE,FULL_MATCH,2,2_PLUS
2026-08-30,"2026-08-30,2026-08-31",2,1,2026-08-31T01:30:00+00:00,USA,USA,10282,MLS Next Pro,calendar-2026-27,2026/27,1000007745,614324,Real Monarchs SLC,614327,Tacoma Defiance,27,finished,FETCHED,COMPLETE,FULL_MATCH,3,2_PLUS
2026-08-30,"2026-08-30,2026-08-31",2,1,2026-08-31T02:10:00+00:00,MEX,Mexiko,230,Liga MX,calendar-2026-27,2026/27,1000014552,7849,Monterrey,6358,San Luis,6,finished,FETCHED,COMPLETE,FULL_MATCH,2,2_PLUS
2026-08-30,"2026-08-30,2026-08-31",2,1,2026-08-31T02:30:00+00:00,USA,USA,10282,MLS Next Pro,calendar-2026-27,2026/27,1000007747,1348115,San Jose Earthquakes II,1451871,Los Angeles FC II,27,finished,FETCHED,COMPLETE,FULL_MATCH,3,2_PLUS
2026-08-31,2026-08-31,1,0,2026-08-31T12:00:00+00:00,ENG,England,9084,Premier League 2,calendar-2026-27,2026/27,1000019107,2128213,Bournemouth U21,773660,Middlesbrough U21,2,finished,FETCHED,COMPLETE,FULL_MATCH,2,2_PLUS
2026-08-31,2026-08-31,1,0,2026-08-31T12:00:00+00:00,ENG,England,9084,Premier League 2,calendar-2026-27,2026/27,1000019108,2054260,Brentford U21,773657,Sunderland U21,2,finished,FETCHED,COMPLETE,FULL_MATCH,5,2_PLUS
2026-08-31,2026-08-31,1,0,2026-08-31T12:00:00+00:00,ENG,England,9084,Premier League 2,calendar-2026-27,2026/27,1000019109,773652,Chelsea U21,773649,West Ham United U21,2,finished,FETCHED,COMPLETE,FULL_MATCH,5,2_PLUS
2026-08-31,2026-08-31,1,0,2026-08-31T12:00:00+00:00,ENG,England,9084,Premier League 2,calendar-2026-27,2026/27,1000019110,773680,Derby County U21,773656,West Bromwich Albion U21,2,finished,FETCHED,COMPLETE,FULL_MATCH,6,2_PLUS
2026-08-31,2026-08-31,1,0,2026-08-31T13:00:00+00:00,ENG,England,9084,Premier League 2,calendar-2026-27,2026/27,1000019111,1070257,Manchester United U21,773642,Leicester City U21,2,finished,FETCHED,COMPLETE,FULL_MATCH,1,1
2026-08-31,2026-08-31,1,0,2026-08-31T13:00:00+00:00,ENG,England,9084,Premier League 2,calendar-2026-27,2026/27,1000019112,860802,Tottenham Hotspur U21,1796111,Birmingham U21,2,finished,FETCHED,COMPLETE,FULL_MATCH,3,2_PLUS
2026-08-31,2026-08-31,1,0,2026-08-31T14:00:00+00:00,EGY,Ägypten,519,Premier League,calendar-2026-27,2026/27,5996702,139526,Asyut Petroleum,687954,National Bank,3,finished,FETCHED,COMPLETE,FULL_MATCH,1,1
2026-08-31,2026-08-31,1,0,2026-08-31T14:30:00+00:00,LVA,Lettland,226,Virsliga,calendar-2026-27,2026/27,5162055,8016,FK Liepāja,624924,Riga FC,28,finished,FETCHED,COMPLETE,FULL_MATCH,2,2_PLUS
2026-08-31,2026-08-31,1,0,2026-08-31T16:00:00+00:00,FIN,Finnland,51,Veikkausliiga,calendar-2026-27,2026/27,5147633,4449,AC Oulu,162162,SJK,22,finished,FETCHED,COMPLETE,FULL_MATCH,0,0
2026-08-31,2026-08-31,1,0,2026-08-31T16:00:00+00:00,FIN,Finnland,51,Veikkausliiga,calendar-2026-27,2026/27,5147634,6550,FC Inter Turku,1693,KuPS,22,finished,FETCHED,COMPLETE,FULL_MATCH,1,1
2026-08-31,2026-08-31,1,0,2026-08-31T16:00:00+00:00,FIN,Finnland,51,Veikkausliiga,calendar-2026-27,2026/27,5147635,2361,IF Gnistan,6633,TPS,22,finished,FETCHED,COMPLETE,FULL_MATCH,2,2_PLUS
2026-08-31,2026-08-31,1,0,2026-08-31T16:00:00+00:00,FIN,Finnland,51,Veikkausliiga,calendar-2026-27,2026/27,5147636,6634,IFK Mariehamn,8473,FF Jaro,22,finished,FETCHED,COMPLETE,FULL_MATCH,2,2_PLUS
2026-08-31,2026-08-31,1,0,2026-08-31T16:00:00+00:00,FIN,Finnland,51,Veikkausliiga,calendar-2026-27,2026/27,5147637,162146,Ilves,9861,HJK,22,finished,FETCHED,COMPLETE,FULL_MATCH,3,2_PLUS
2026-08-31,2026-08-31,1,0,2026-08-31T16:00:00+00:00,FIN,Finnland,51,Veikkausliiga,calendar-2026-27,2026/27,5147638,6597,VPS,8424,FC Lahti,22,finished,FETCHED,COMPLETE,FULL_MATCH,0,0
2026-08-31,2026-08-31,1,0,2026-08-31T16:00:00+00:00,GER,Deutschland,9676,Frauen Bundesliga,calendar-2026-27,2026/27,5934508,671935,Bayern München (W),1638033,Mainz 05 (W),2,finished,FETCHED,COMPLETE,FULL_MATCH,1,1
2026-08-31,2026-08-31,1,0,2026-08-31T16:05:00+00:00,KSA,Saudi-Arabien,10721,Saudi First Division,calendar-2026-27,2026/27,1000018432,1017726,Al Bukayriyah,582816,Al-Adalah,3,finished,FETCHED,COMPLETE,FULL_MATCH,0,0
2026-08-31,2026-08-31,1,0,2026-08-31T16:05:00+00:00,KSA,Saudi-Arabien,10721,Saudi First Division,calendar-2026-27,2026/27,1000018433,2026233,Al-Saqer FC,582759,Al Akhdoud,3,finished,FETCHED,COMPLETE,FULL_MATCH,0,0
2026-08-31,2026-08-31,1,0,2026-08-31T16:30:00+00:00,ITA,Italien,55,Serie A,calendar-2026-27,2026/27,5749656,9888,Lecce,8686,Roma,2,finished,FETCHED,COMPLETE,FULL_MATCH,1,1
2026-08-31,2026-08-31,1,0,2026-08-31T16:30:00+00:00,CRO,Kroatien,252,HNL,calendar-2026-27,2026/27,5765960,10154,Hajduk Split,175388,NK Lokomotiva,5,finished,FETCHED,COMPLETE,FULL_MATCH,1,1
2026-08-31,2026-08-31,1,0,2026-08-31T16:30:00+00:00,GRE,Griechenland,135,Super League 1,calendar-2026-27,2026/27,5943236,4493,Levadiakos,10200,Panathinaikos,2,finished,FETCHED,COMPLETE,FULL_MATCH,1,1
2026-08-31,2026-08-31,1,0,2026-08-31T17:00:00+00:00,SRB,Serbien,182,Super Liga,calendar-2026-27,2026/27,1000015116,7998,Partizan Beograd,8692,OFK Beograd,7,finished,FETCHED,COMPLETE,FULL_MATCH,3,2_PLUS
2026-08-31,2026-08-31,1,0,2026-08-31T17:00:00+00:00,SWE,Schweden,67,Allsvenskan,calendar-2026-27,2026/27,5107582,9802,Djurgården,8127,Mjällby,19,finished,FETCHED,COMPLETE,FULL_MATCH,1,1
2026-08-31,2026-08-31,1,0,2026-08-31T17:00:00+00:00,SWE,Schweden,67,Allsvenskan,calendar-2026-27,2026/27,5107584,8297,GAIS,8501,Brommapojkarna,19,finished,FETCHED,COMPLETE,FULL_MATCH,2,2_PLUS
2026-08-31,2026-08-31,1,0,2026-08-31T17:00:00+00:00,SWE,Schweden,67,Allsvenskan,calendar-2026-27,2026/27,5107587,6694,Sirius,10237,Malmö FF,19,finished,FETCHED,COMPLETE,FULL_MATCH,0,0
2026-08-31,2026-08-31,1,0,2026-08-31T17:00:00+00:00,DEN,Dänemark,46,Superligaen,calendar-2026-27,2026/27,5739496,8391,FC København,8487,Sønderjyske,6,finished,FETCHED,COMPLETE,FULL_MATCH,1,1
2026-08-31,2026-08-31,1,0,2026-08-31T17:00:00+00:00,ESP,Spanien,140,LaLiga2,calendar-2026-27,2026/27,5868417,7876,Burgos CF,161744,Real Sociedad B,3,finished,FETCHED,COMPLETE,FULL_MATCH,2,2_PLUS
2026-08-31,2026-08-31,1,0,2026-08-31T17:00:00+00:00,EGY,Ägypten,519,Premier League,calendar-2026-27,2026/27,5996703,101762,Al Masry SC,517894,Pyramids FC,3,finished,FETCHED,COMPLETE,FULL_MATCH,0,0
2026-08-31,2026-08-31,1,0,2026-08-31T17:00:00+00:00,EGY,Ägypten,519,Premier League,calendar-2026-27,2026/27,5996704,80591,Zamalek SC,103017,Petrojet-Suez,3,finished,FETCHED,COMPLETE,FULL_MATCH,2,2_PLUS
2026-08-31,2026-08-31,1,0,2026-08-31T17:30:00+00:00,ISR,Israel,127,Ligat ha'Al,calendar-2026-27,2026/27,1000015258,7855,Maccabi Tel Aviv,10185,Maccabi Haifa,2,finished,FETCHED,COMPLETE,FULL_MATCH,2,2_PLUS
2026-08-31,2026-08-31,1,0,2026-08-31T17:30:00+00:00,ROU,Rumänien,189,Liga I,calendar-2026-27,2026/27,5853484,9738,Rapid București,480286,Universitatea Craiova,7,finished,FETCHED,COMPLETE,FULL_MATCH,1,1
2026-08-31,2026-08-31,1,0,2026-08-31T17:30:00+00:00,ESP,Spanien,87,LaLiga,calendar-2026-27,2026/27,5868036,8371,Osasuna,8305,Getafe,3,finished,FETCHED,COMPLETE,FULL_MATCH,0,0
2026-08-31,2026-08-31,1,0,2026-08-31T17:40:00+00:00,KSA,Saudi-Arabien,10721,Saudi First Division,calendar-2026-27,2026/27,1000018434,101917,Al Taee,1652183,Al-Jandal,3,finished,FETCHED,COMPLETE,FULL_MATCH,2,2_PLUS
2026-08-31,2026-08-31,1,0,2026-08-31T18:00:00+00:00,ENG,England,9084,Premier League 2,calendar-2026-27,2026/27,1000019113,773678,Brighton & Hove Albion U21,950214,Arsenal U21,2,finished,FETCHED,COMPLETE,FULL_MATCH,3,2_PLUS
2026-08-31,2026-08-31,1,0,2026-08-31T18:00:00+00:00,ENG,England,9084,Premier League 2,calendar-2026-27,2026/27,1000019114,860798,Newcastle United U21,860801,Fulham U21,2,finished,FETCHED,COMPLETE,FULL_MATCH,2,2_PLUS
2026-08-31,2026-08-31,1,0,2026-08-31T18:00:00+00:00,NED,Niederlande,111,Eerste Divisie,calendar-2026-27,2026/27,5832845,681217,Jong AZ Alkmaar,278960,Jong FC Utrecht,8,finished,FETCHED,COMPLETE,FULL_MATCH,1,1
2026-08-31,2026-08-31,1,0,2026-08-31T18:00:00+00:00,NED,Niederlande,111,Eerste Divisie,calendar-2026-27,2026/27,5832846,455494,Jong PSV,163363,Jong Ajax,8,finished,FETCHED,COMPLETE,FULL_MATCH,1,1
2026-08-31,2026-08-31,1,0,2026-08-31T18:15:00+00:00,SUI,Schweiz,163,Challenge League,calendar-2026-27,2026/27,5804577,10175,Wil,9930,Aarau,6,finished,FETCHED,COMPLETE,FULL_MATCH,2,2_PLUS
2026-08-31,2026-08-31,1,0,2026-08-31T18:30:00+00:00,TUR,Türkei,71,Süper Lig,calendar-2026-27,2026/27,5904725,96498,Amed Sportif,9752,Trabzonspor,3,finished,FETCHED,COMPLETE,FULL_MATCH,1,1
2026-08-31,2026-08-31,1,0,2026-08-31T18:30:00+00:00,TUR,Türkei,71,Süper Lig,calendar-2026-27,2026/27,5904729,10188,Beşiktaş,357274,Çorum FK,3,finished,FETCHED,COMPLETE,FULL_MATCH,6,2_PLUS
2026-08-31,2026-08-31,1,0,2026-08-31T18:45:00+00:00,ITA,Italien,55,Serie A,calendar-2026-27,2026/27,5749651,8524,Atalanta,9857,Bologna,2,finished,FETCHED,COMPLETE,FULL_MATCH,1,1
2026-08-31,2026-08-31,1,0,2026-08-31T18:45:00+00:00,FRA,Frankreich,110,Ligue 2,calendar-2026-27,2026/27,5803238,9836,Dijon,9853,Saint-Étienne,4,finished,FETCHED,COMPLETE,FULL_MATCH,3,2_PLUS
2026-08-31,2026-08-31,1,0,2026-08-31T19:00:00+00:00,ENG,England,47,Premier League,calendar-2026-27,2026/27,5795426,10252,Aston Villa,9825,Arsenal,2,finished,FETCHED,COMPLETE,FULL_MATCH,1,1
2026-08-31,2026-08-31,1,0,2026-08-31T19:15:00+00:00,ISL,Island,215,Besta deildin,calendar-2026-27,2026/27,5225722,8332,Breiðablik,6343,Stjarnan,21,finished,FETCHED,COMPLETE,FULL_MATCH,0,0
2026-08-31,2026-08-31,1,0,2026-08-31T19:15:00+00:00,POR,Portugal,61,Liga Portugal,calendar-2026-27,2026/27,5887612,10264,Braga,7844,Vitória de Guimarães,4,finished,FETCHED,COMPLETE,FULL_MATCH,1,1
2026-08-31,2026-08-31,1,0,2026-08-31T19:15:00+00:00,POR,Portugal,61,Liga Portugal,calendar-2026-27,2026/27,5887617,9772,Benfica,7842,Estoril,4,finished,FETCHED,COMPLETE,FULL_MATCH,2,2_PLUS
2026-08-31,2026-08-31,1,0,2026-08-31T19:30:00+00:00,CRO,Kroatien,252,HNL,calendar-2026-27,2026/27,5765914,206560,HNK Gorica,10162,Rijeka,5,finished,FETCHED,COMPLETE,FULL_MATCH,0,0
2026-08-31,2026-08-31,1,0,2026-08-31T19:30:00+00:00,ESP,Spanien,87,LaLiga,calendar-2026-27,2026/27,5868034,8634,Barcelona,8370,Rayo Vallecano,3,finished,FETCHED,COMPLETE,FULL_MATCH,4,2_PLUS
2026-08-31,2026-08-31,1,0,2026-08-31T19:30:00+00:00,ESP,Spanien,140,LaLiga2,calendar-2026-27,2026/27,5868419,161743,Celta Fortuna,10279,Castellón,3,finished,FETCHED,COMPLETE,FULL_MATCH,2,2_PLUS
2026-08-31,2026-08-31,1,1,2026-08-31T22:00:00+00:00,ARG,Argentinien,112,Liga Profesional,calendar-2026-27,2026/27,5115967,161730,Defensa y Justicia,10089,Club Atlético Platense,7,finished,FETCHED,COMPLETE,FULL_MATCH,1,1
2026-08-31,2026-08-31,1,1,2026-08-31T22:00:00+00:00,ARG,Argentinien,112,Liga Profesional,calendar-2026-27,2026/27,5115969,10094,Estudiantes,10201,Newell's Old Boys,7,finished,FETCHED,COMPLETE,FULL_MATCH,0,0
2026-08-31,2026-08-31,1,1,2026-08-31T22:15:00+00:00,CHI,Chile,273,Liga de Primera,calendar-2026-27,2026/27,1000013216,192435,Unión La Calera,1891,La Serena,21,finished,FETCHED,COMPLETE,FULL_MATCH,0,0
2026-08-31,2026-08-31,1,1,2026-08-31T22:30:00+00:00,BRA,Brasilien,8814,Serie B,calendar-2026-27,2026/27,5190683,8287,Fortaleza,197429,Operário-PR,25,finished,FETCHED,COMPLETE,FULL_MATCH,0,0
2026-08-31,2026-08-31,1,1,2026-08-31T23:00:00+00:00,COL,Kolumbien,274,Primera A,calendar-2026-27,2026/27,1000014125,4405,Deportivo Pasto,4404,Deportivo Pereira,Clausura - Round 8,finished,FETCHED,COMPLETE,FULL_MATCH,0,0
2026-08-31,2026-08-31,1,1,2026-08-31T23:00:00+00:00,BRA,Brasilien,268,Serie A,calendar-2026-27,2026/27,5103613,1626,Remo,9767,Coritiba,25,finished,FETCHED,COMPLETE,FULL_MATCH,5,2_PLUS
2026-08-31,2026-08-31,1,1,2026-09-01T00:00:00+00:00,USA,USA,9134,NWSL,calendar-2026-27,2026/27,5161624,1795723,Boston Legacy FC (W),1335914,Angel City FC (W),0,finished,FETCHED,COMPLETE,FULL_MATCH,3,2_PLUS
2026-08-31,2026-08-31,1,1,2026-09-01T00:15:00+00:00,ARG,Argentinien,112,Liga Profesional,calendar-2026-27,2026/27,5115973,10090,Instituto,10083,San Lorenzo,7,finished,FETCHED,COMPLETE,FULL_MATCH,1,1
2026-08-31,2026-08-31,1,1,2026-09-01T00:15:00+00:00,ARG,Argentinien,112,Liga Profesional,calendar-2026-27,2026/27,5115976,89396,Tigre,213534,Barracas Central,7,finished,FETCHED,COMPLETE,FULL_MATCH,0,0
2026-08-31,2026-08-31,1,1,2026-09-01T00:45:00+00:00,CHI,Chile,273,Liga de Primera,calendar-2026-27,2026/27,1000013213,6458,Universidad Católica,6296,O'Higgins,21,finished,FETCHED,COMPLETE,FULL_MATCH,2,2_PLUS
2026-08-31,2026-08-31,1,1,2026-09-01T01:05:00+00:00,COL,Kolumbien,274,Primera A,calendar-2026-27,2026/27,1000014117,1894,Tolima,6254,Cúcuta,Clausura - Round 8,finished,FETCHED,COMPLETE,FULL_MATCH,3,2_PLUS
